rid,year,authors,title,journal,pmid,doi,access,verified,relevance_max,dims,found_by
R001,1858,Wallman,,,,,web_snippet,False,peripheral,pathology;terminology_history,wb-textbooks
R002,1858,Wallmann H,Eine colloidcyste im dritten hirnventrikel und ein lipom im plexes choroides,Virchows Archiv für Pathologische Anatomie,,,web_snippet,False,peripheral,pathology;terminology_history,wb-classical
R003,1886,De Graff HW [as printed],Zur Anatomie und Entwickelung der Epiphyse bei Amphibien und Reptilien,Zoologischer Anzeiger [garbled in source],,,metadata_only,False,peripheral,anatomy;ontogeny;terminology_history,wb-classical
R004,1891,Selenka E,Das Stirnorgan der Wirbeltiere,Biologisches Centralblatt,,,web_snippet,False,relevant,ontogeny;phylogeny;terminology_history,wb-classical
R005,1892,Burckhardt R,Das CNS. von Protopterus annectens,Berlin: J. Sittenfeld (monograph),,,web_snippet,False,relevant,anatomy;phylogeny;terminology_history,r1-web-1
R006,1894,Burckhardt R,Die Homologien des Zwischenhirndaches und ihre Bedeutung für die Morphologie des Hirns bei niederen Vertebraten,Anatomischer Anzeiger,,,metadata_only,False,relevant,anatomy;phylogeny;terminology_history,wb-classical
R007,1894,Burckhardt R,Die Homologien des Zwischenhirndaches bei Reptilien und Vögeln,Anatomischer Anzeiger,,,web_snippet,False,relevant,anatomy;ontogeny;phylogeny,wb-classical
R008,1894,Hill CL,The epiphysis of teleosts and Amia,Journal of Morphology,,,metadata_only,False,peripheral,anatomy;phylogeny,wb-classical
R009,1894,Sorensen,Comparative study of the epiphysis and roof of the diencephalon,Journal of Comparative Neurology,,,metadata_only,False,relevant,anatomy;phylogeny,wb-classical
R010,1895,Leydig F,Zur Kenntnis der Zirbel und Parietalorgane. Fortgesetzte Studien,Abhandlungen der Senckenbergischen Naturforschenden Gesellschaft,,,metadata_only,False,peripheral,anatomy;terminology_history,wb-classical
R011,1895,Studnicka FK,Zur Anatomie der sog. Paraphyse des Wirbelthiergehirns,Sitzungsberichte der Königlichen Böhmischen Gesellschaft der Wissenschaften in Prag,,,metadata_only,False,core,anatomy;phylogeny;terminology_history,wb-classical;wb-textbooks
R012,1899,Melchers F,"Über rudimentäre Hirnanhangsgebilde beim Gecko (Epi-, Para- und Hypophyse)",Zeitschrift für wissenschaftliche Zoologie,,,metadata_only,False,relevant,anatomy;ontogeny;phylogeny,wb-classical
R013,1900,Stemmler,Die Entwicklung der Anhänge am Zwischenhirndach beim Gecko,Leipzig dissertation,,,metadata_only,False,relevant,anatomy;ontogeny,wb-classical;wb-textbooks
R014,1902,Dexter F,The development of the paraphysis in the common fowl,American Journal of Anatomy,,10.1002/aja.1000020103,web_snippet,False,core,anatomy;ontogeny;phylogeny;terminology_history,wb-classical
R015,1903,Dexter F,The development of the paraphysis in the common fowl,,,,web_snippet,False,core,anatomy;ontogeny;phylogeny,wb-textbooks
R016,1905,Studnicka FK,Die Parietalorgane,"In: Oppel A (ed) Lehrbuch der vergleichenden mikroskopischen Anatomie der Wirbeltiere, Teil V. Gustav Fischer, Jena",,,web_snippet,False,relevant,anatomy;histology;phylogeny;terminology_history,wb-classical;wb-textbooks
R017,1905,Warren J,The Development of the Paraphysis and the Pineal Region in Necturus Maculatus,American Journal of Anatomy,,10.1002/aja.1000050102,web_snippet,False,core,anatomy;ontogeny;phylogeny,wb-classical;wb-textbooks
R018,1906,Chiarugi G,Delia regione parafisaria del telencefalo e di alcuni ispessimenti del corrispondente ectoderma tegumentario in enihrioni di Torpedo ocellata,Archivio Italiano di Anatomia e di Embriologia,,,metadata_only,False,core,anatomy;ontogeny;phylogeny,wb-textbooks
R019,1909,Johnston JB,The morphology of the forebrain vesicle in vertebrates,Journal of Comparative Neurology and Psychology,,,web_snippet,False,peripheral,anatomy;ontogeny;phylogeny;terminology_history,wb-classical;wb-textbooks
R020,1909,Sjövall,,,,,web_snippet,False,peripheral,pathology;terminology_history,wb-textbooks
R021,1909,Sjövall E,Über eine Ependymcyste embryonalen Charakters (Paraphyse?) im dritten Hirnventrikel mit tödlichem Ausgang,Beiträge zur Pathologischen Anatomie,,,web_snippet,False,relevant,pathology;terminology_history,wb-classical
R022,1910,"Keibel F, Mall FP (eds)",Manual of Human Embryology,"[Book, 2 vols] J. B. Lippincott, Philadelphia and London (1910-1912)",,,metadata_only,False,peripheral,anatomy;ontogeny;terminology_history,wb-textbooks
R023,1910,Reese AM,"Development of the brain of the American alligator: the paraphysis and hypophysis, with five plates",Smithsonian Miscellaneous Collections,,,metadata_only,False,core,anatomy;ontogeny;phylogeny,wb-classical;wb-textbooks
R024,1911,Dendy A,"On the structure, development and morphological interpretation of the pineal organs and adjacent parts of the brain in the tuatara (Sphenodon punctatus)",Philosophical Transactions of the Royal Society of London. Series B,,,metadata_only,False,peripheral,anatomy;ontogeny;phylogeny,wb-classical;wb-textbooks
R025,1911,Warren J,Paraphysis and Pineal Region in Reptilia,American Journal of Anatomy,,,metadata_only,False,core,anatomy;ontogeny;phylogeny,wb-textbooks
R026,1911,Warren J,The development of the paraphysis and pineal region in Reptilia,American Journal of Anatomy,,,web_snippet,False,core,anatomy;ontogeny;phylogeny,wb-classical
R027,1912,Streeter GL,The development of the nervous system,"In: Keibel F, Mall FP (eds). Manual of Human Embryology, vol. 2. J.B. Lippincott",,,web_snippet,False,relevant,anatomy;ontogeny;phylogeny;terminology_history,wb-human-clinical
R028,1916,Bailey P,Morphology of the roof plate of the fore-brain and the lateral choroid plexuses in the human embryo,Journal of Comparative Neurology,,,web_snippet,False,peripheral,anatomy;ontogeny,wb-classical;wb-textbooks
R029,1916,Bailey P,The morphology and morphogenesis of the choroid plexuses with especial reference to the development of the lateral telencephalic plexus in Chrysemys marginata,Journal of Comparative Neurology,,,metadata_only,False,peripheral,anatomy;histology;ontogeny;phylogeny,wb-classical;wb-textbooks
R030,1917,Warren J,On the pineal region in human embryos,,,,metadata_only,False,peripheral,anatomy;ontogeny,wb-classical
R031,1917,Warren J,The development of the paraphysis and pineal region in mammalia,Journal of Comparative Neurology,,10.1002/cne.900280103,web_snippet,False,core,anatomy;ontogeny;phylogeny;terminology_history,wb-classical;wb-textbooks
R032,1919,"Tilney F, Warren LF",The morphology and evolutional significance of the pineal body,,,,metadata_only,False,peripheral,phylogeny;terminology_history,wb-classical
R033,1920,Ariëns Kappers CU,Die vergleichende Anatomie des Nervensystems der Wirbeltiere und des Menschen,"[Book, 2 vols] Bohn, Haarlem (1920-1921)",,,metadata_only,False,peripheral,anatomy;phylogeny,wb-textbooks
R034,1921,Hines M,The Embryonic Cerebral Hemisphere in Man.,Journal of anatomy,17103931,,metadata_only,True,peripheral,ontogeny;terminology_history,wb-human-clinical
R035,1922,,Die epithelialen Gebilde am Gehirn der Wirbeltiere. I,,,10.1007/bf02593712,metadata_only,False,peripheral,anatomy;histology,wb-classical
R036,1923,Hines M,The development of the telencephalon in Sphenodon punctatum,Journal of Comparative Neurology,,,metadata_only,False,relevant,anatomy;ontogeny;phylogeny,wb-textbooks
R037,1925,"Holmgren N, van der Horst CJ",Contribution to the morphology of the brain of Ceratodus,Acta Zoologica,,10.1111/j.1463-6395.1925.tb00262.x,metadata_only,False,peripheral,anatomy;phylogeny,wb-classical;wb-textbooks
R038,1929,Ariëns Kappers CU,"The evolution of the nervous system in invertebrates, vertebrates and man","[Book] Bohn, Haarlem (vi + 335 p.)",,,metadata_only,False,peripheral,anatomy;phylogeny,wb-textbooks
R039,1929,"Fulton JF, Bailey P",Tumours in the region of the third ventricle; their diagnosis and relation to pathological sleep,Journal of nervous and mental disease,,,web_snippet,False,peripheral,pathology;terminology_history,wb-human-clinical
R040,1932,"Byrom FB, Russell DS",Ependymal cyst of the third ventricle associated with diabetes mellitus,Lancet,,,metadata_only,False,peripheral,pathology,wb-classical
R041,1936,"Ariëns Kappers CU, Huber GC, Crosby EC","The comparative anatomy of the nervous system of vertebrates, including man","[Book, 2 vols] Macmillan, New York (Hafner reprint 1960, 3 vols)",,,metadata_only,False,peripheral,anatomy;phylogeny;terminology_history,wb-textbooks
R042,1936,"Kappers CUA, Huber GC, Crosby EC","The comparative anatomy of the nervous system of vertebrates, including man (2 vols)",New York: Macmillan (book),,,metadata_only,False,peripheral,anatomy;phylogeny;terminology_history,wb-classical
R043,1940,"Gladstone RJ, Wakeley CPG","The pineal organ: the comparative anatomy of median and lateral eyes, with special reference to the origin of the pineal body; and a description of the human pineal organ considered from the clinical and surgical standpoints","London: Baillière, Tindall & Cox (book)",,,web_snippet,False,relevant,anatomy;ontogeny;phylogeny;terminology_history,wb-classical
R044,1940,"Gladstone RJ, Wakeley CPG",The Pineal Organ: the comparative anatomy of median and lateral eyes,"[Book] Baillière, Tindall & Cox, London (xvi + 528 pp)",,,web_snippet,False,relevant,anatomy;ontogeny;phylogeny,wb-textbooks
R045,1943,"Bargmann W, Hellman T, Watzka M (eds)","Handbuch der mikroskopischen Anatomie des Menschen, Bd 6/4: Innersekretorische Drüsen III: Thymus, Paraganglien, Epiphyse","[Handbook volume] Springer, Berlin (contains chapter 'Die Epiphysis cerebri')",,,metadata_only,False,peripheral,anatomy;histology,wb-textbooks
R046,1945,Rudebeck B,Contributions to forebrain morphology in Dipnoi,Acta Zoologica,,10.1111/j.1463-6395.1945.tb00017.x,metadata_only,False,peripheral,anatomy;ontogeny;phylogeny,wb-classical
R047,1946,Wilson AA,Colloid (paraphisial) cysts of the third ventricle; report of case with removal and recovery.,The West Virginia medical journal,21016699,,metadata_only,True,peripheral,pathology;terminology_history,wb-nonenglish
R048,1947,"Quercy P, Rigaldies R",[On the epiphyseal region; The backpack; Calculations of the epiphysis and the dorsal sac].,Revue neurologique,20273083,,metadata_only,True,irrelevant,pathology,pm-core
R049,1948,"Dublin WB, Brown RW",Paraphysial cyst of third ventricle.,Northwest medicine,18868351,,metadata_only,True,relevant,pathology;terminology_history,pm-clinical;pm-core
R050,1949,Ariens Kappers J,Preliminary data on the function of the paraphysis cerebri in Urodela.,Experientia,18225014,10.1007/bf02174433,metadata_only,True,core,physiology,pm-adjacent;pm-core
R051,1949,Greenwood J,Paraphysial cysts of the third ventricle; with report of eight cases.,Journal of neurosurgery,18114372,10.3171/jns.1949.6.2.0153,metadata_only,True,relevant,pathology;terminology_history,pm-clinical;pm-core
R052,1949,Van de Kamer JC,"Over de ontwikkeling, de determinatie en de betekenis van de epiphyse en de paraphyse van de amphibien",Arnhem: van der Wiel (dissertation/monograph),,,web_snippet,False,core,ontogeny;phylogeny;physiology,wb-nonenglish
R053,1949,Van De Kamer JC,[The normal development of epiphyse and paraphyse in amblystoma].,Nederlands tijdschrift voor geneeskunde,18147572,,metadata_only,True,core,anatomy;ontogeny,pm-core
R054,1950,Ariëns-Kappers J,The development and structure of the paraphysis cerebri in urodeles with experiments on its function in Amblystoma mexicanum,Journal of Comparative Neurology,,10.1002/cne.900920106,metadata_only,False,core,anatomy;histology;ontogeny;physiology,wb-classical
R055,1950,Mendizabal P,[Intermittent growth dysplasia or familial paraphysial chondroexostohyperostosis].,Cirugia y cirujanos,24537072,,metadata_only,True,irrelevant,,pm-core
R056,1951,"Cairns H, Mosberg WH",Colloid cyst of the third ventricle.,"Surgery, gynecology & obstetrics",14835211,,metadata_only,True,peripheral,pathology,wb-human-clinical
R057,1951,Kelly R,Colloid cysts of the third ventricle; analysis of twenty-nine cases.,Brain : a journal of neurology,14830663,10.1093/brain/74.1.23,metadata_only,True,peripheral,pathology,wb-human-clinical
R058,1951,McKissock W,The surgical treatment of colloid cyst of the third ventricle; a report based upon twenty-one personal cases.,Brain : a journal of neurology,14830661,10.1093/brain/74.1.1,metadata_only,True,peripheral,pathology,wb-human-clinical
R059,1951,"Schwartz J, Hansen JL",Paraphysial cyst of the third ventricle; report of a case with autopsy observations.,A.M.A. archives of pathology,14868155,,metadata_only,True,relevant,pathology;terminology_history,pm-clinical;pm-core
R060,1952,"Wislocki GB, Leduc EH","Vital staining of the hematoencephalic barrier by silver nitrate and trypan blue, and cytological comparisons of the neurohypophysis, pineal body, area postrema, intercolumnar tubercle and supraoptic crest.",The Journal of comparative neurology,14946259,10.1002/cne.900960302,metadata_only,True,peripheral,anatomy;histology;physiology,pm-adjacent;pm-core
R061,1953,Ariens Kappers J,[The so-called paraphyseal cystose tumors of the third cerebral ventricle].,Geneeskundige gids,13107993,,metadata_only,True,relevant,pathology;terminology_history,pm-clinical;pm-core
R062,1953,Burrows RE,Paraphysial cyst of the third ventricle of the brain.,The Illinois medical journal,13096084,,metadata_only,True,relevant,pathology;terminology_history,pm-clinical;pm-core
R063,1953,"Poppen JL, Reyes V, Horrax G",Colloid cysts of the third ventricle; report of seven cases.,Journal of neurosurgery,13053254,10.3171/jns.1953.10.3.0242,metadata_only,True,peripheral,pathology,wb-human-clinical
R064,1953,Trost E,"[Embryology, histogenesis and histology of epiphysis, paraphysis, velum transversum, dorsal sack and subcommissural organ in Anguis fragilis, Chalcides ocellatus and Natrix natrix].",Acta anatomica,13104016,,metadata_only,True,core,anatomy;histology;ontogeny;phylogeny,pm-adjacent;pm-core
R065,1954,,Colloid Cyst of 3rd Ventricle : Clinico-Pathological Conference.,The Medical journal of the South-West,28907815,,pmc_fulltext,True,relevant,ontogeny;pathology;terminology_history,wb-human-clinical
R066,1954,Brizzee KR,"A comparison of cell structure in the area postrema, supraoptic crest, and intercolumnar tubercle with notes on the neurohypophysis and pineal body in the cat.",The Journal of comparative neurology,13192215,10.1002/cne.901000310,metadata_only,True,peripheral,anatomy;histology,pm-adjacent;pm-core
R067,1954,"Mosberg WH, Blackwood W",Mucus-secreting cells in colloid cysts of the third ventricle,Journal of Neuropathology and Experimental Neurology,13175038,10.1097/00005072-195407000-00002,metadata_only,True,peripheral,histology;pathology,wb-classical
R068,1955,Ariens Kappers J,"[Certain less known functions of the choroid plexus of the telencephalon: hemopoiesis, formation of epiplexus cells and absorption].","Folia psychiatrica, neurologica et neurochirurgica Neerlandica",13262230,,metadata_only,True,peripheral,histology;physiology,pm-core
R069,1955,"Dempsey EW, Wislocki GB","An electron microscopic study of the blood-brain barrier in the rat, employing silver nitrate as a vital stain.",The Journal of biophysical and biochemical cytology,13242590,10.1083/jcb.1.3.245,pmc_fulltext,True,peripheral,anatomy;histology;physiology,pm-adjacent;pm-core
R070,1955,Kappers JA,The development of the paraphysis cerebri in man with comments on its relationship to the intercolumnar tubercle and its significance for the origin of cystic tumors in the third ventricle.,The Journal of comparative neurology,14381543,10.1002/cne.901020205,metadata_only,True,core,anatomy;ontogeny;pathology;terminology_history,pm-adjacent;pm-core
R071,1955,KRABBE KH,Development of the pineal organ and a rudimentary parietal eye in some birds.,The Journal of comparative neurology,13263447,10.1002/cne.901030109,metadata_only,True,peripheral,ontogeny;phylogeny,r1-pubmed-2
R072,1955,"Tramezzani JH, Uranga J",[Positive Gomori substance and antidiuretic activity of the choroid plexus of the third ventricle of toads].,Revista de la Sociedad Argentina de Biologia,13323629,,metadata_only,True,peripheral,histology;physiology,wb-nonenglish
R073,1955,"Tramezzani JH, Uranga JV",[Gomori-positive substance and antidiuretic activity of the choroid plexus of the third ventricle of toads].,Comptes rendus des seances de la Societe de biologie et de ses filiales,13317206,,metadata_only,True,peripheral,histology;physiology,wb-nonenglish
R074,1956,Ariens Kappers J,"On the development, structure and function of the paraphysis cerebri.",Progress in neurobiology,13441789,,metadata_only,True,core,anatomy;histology;ontogeny;physiology,pm-adjacent;pm-core
R075,1956,"Glazer NM, Hauser H, Slade HW",Paraphyseal or colloid cysts of the third ventricle.,Radiology,13359714,10.1148/67.3.351,metadata_only,True,relevant,pathology;terminology_history,pm-clinical;pm-core
R076,1956,Kappers JA,[Development of the paraphysis cerebri in Scylliorhinus caniculus].,Nederlands tijdschrift voor geneeskunde,13387865,,metadata_only,True,core,ontogeny;phylogeny,pm-adjacent;pm-core
R077,1956,"Legait H, Legait E",[Structure of the innervation of the ependymal organs of the third ventricle in batrachians and reptiles].,Comptes rendus des seances de la Societe de biologie et de ses filiales,13427292,,metadata_only,True,peripheral,anatomy,pm-core
R078,1956,"Slade HW, Glazer NM",Paraphysial cyst of the third ventricle.,American journal of surgery,13292639,10.1016/0002-9610(56)90187-8,metadata_only,True,relevant,pathology;terminology_history,pm-clinical;pm-core
R079,1957,Dorn E,[Fine structure of paraphysis of Protopterus annectens].,"Zeitschrift fur Zellforschung und mikroskopische Anatomie (Vienna, Austria : 1948)",13456992,,metadata_only,True,core,anatomy;histology;phylogeny,pm-adjacent;pm-core
R080,1957,"Legait H, Legait E",[Cerebral changes secondary to ablation or cauterization of the paraphysis in Rana esculenta].,Comptes rendus des seances de la Societe de biologie et de ses filiales,13523926,,metadata_only,True,core,pathology;physiology,pm-adjacent;pm-core
R081,1957,Watermann R,[The problem of homology of the subfornical organ and the paraphysis].,Acta anatomica,13434643,,metadata_only,True,core,anatomy;phylogeny;terminology_history,pm-adjacent;pm-core
R082,1958,"Kappers JA, Ten Kate I, De Bruyn HJ",On mast cells in the choroid plexus of the axolotl (Ambystoma mex.).,"Zeitschrift fur Zellforschung und mikroskopische Anatomie (Vienna, Austria : 1948)",13625921,10.1007/bf00398650,metadata_only,True,peripheral,anatomy;histology,pm-core
R083,1958,"Testut L, Latarjet A",Tratado de anatomía humana,"[Textbook] Salvat Editores, Barcelona (9th Spanish ed.; tomo 2: angiología, sistema nervioso central)",,,metadata_only,False,peripheral,anatomy;terminology_history,wb-textbooks
R084,1958,Van De Kamer JC,[Histological and cytological study on the ependyma and its derivatives (particularly the pineal body and the saccus vasculosus) in lower vertebrates].,Experientia,13548119,10.1007/bf02158640,metadata_only,True,peripheral,histology;phylogeny,pm-core
R085,1958,"Yenermen MH, Bowerman CI, Haymaker W",Colloid cyst of the third ventricle; a clinical study of 54 cases in the light of previous publications.,Acta neurovegetativa,13594315,10.1007/bf01227769,metadata_only,True,peripheral,pathology,wb-human-clinical
R086,1959,"Heaven RC, Young EF",Paraphysial (colloid) cysts of the third ventricle: report of eight cases with special attention to diagnostic features.,Bulletin of the Los Angeles Neurological Society,14400452,,metadata_only,True,relevant,pathology;terminology_history,pm-clinical;pm-core
R087,1959,Holmgren U,"On the pineal area and adjacent structures of the brain of the dipnoan fish, Protopterus annectens (Owen)","Breviora (Museum of Comparative Zoology, Harvard University)",,,web_snippet,False,relevant,anatomy;phylogeny;terminology_history,wb-classical;wb-textbooks
R088,1959,Sharp JA,Developmental changes in the interventricular foramen.,Journal of anatomy,13620613,,metadata_only,True,peripheral,anatomy;ontogeny,pm-clinical
R089,1960,Gemperlein J,Paraphyseal cysts of the third ventricle. Report of two cases in infants.,Journal of neuropathology and experimental neurology,13827253,10.1097/00005072-196001000-00015,metadata_only,True,relevant,pathology;terminology_history,pm-clinical;pm-core
R090,1961,"Hullay J, Gal J",[On cysts of the foramen of Monro (para-physeal cysts of the 3d ventricle)].,Acta chirurgica Academiae Scientiarum Hungaricae,13716754,,metadata_only,True,peripheral,pathology;terminology_history,pm-core
R091,1962,Kenefick JN,Paraphysial cyst.,Journal. Iowa State Medical Society,14455134,,metadata_only,True,peripheral,pathology;terminology_history,pm-core
R092,1962,Oksche A,"[Histological, histochemical and experimental studies on the subcommissural organ of Anura (with reference to the epiphysial complex)].",Zeitschrift fur Zellforschung und mikroskopische Anatomie,14481594,,metadata_only,True,peripheral,histology;physiology,wb-nonenglish
R093,1962,Pontenagel M,[Electron microscope studies on the ependyma of the choroid plexus in Rana esculenta and Rana fusca (Roesel)].,Zeitschrift fur mikroskopisch-anatomische Forschung,14487814,,metadata_only,True,peripheral,histology,wb-nonenglish
R094,1962,Wolff F,"[Functional histological studies on the choroid plexus of Rana temporaria L., with special reference to the problem of secretion].",Zeitschrift fur Zellforschung und mikroskopische Anatomie,14008005,,metadata_only,True,peripheral,histology;physiology,wb-nonenglish
R095,1963,"Cassinari V, Bernasconi V",[TUMORS OF THE ANTERIOR PART OF THE 3RD CEREBRAL VENTRICLE].,Acta neurochirurgica,14059249,10.1007/bf01402006,metadata_only,True,peripheral,pathology,wb-nonenglish
R096,1964,"Coxe WS, Luse SA",COLLOID CYST OF THIRD VENTRICLE. AN ELECTRON MICROSCOPIC STUDY.,Journal of neuropathology and experimental neurology,14193250,10.1097/00005072-196407000-00003,metadata_only,True,relevant,histology;pathology;terminology_history,wb-human-clinical
R097,1964,Kelly DE,AN ULTRASTRUCTURAL ANALYSIS OF THE PARAPHYSIS CEREBRI IN NEWTS.,"Zeitschrift fur Zellforschung und mikroskopische Anatomie (Vienna, Austria : 1948)",14338282,10.1007/bf00323310,metadata_only,True,core,anatomy;histology,pm-adjacent;pm-core
R098,1964,"Krohn W, Wittstruck KP, Slade HW",PARAPHYSIAL CYST OF THIRD VENTRICLE.,Texas state journal of medicine,14178304,,metadata_only,True,relevant,pathology;terminology_history,pm-clinical;pm-core
R099,1965,,Vascular supply of the epiphysis and paraphysis in reptiles,"In: Ariëns Kappers J, Schadé JP (eds) Structure and Function of the Epiphysis Cerebri. Progress in Brain Research 10. Elsevier, Amsterdam",,,metadata_only,False,relevant,anatomy;phylogeny,wb-textbooks
R100,1965,"Ariëns Kappers J, Schadé JP","Structure and function of the epiphysis cerebri (Kappers JA, Schadé JP, eds.)",Amsterdam: Elsevier (Progress in Brain Research),,,metadata_only,False,peripheral,physiology;terminology_history,wb-classical
R101,1965,"Ariëns Kappers J, Schadé JP (eds)","Structure and Function of the Epiphysis Cerebri (Progress in Brain Research, vol. 10)","[Book series volume] Progress in Brain Research 10, Elsevier, Amsterdam (xv + 694 pp)",,,metadata_only,False,relevant,anatomy;histology;phylogeny;physiology,wb-textbooks
R102,1965,Breucker H,[Comparative electron microscopic studies on the saccus dorsalis of teleosts],Verhandlungen der Anatomischen Gesellschaft,5836797,,metadata_only,True,peripheral,histology;phylogeny,pm-adjacent
R103,1965,Lierse W,[THE BLOOD SUPPLY OF THE EPIPHYSIS AND PARA-EPIPHYSIS IN REPTILES].,Progress in brain research,14281602,,metadata_only,True,peripheral,anatomy;terminology_history,pm-core
R104,1965,"Meller K, Wechsler W",[ELECTRON MICROSCOPIC STUDY ON THE DEVELOPMENT OF THE CHOROID PLEXUS OF THE TELENCEPHALON IN POULTRY].,"Zeitschrift fur Zellforschung und mikroskopische Anatomie (Vienna, Austria : 1948)",14330552,,metadata_only,True,peripheral,histology;ontogeny,pm-molecular-physio
R105,1965,NIEUWENHUYS R,THE FOREBRAIN OF THE CROSSOPTERYGIAN LATIMERIA CHALUMNAE SMITH,Journal of morphology,14336222,10.1002/jmor.1051170102,metadata_only,True,peripheral,anatomy;phylogeny,pm-adjacent
R106,1965,"Shuangshoti S, Roberts MP, Netsky MG",NEUROEPITHELIAL (COLLOID) CYSTS: PATHOGENESIS AND RELATION TO CHOROID PLEXUS AND EPENDYMA.,Archives of pathology,14322940,,metadata_only,True,relevant,ontogeny;pathology;terminology_history,wb-human-clinical
R107,1965,Stockem W,[On ontogenesis and function of the paraphysis of Amphibia].,"Zeitschrift fur Zellforschung und mikroskopische Anatomie (Vienna, Austria : 1948)",5886456,,metadata_only,True,core,ontogeny;physiology,pm-clinical;pm-core
R108,1965,Van De Kamer JC,"HISTOLOGICAL STRUCTURE AND CYTOLOGY OF THE PINEAL COMPLEX IN FISHES, AMPHIBIANS AND REPTILES.",Progress in brain research,14281610,10.1016/s0079-6123(08)63446-9,metadata_only,True,peripheral,histology;phylogeny,pm-core
R109,1966,Carpenter SJ,An electron microscopic study of the choroid plexuses of Necturus maculosus.,The Journal of comparative neurology,5968004,10.1002/cne.901270309,metadata_only,True,peripheral,histology,pm-core
R110,1966,"Shuangshoti S, Netsky MG",Choroid plexus and paraphysis in lower vertebrates.,Journal of Morphology,5969766,10.1002/jmor.1051200204,wiley_passage,True,core,anatomy;histology;phylogeny;terminology_history,pm-adjacent;pm-core;wy-phylogeny
R111,1966,"Shuangshoti S, Netsky MG",Histogenesis of choroid plexus in man,American Journal of Anatomy,5915034,10.1002/aja.1001180114,wiley_passage,True,relevant,histology;ontogeny;phylogeny;terminology_history,wy-phylogeny
R112,1966,Smith DE,Morphological changes occurring in the developing chick choroid plexus.,The Journal of comparative neurology,4165376,10.1002/cne.901270306,metadata_only,True,peripheral,histology;ontogeny;physiology,pm-molecular-physio
R113,1966,"Stockem W, Weber W",[On the comparative embryology of the paraphysis in birds].,Zeitschrift fur Anatomie und Entwicklungsgeschichte,5982641,,metadata_only,True,core,ontogeny;phylogeny,pm-adjacent;pm-core
R114,1966,Vitale-Calpe R,Contribution to the study of the epithalamus of Bufo arenarum (Hensel). I. Histological observations on the epiphysis cerebri.,Acta anatomica,5957967,,metadata_only,True,peripheral,anatomy;histology,pm-core
R115,1967,"D'Agostino AN, Maruyama S",Necrosis in the telencephalic roof plate in normal rat fetuses. A light and electron microscopic study.,Journal of neuropathology and experimental neurology,6022140,,metadata_only,True,peripheral,histology;ontogeny,r1-pubmed-1
R116,1967,Srebro Z,The subfornical organ in frogs and its role in the regulation of the secretory activity of the paraphysis.,Journal fur Hirnforschung,6053712,,metadata_only,True,core,anatomy;physiology,pm-clinical;pm-core
R117,1968,Dempsey EW,"Fine-structure of the rat's intercolumnar tubercle and its adjacent ependyma and choroid plexus, with especial reference to the appearance of its sinusoidal vessels in experimental argyria.",Experimental neurology,4179460,10.1016/0014-4886(68)90150-7,metadata_only,True,peripheral,anatomy;histology,pm-adjacent;pm-core
R118,1968,"Oksche A, Kirschstein H",[Differences in the electron-microscopic structure of the sensory cells in the parietal eye and in the pineal body (epiphysis cerebri) of Lacertilia. A contribution to the problem of the epiphysis].,Zeitschrift fur Zellforschung und mikroskopische Anatomie,5707298,,metadata_only,True,peripheral,histology;phylogeny,wb-nonenglish
R119,1968,Paul E,"[Histochemical, electron microscopic and quantitative studies of glycogen storage in the choroid plexus of Rana temporaria L].","Zeitschrift fur Zellforschung und mikroskopische Anatomie (Vienna, Austria : 1948)",5722599,,metadata_only,True,peripheral,anatomy;histology,pm-core
R120,1968,Paul E,"[Histochemical studies on the choroid plexuses, the paraphysis cerebri, and the ependyma of Rana temporaria L].","Zeitschrift fur Zellforschung und mikroskopische Anatomie (Vienna, Austria : 1948)",5726727,,metadata_only,True,core,histology;physiology,pm-adjacent;pm-core
R121,1968,"Rakic P, Yakovlev PI",Development of the corpus callosum and cavum septi in man.,The Journal of comparative neurology,5293999,10.1002/cne.901320103,metadata_only,True,peripheral,anatomy;ontogeny,wb-human-clinical
R122,1968,Yakovlev PI,"Telencephalon ""impar"", ""semipar"" and ""totopar"". (Morphogenetic, tectogenetic and architectonic definitions).",International journal of neurology,5759636,,metadata_only,True,peripheral,anatomy;phylogeny;terminology_history,pm-adjacent;pm-core
R123,1969,Hauser R,[Dependence of normal tail regeneration in Xenopus larvae upon a diencephalic factor in the central canal].,Wilhelm Roux' Archiv fur Entwicklungsmechanik der Organismen,28304488,10.1007/bf00573532,pubmed_abstract,True,peripheral,phylogeny;physiology,pm-molecular-physio
R124,1969,"Kemali M, Braitenberg V",Atlas of the Frog's Brain,"[Book] Springer, Berlin (a bookseller lists 1970)",,,metadata_only,False,peripheral,anatomy,wb-textbooks
R125,1969,Petit A,[Embryogenesis of the epiphysis and subcommissural organ of the ring snake (Tropidonotus natrix L)].,"Archives d'anatomie, d'histologie et d'embryologie normales et experimentales",4926526,,metadata_only,True,peripheral,histology;ontogeny,wb-nonenglish
R126,1969,Ueck M,[Ultrastructural characteristics of the pineal sensory cells in Protopterus dolloi].,"Zeitschrift fur Zellforschung und mikroskopische Anatomie (Vienna, Austria : 1948)",5351196,,metadata_only,True,peripheral,histology;phylogeny,r1-web-1
R127,1970,"Agrawal RV, Gupta YP, Rajkondawar VL",Paraphyseal cyst (an autopsy report).,The Journal of the Association of Physicians of India,5474275,,metadata_only,True,relevant,pathology;terminology_history,pm-clinical;pm-core
R128,1970,"Meiniel A, Collin P","[Monoamines of the pineal organ during the intra-uterine stages of development of an amniote. Studies in Lacerta vivipara (Jacquin), Reptile, Lacertilian].",Comptes rendus hebdomadaires des seances de l'Academie des sciences. Serie D: Sciences naturelles,4995207,,metadata_only,True,peripheral,ontogeny;physiology,r1-pubmed-2
R129,1970,Paul E,[Comparative lectron microscopy findings on inclusions in the choroid plexus].,Verhandlungen der Anatomischen Gesellschaft,4330836,,metadata_only,True,peripheral,anatomy;histology,pm-core
R130,1970,Paul E,[Lipid globes in the plexus epithelium of Rana temporaria L].,"Zeitschrift fur Zellforschung und mikroskopische Anatomie (Vienna, Austria : 1948)",4322538,,metadata_only,True,peripheral,anatomy;histology,pm-core
R131,1970,Quay WB,Pineral structure and composition in the orangutan (Pongo pygmaeus),The Anatomical Record,,10.1002/ar.1091680108,wiley_passage,True,peripheral,anatomy,wy-phylogeny
R132,1971,"Alay F, Sotomayor R",Morfogénesis del complejo epifisial en Liolaemus gravenhorsti (Cray),Boletín del Museo Nacional de Historia Natural de Chile,,,web_snippet,False,peripheral,anatomy;ontogeny,wb-textbooks
R133,1971,"Collin JP, Meiniel A","[The pineal body. Combined ultrastructural, cytochemical (monoamines) and experimental studies in Testudo mauritanica. Dense granules of cells of the ""sensory"" line in the vertebrates].",Archives d'anatomie microscopique et de morphologie experimentale,5316755,,metadata_only,True,peripheral,histology;physiology,r1-pubmed-1
R134,1971,Hafeez MA,Light microscopic studies on the pineal organ in teleost fishes with special regard to its function,Journal of Morphology,,10.1002/jmor.1051340304,wiley_passage,True,peripheral,anatomy;phylogeny,wy-phylogeny
R135,1971,Paul E,[Experimental morphological studies of the glycogen body of the lumbar cord and of other glycogen-containing circumventricular organs].,Verhandlungen der Anatomischen Gesellschaft,5317339,,metadata_only,True,peripheral,anatomy;histology,pm-core
R136,1971,"Quay WB, Millar R",Organization and histology of the pineal region in the hyrax (Procavia capensis),American Journal of Anatomy,,10.1002/aja.1001300402,wiley_passage,True,peripheral,anatomy,wy-phylogeny
R137,1972,Mehring G,[Light and electron microscopy studies on the pineal organ of Testudo hermanni].,Anatomischer Anzeiger,5074706,,metadata_only,True,peripheral,histology,r1-pubmed-1
R138,1972,Paul E,[Enzyme histochemical and fluorescence microscopic studies of the choroid plexus and the paraphysus of Rana temporaria L].,"Zeitschrift fur Zellforschung und mikroskopische Anatomie (Vienna, Austria : 1948)",4537846,,metadata_only,True,core,histology;physiology,pm-core
R139,1973,,,,,10.11477/mf.1406203377,web_snippet,False,peripheral,pathology;terminology_history,wb-nonenglish
R140,1973,Landolt-Weber UM,[Ultrastructure of a third ventricle colloid cyst (author's transl)],Acta Neuropathologica,4747696,10.1007/bf00685523,metadata_only,True,peripheral,histology;pathology,wb-classical
R141,1973,Meineil A,[Embryonic pineal and parietal organ of lacerta vivipara j. fluorescence microscopic study with special regard to monoamines and selective incorporation of 3h-5-htp in secretory rudimentary photoreceptors (author's transl)].,"Archives d'anatomie, d'histologie et d'embryologie normales et experimentales",4611336,,metadata_only,True,peripheral,histology;ontogeny,r1-pubmed-2
R142,1973,"Vigh-Teichmann I, Vigh B, Aros B",CSF contacting axons and synapses in the lumen of the pineal organ.,"Zeitschrift fur Zellforschung und mikroskopische Anatomie (Vienna, Austria : 1948)",4358760,10.1007/bf00306690,metadata_only,True,peripheral,histology;phylogeny,r1-pubmed-1
R143,1974,"Danziger J, Bloch S",Paraphysial cysts of the third ventricle.,South African medical journal = Suid-Afrikaanse tydskrif vir geneeskunde,4374767,,metadata_only,True,relevant,pathology;terminology_history,pm-clinical;pm-core
R144,1974,"Fatzer R, Müller R, Fankhauser R",[Hyperplasia of epithalamic formations in a giant tortoise from the Seychelles].,Schweizer Archiv fur Tierheilkunde,4831291,,metadata_only,True,peripheral,anatomy;pathology,r1-pubmed-1
R145,1974,"Hirano A, Ghatak NR",The fine structure of colloid cysts of the third ventricle.,Journal of neuropathology and experimental neurology,4822572,10.1097/00005072-197404000-00009,metadata_only,True,peripheral,histology;pathology,pm-clinical
R146,1974,"Little JR, MacCarty CS",Colloid cysts of the third ventricle.,Journal of neurosurgery,4543624,10.3171/jns.1974.40.2.0230,metadata_only,True,peripheral,pathology,wb-human-clinical
R147,1974,"Sarnat HB, Netsky MG",Evolution of the Nervous System,"[Book] Oxford University Press, New York (2nd ed. dated 1981 or 1982 in different records)",,,metadata_only,False,peripheral,phylogeny,wb-textbooks
R148,1974,Ueck M,"[Comparative aspects to the neuroendocrine activity of the pineal complex of fishes, amphibia and birds (author's transl)].",Fortschritte der Zoologie,4426558,,metadata_only,True,peripheral,phylogeny;physiology,wb-nonenglish
R149,1975,"Ciric I, Zivin I",Neuroepithelial (colloid) cysts of the septum pellucidum.,Journal of neurosurgery,1079860,10.3171/jns.1975.43.1.0069,pubmed_abstract,True,relevant,anatomy;ontogeny;pathology;terminology_history,wb-human-clinical
R150,1975,Diederen JH,A possible functional relationship between the subcommissural organ and the pineal complex and lateral eyes in Rana esculenta and Rana temporaria.,Cell and tissue research,1080077,10.1007/bf00219950,pubmed_abstract,True,peripheral,phylogeny;physiology,pm-molecular-physio
R151,1975,"Hirano A, Matsui T, Zimmerman HM",[The fine structure of epithelial cyst in the central nervous system (author's transl)].,No shinkei geka. Neurological surgery,1238944,,pubmed_abstract,True,peripheral,histology;pathology,pm-molecular-physio
R152,1975,"Meiniel A, Collin J-P, Roux M",[Pineal organ and parietal eye of Lacerta vivipara: a qualitative and quantitative microscopic study of the uptake of 3H-5-hydroxytryptophan during ontogenesis].,Journal of neural transmission,1080800,10.1007/bf01253129,pubmed_abstract,True,peripheral,ontogeny;physiology,pm-adjacent;pm-core
R153,1975,"Shuangshoti S, Phonprasert C, Suwanwela N, Netsky MG",Combined neuroepithelial (colloid) cyst and xanthogranuloma (xanthoma) in the third ventricle.,Neurology,1168873,10.1212/wnl.25.6.547,pubmed_abstract,True,relevant,histology;pathology;terminology_history,wb-human-clinical
R154,1975,Yoko Y,Early development of the cerebral vesicles in man.,Acta anatomica,1155007,,pubmed_abstract,True,peripheral,anatomy;ontogeny,pm-clinical
R155,1976,馬場元毅ほか5名,第3脳室Colloid Cystについて—1手術例と1剖検例の報告 (Colloid Cysts of the Third Ventricle: Report of One Operated and One Autopsied Case),脳と神経 (Brain and Nerve),,10.11477/mf.1436200509,web_snippet,False,peripheral,pathology;terminology_history,wb-nonenglish
R156,1976,"Gundy GC, Wurst GZ",Parietal eye-pineal morphology in lizards and its physiological implications.,The Anatomical record,970660,10.1002/ar.1091850404,pubmed_abstract,True,peripheral,anatomy;phylogeny,snow-refs
R157,1976,"Jansen WF, de Weger RA, Woutersen RA, van Loveren H, van de Kamer JC","The saccus dorsalis of the rainbow trout, Salmo gairdneri Richardson: histological, cytochemical, electron microscopical and autoradiographical observations",Cell and tissue research,131647,10.1007/bf00215179,pubmed_abstract,True,peripheral,anatomy;histology;physiology,pm-adjacent
R158,1976,"Jansen WF, van Loveren H, Woutersen RA, de Weger RA","Enzyme-cytochemistry of the saccus dorsalis of the rainbow trout, Salmo gairdneri Richardson",Histochemistry,828629,10.1007/bf00499246,pubmed_abstract,True,peripheral,histology;physiology,pm-adjacent
R159,1976,"Kennaway D, Seamark RF","Proceedings: Pineal gland changes during the period of blastocyst activation in the tammar wallaby, Macropus eugenii.",Journal of reproduction and fertility,1255596,10.1530/jrf.0.0460503,metadata_only,True,peripheral,physiology,r1-pubmed-1
R160,1976,McNulty JA,A comparative study of the pineal complex in the deep-sea fishes Bathylagus Wesethi and Nezumia liolepis.,Cell and tissue research,991212,10.1007/bf00226028,pubmed_abstract,True,relevant,anatomy;histology;phylogeny,pm-adjacent;pm-core
R161,1976,"McNulty JA, Nafpaktitis BG",The structure and development of the pineal complex in the lanternfish Triphoturus mexicanus (family mycotphidae).,Journal of morphology,994190,,pubmed_abstract,True,peripheral,anatomy;histology;ontogeny,pm-adjacent;pm-core
R162,1976,Meiniel A,[Embryonic pineal organ of Lacerta vivipara J. II. Electron microscopic study of 3H-5-hydroxytryptophan (3H-5-HTP) incorporation in the secretory rudimentary photoreceptor cells (SRP). The gradient of biochemical differentiation (author's transl)].,Journal of neural transmission,1086344,10.1007/bf01256512,pubmed_abstract,True,peripheral,histology;ontogeny;physiology,r1-pubmed-2
R163,1976,Moller M,The ultrastructure of the human fetal pineal gland. II. Innervation and cell junctions.,Cell and tissue research,1277287,10.1007/bf00219303,pubmed_abstract,True,peripheral,histology;ontogeny,r1-pubmed-2
R164,1976,"Palacios E, Azar-Kia B, Shannon M, Messina AV",Neuroepithelial (colloid) cysts. Pathogenesis and unusual features.,AJR. American journal of roentgenology,175685,10.2214/ajr.126.1.56,pubmed_abstract,True,relevant,pathology;terminology_history,pm-adjacent;pm-clinical;pm-core
R165,1976,"Picard L, Leymarie F, Roland J, Sigiel M, Masson JP, André JM, Renard M",Cavum veli interpositi. Roentgen anatomy - pathology and physiology.,Neuroradiology,1256647,10.1007/bf00329998,pubmed_abstract,True,peripheral,anatomy,r1-pubmed-2
R166,1976,"Stastný F, Rychter Z",Effect of hydrocortisone on the growth of choroid plexus and composition of cerebrospinal fluid in the developing chick embryo.,Acta neurologica Scandinavica,1266572,10.1111/j.1600-0404.1976.tb04347.x,pubmed_abstract,True,peripheral,ontogeny;physiology,pm-molecular-physio
R167,1976,"Welsch U, Schubert C, Tan SH","Histological and histochemical observations on the neurosecretory cells in the diencephalon of Chthonerpeton indistinctum and Ichthyophis paucisulcus (Gymnophiona, Amphibia).",Cell and tissue research,1000601,10.1007/bf00232075,pubmed_abstract,True,peripheral,histology;phylogeny,r1-pubmed-1
R168,1977,"Ghatak NR, Kasoff I, Alexander E",Further observation on the fine structure of a colloid cyst of the third ventricle.,Acta neuropathologica,899738,10.1007/bf00703315,pubmed_abstract,True,relevant,histology;pathology,wb-human-clinical
R169,1977,"Hafeez MA, Merhige ME","Light and electron microscopic study on the pineal complex of the coelacanth, Latimeria chalumnae Smith",Cell and tissue research,844079,10.1007/bf00219052,pubmed_abstract,True,peripheral,anatomy;histology;phylogeny,pm-adjacent
R170,1977,"Haldar C, Thapliyal JP",Development of pineal complex in Calotes versicolor,"Archives d'anatomie, d'histologie et d'embryologie normales et experimentales",356730,,pubmed_abstract,True,relevant,histology;ontogeny;phylogeny,pm-adjacent
R171,1977,"Holbach KH, Gullotta F",[Contribution to the pathogenesis of intrasellar and intraventricular cysts (author's transl)].,Neurochirurgia,74026,10.1055/s-0028-1090376,pubmed_abstract,True,peripheral,histology;pathology,wb-human-clinical;wb-nonenglish
R172,1977,"McNulty JA, Nafpaktitis BG",Morphology of the pineal complex in seven species of lanternfishes (Pisces: Myctophidae).,The American journal of anatomy,596340,10.1002/aja.1001500402,wiley_passage,True,peripheral,anatomy;histology;phylogeny,pm-adjacent;pm-core;wy-phylogeny
R173,1977,Meiniel A,[5-hydroxytryptophan decarboxylase (5-HTPD) and monoamine oxidase (MAO) activities in the embryonic pineal organ of Lacerta vivipara J. A qualitative and quantitative microscopic study of the uptake of 3H-5-HTP under experimental conditions and the histochemistry of MAO (author's transl)].,Journal of neural transmission,303281,10.1007/bf01670280,pubmed_abstract,True,peripheral,histology;ontogeny;physiology,r1-pubmed-2
R174,1977,"Nieuwenhuys R, Kremers JP, van Huijzen C",The brain of the crossopterygian fish Latimeria chalumnae: a survey of its gross structure,Anatomy and embryology,920965,10.1007/bf00297478,metadata_only,True,peripheral,anatomy;phylogeny,pm-adjacent
R175,1977,"Powers JM, Dodds HM",Primary actinomycoma of the third ventricle--the colloid cyst. A histochemical and ultrastructural study.,Acta neuropathologica,842292,10.1007/bf00684535,pubmed_abstract,True,peripheral,histology;pathology,r1-pubmed-2
R176,1977,"Sharpe JA, Deck JH",Neuroepithelial cyst of the fourth ventricle. Case report.,Journal of neurosurgery,870630,10.3171/jns.1977.46.6.0820,pubmed_abstract,True,peripheral,ontogeny;pathology,r1-pubmed-2
R177,1977,"Shuangshoti S, Phisitbutr M, Kasantikul V, Netsky MG",Multiple neuroepithelial (colloid) cysts: association with other congenital anomalies.,Neurology,559265,10.1212/wnl.27.6.561,pubmed_abstract,True,peripheral,ontogeny;pathology,pm-clinical
R178,1977,Striteský J,Normative development of the chick telencephalic choroid plexus,Folia morphologica,336491,,metadata_only,True,peripheral,ontogeny,pm-adjacent
R179,1977,"Zanetti G, Gordini G","[A case of autoptic colloid cyst of the 3rd ventricle. Anatomic, clinical and histogenetic considerations].",Pathologica,593742,,metadata_only,True,peripheral,pathology,wb-nonenglish
R180,1978,"Calvo J, Boya J",Embryonic development of the pineal gland of the chicken (Gallus gallus).,Acta anatomica,665135,,pubmed_abstract,True,peripheral,histology;ontogeny,r1-pubmed-2
R181,1978,"Challa VR, Markesbery WR",Infratentorial neuroepithelial cyst (colloid cyst). Case report.,Journal of neurosurgery,682011,10.3171/jns.1978.49.3.0457,pubmed_abstract,True,relevant,pathology;terminology_history,pm-clinical;pm-core
R182,1978,Dellmann HD,Scanning and transmission electron microscopy of the subfornical organ of the grass frog (Rana pipiens).,Cell and tissue research,304767,10.1007/bf00225544,pubmed_abstract,True,peripheral,histology;phylogeny,r1-pubmed-2
R183,1978,"Owens DW, Ralph CL",The pineal-paraphyseal complex of sea turtles. I. Light microscopic description.,Journal of Morphology,731704,10.1002/jmor.1051580204,wiley_passage,True,core,anatomy;histology;phylogeny,pm-adjacent;pm-core;wy-phylogeny
R184,1978,"Shuangshoti S, Netsky MG, Switter DJ",Combined congenital vascular anomalies and neuroepithelial (colloid) cysts.,Neurology,565885,10.1212/wnl.28.6.552,pubmed_abstract,True,peripheral,histology;pathology,r1-pubmed-2
R185,1979,Brocklehurst G,The significance of the evolution of the cerebrospinal fluid system.,Annals of the Royal College of Surgeons of England,386891,,pubmed_abstract,True,relevant,anatomy;phylogeny;physiology,pm-adjacent;pm-core
R186,1979,"De Waele G, Dierickx K",Scanning electron microscopy of the wall of the third ventricle in the brain of Rana temporaria. Part IV.,Cell and tissue research,315821,10.1007/bf00234328,pubmed_abstract,True,peripheral,anatomy;histology,r1-pubmed-2
R187,1979,"Dellmann HD, Linner JG",Ultrastructure of the subfornical organ of the chicken (Gallus domesticus).,Cell and tissue research,455397,10.1007/bf00233559,pubmed_abstract,True,peripheral,histology;phylogeny,r1-pubmed-2
R188,1979,"Evans DC, Netsky MG, Allen VE, Kasantikul V",Empty sella secondary to suprasellar colloid cyst of foregut (respiratory) origin. Case report.,Journal of neurosurgery,448406,10.3171/jns.1979.51.1.0114,pubmed_abstract,True,peripheral,histology;pathology,pm-clinical
R189,1979,Kappers JA,Short history of pineal discovery and research,Progress in Brain Research,398533,10.1016/s0079-6123(08)62908-8,metadata_only,True,peripheral,terminology_history,wb-classical
R190,1979,"Kenny GC, Scheelings FT",Observations of the pineal region of non-eutherian mammals.,Cell and tissue research,466673,10.1007/bf00232013,pubmed_abstract,True,peripheral,anatomy;histology;phylogeny,r1-pubmed-1
R191,1979,Ling EA,Ultrastruct and origin of epiplexus cells in the telencephalic choroid plexus of postnatal rats studied by intravenous injection of carbon particles.,Journal of anatomy,541237,,pubmed_abstract,True,peripheral,histology;physiology,pm-molecular-physio
R192,1979,McNulty JA,"A comparative light and electron microscopic study of the pineal complex in the deep-sea fishes, Cyclothone signata and C. acclinidens.",Journal of morphology,501739,10.1002/jmor.1051620102,pubmed_abstract,True,peripheral,anatomy;histology;phylogeny,pm-adjacent;pm-core
R193,1979,"O'Rahilly R, Gardner E",The initial development of the human brain.,Acta anatomica,442966,10.1159/000145061,pubmed_abstract,True,peripheral,ontogeny;terminology_history,pm-adjacent;pm-core
R194,1979,"Pardatscher K, Rigobello L, Fiore D, Andrioli G, D'Avella D",[Value of computerised tomography in the diagnosis of colloid cyst of the third ventricle (author's transl)].,La Radiologia medica,317973,,pubmed_abstract,True,peripheral,pathology,wb-human-clinical;wb-nonenglish
R195,1979,Quay WB,The parietal eye-pineal complex,"In: Gans C, Northcutt RG, Ulinski P (eds) Biology of the Reptilia, vol 9, Neurology A. Academic Press, London/New York/San Francisco",,,metadata_only,False,peripheral,anatomy;histology;phylogeny,wb-textbooks
R196,1979,"Welsch U, Tan SH","[Enzyme histochemical study of the brain of Chthonerpeton indistinctum (Gymnophiona, Amphibia)].",Zeitschrift fur mikroskopisch-anatomische Forschung,524986,,pubmed_abstract,True,peripheral,histology;phylogeny,r1-pubmed-1
R197,1980,"Agnew WF, Yuen TG, Achtyl TR",Ultrastructural observations suggesting apocrine secretion in the choroid plexus: a comparative study,Neurological research,6107877,10.1080/01616412.1980.11739563,pubmed_abstract,True,peripheral,histology;phylogeny;physiology,pm-adjacent
R198,1980,"Cserr HF, Bundgaard M, Ashby JK, Murray M",On the anatomic relation of choroid plexus to brain: a comparative study,The American journal of physiology,7356050,10.1152/ajpregu.1980.238.1.r76,pubmed_abstract,True,peripheral,anatomy;phylogeny;physiology,pm-adjacent
R199,1980,Mezerová M,"[Neuroepithelial (choroidal, colloid) cyst in the 3d ventricle of the brain].",Ceskoslovenska patologie,7418050,,pubmed_abstract,True,peripheral,pathology;terminology_history,pm-molecular-physio
R200,1980,"Pasquier DA, Cannata MA, Tramezzani JH",Central connections of the toad neural lobe as shown by retrograde neuronal labeling: classical and new connections.,Brain research,6772271,10.1016/0006-8993(80)90864-1,pubmed_abstract,True,peripheral,anatomy;phylogeny;terminology_history,r1-pubmed-2
R201,1980,"Wegelin R, Sterba G",Extrahypothalamic peptidergic neurosecretion. II. Neurosecretion in the subfornical organ of Rana esculenta L.,Cell and tissue research,6965886,10.1007/bf00234447,pubmed_abstract,True,peripheral,histology;phylogeny;physiology,r1-pubmed-2
R202,1980,"Zaki W, Van der Loos H",[A new concept about the morphogenesis of the prosencephalon in mammals (author's transl)].,Archives d'anatomie microscopique et de morphologie experimentale,7447448,,pubmed_abstract,True,peripheral,histology;ontogeny,r1-pubmed-1
R203,1981,"Calvo J, Boya J",Embryonic development of the rat pineal gland.,The Anatomical record,7030142,10.1002/ar.1092000412,pubmed_abstract,True,peripheral,histology;ontogeny,r1-pubmed-2
R204,1981,"Calvo J, Boya J",Ultrastructural study of the embryonic development in the rat pineal gland.,The Anatomical record,7270913,10.1002/ar.1091990410,pubmed_abstract,True,peripheral,histology;ontogeny,r1-pubmed-2
R205,1981,"Carrato-Ibañez A, Azcoitia-Elias I","[Periodically striated structures in the subcommissural organ of Clemmys caspica leprosa (Chelonia, Testudinidae) (author's transl)].",Anatomischer Anzeiger,7305004,,pubmed_abstract,True,peripheral,histology,r1-pubmed-1
R206,1981,el-Gammal S,The development of the diencephalic choroid plexus in the chick. A scanning electron-microscopic study,Cell and tissue research,7273101,10.1007/bf00210150,pubmed_abstract,True,peripheral,histology;ontogeny,pm-adjacent
R207,1981,"Engbretson GA, Reiner A, Brecha N",Habenular asymmetry and the central connections of the parietal eye of the lizard.,The Journal of comparative neurology,7229138,10.1002/cne.901980113,wiley_passage,True,peripheral,anatomy;physiology,pm-adjacent;pm-core;wy-phylogeny
R208,1981,"Leestma JE, Konakci Y",Sudden unexpected death caused by neuroepithelial (colloid) cyst of the third ventricle.,Journal of forensic sciences,7252464,,pubmed_abstract,True,peripheral,pathology,pm-molecular-physio
R209,1981,"New PF, Davis KR",Intraventricular noncolloid neuroepithelial cysts.,AJNR. American journal of neuroradiology,6797281,,pubmed_abstract,True,peripheral,pathology,snow-refs
R210,1981,Probst FP,[Basic morphology and diagnosis of the prosencephaly malformation (author's transl)],Der Radiologe,6975486,,pubmed_abstract,True,irrelevant,pathology;terminology_history,pm-adjacent
R211,1981,"Sastry VK, Sathyanesan AG",A comparative study of the pineal complex of nineteen species of Indian freshwater fishes.,Journal fur Hirnforschung,7276545,,pubmed_abstract,True,peripheral,anatomy;phylogeny,pm-adjacent;pm-core
R212,1981,Vollrath L,The Pineal Organ,"Handbuch der mikroskopischen Anatomie des Menschen (Springer, Berlin; book)",,,web_snippet,False,peripheral,anatomy;histology,r1-web-1
R213,1981,"Zilles K, Welsch U, Schleicher A","The telencephalon of Ichthyophis paucisulcus (Amphibia, Gymnophiona (= Caecilia)). A quantitative cytoarchitectonic study.",Zeitschrift fur mikroskopisch-anatomische Forschung,7336818,,pubmed_abstract,True,peripheral,anatomy;phylogeny,r1-pubmed-1
R214,1982,"Bundgaard M, van Deurs B",Brain barrier systems in the lamprey. II. Ultrastructure and permeability of the choroid plexus,Brain research,7093722,10.1016/0006-8993(82)90644-8,pubmed_abstract,True,peripheral,histology;phylogeny;physiology,pm-adjacent
R215,1982,"Cole WC, Youson JH","Morphology of the pineal complex of the anadromous sea lamprey, Petromyzon marinus L",The American journal of anatomy,7148728,10.1002/aja.1001650205,pubmed_abstract,True,peripheral,anatomy;histology;phylogeny,pm-adjacent
R216,1982,"Engbretson GA, Brecha N, Reiner A",Substance P-like immunoreactivity in the parietal eye visual system of the lizard Uta stansburiana.,Cell and tissue research,6185229,10.1007/bf00204784,pubmed_abstract,True,peripheral,anatomy;histology;molecular;physiology,pm-adjacent;pm-core
R217,1982,"Fernández-Llebrez P, Becerra J, Marín-Girón F",Ultrastructure of the paraphysis cerebri of the water snake Natrix maura L.,The Journal of comparative neurology,7119164,10.1002/cne.902080405,wiley_passage,True,core,anatomy;histology;physiology,pm-clinical;pm-core;wy-phylogeny
R218,1982,Heinzmann U,X-ray induced dysplasia in the developing telencephalic choroid plexus of mice exposed in utero.,Teratology,7135257,10.1002/tera.1420260107,pubmed_abstract,True,peripheral,histology;ontogeny;pathology,pm-molecular-physio
R219,1982,"Jacobsen M, Clausen PP, Jacobsen GK, Saunders NR, Møllgård K","Intracellular plasma proteins in human fetal choroid plexus during development. I. Developmental stages in relation to the number of epithelial cells which contain albumin in telencephalic, diencephalic and myelencephalic choroid plexus.",Brain research,7034867,10.1016/0165-3806(82)90024-4,pubmed_abstract,True,peripheral,histology;ontogeny,pm-core
R220,1982,Kemali M,Third ventricle suprachoroidal cells.,The Anatomical record,6977279,10.1002/ar.1092020113,pubmed_abstract,True,peripheral,anatomy;histology,pm-core
R221,1982,"Leech RW, Freeman T, Johnson R",Colloid cyst of the third ventricle. A scanning and transmission electron microscopic study.,Journal of neurosurgery,7086487,10.3171/jns.1982.57.1.0108,pubmed_abstract,True,peripheral,histology;pathology,r1-pubmed-2
R222,1982,"Silver J, Lorenz SE, Wahlsten D, Coughlin J","Axonal guidance during development of the great cerebral commissures: descriptive and experimental studies, in vivo, on the role of preformed glial pathways.",The Journal of comparative neurology,7130467,10.1002/cne.902100103,pubmed_abstract,True,peripheral,anatomy;ontogeny;phylogeny,r1-pubmed-1
R223,1982,"Van den Dungen HM, Buijs RM, Pool CW, Terlou M",The distribution of vasotocin and isotocin in the brain of the rainbow trout.,The Journal of comparative neurology,6765094,10.1002/cne.902120205,pubmed_abstract,True,peripheral,anatomy;histology,wy-anatomy-histology
R224,1982,Witzig EP,[Statistical study of the colloid cyst of the 3rd ventricle (so-called cyst of the paraphysis). Clinico-anatomical series of 75 cases].,Acta neurologica Belgica,7148386,,pubmed_abstract,True,relevant,pathology;terminology_history,pm-adjacent;pm-clinical;pm-core
R225,1983,el-Gammal S,Regional surface changes during the development of the telencephalic choroid plexus in the chick. A scanning-electron microscopic study,Cell and tissue research,6850802,10.1007/bf00222178,pubmed_abstract,True,peripheral,histology;ontogeny,pm-adjacent
R226,1983,"Nelson SR, Foltz FM",Hypocalcemia and motor neuron degeneration in paraphysectomized frogs.,Experimental neurology,6600683,10.1016/0014-4886(83)90040-7,pubmed_abstract,True,core,pathology;physiology,pm-clinical;pm-core
R227,1983,"Smeets WJAJ, Nieuwenhuys R, Roberts BL",The central nervous system of cartilaginous fishes: structural and functional correlations,[Book] Springer,,10.1007/978-3-642-68923-9,metadata_only,False,peripheral,anatomy;phylogeny,wb-textbooks
R228,1983,"Williams JP, Joslyn JN",Lissencephaly: computed tomographic diagnosis.,The Journal of computed tomography,6872559,10.1016/0149-936x(83)90034-6,pubmed_abstract,True,peripheral,anatomy;pathology,pm-adjacent;pm-core
R229,1984,"Cserr HF, Bundgaard M",Blood-brain interfaces in vertebrates: a comparative approach.,The American journal of physiology,6367490,10.1152/ajpregu.1984.246.3.r277,pubmed_abstract,True,peripheral,phylogeny;physiology,r1-pubmed-1
R230,1984,"Müller F, O'Rahilly R",Cerebral dysraphia (future anencephaly) in a human twin embryo at stage 13,Teratology,6388010,10.1002/tera.1420300203,pubmed_abstract,True,peripheral,ontogeny;pathology,pm-adjacent
R231,1984,"Pfeiffer G, Friede RL",Unilateral hydrocephalus from early developmental occlusion of one foramen of Monro.,Acta neuropathologica,6475498,10.1007/bf00695610,pubmed_abstract,True,peripheral,ontogeny;pathology,pm-clinical
R232,1984,"Shimizu T, Waga S",Intraventricular noncolloid epithelial cyst in an infant.,Surgical neurology,6608160,10.1016/0090-3019(84)90340-9,pubmed_abstract,True,peripheral,pathology,pm-clinical
R233,1984,"Ueno S, Umar H, Bambauer HJ, Ueck M","Ultracytochemical localization of Ca++-ATPase activity in the paraphyseal epithelial cells of the frog, Rana esculenta.",Cell and tissue research,6230154,10.1007/bf00213716,pubmed_abstract,True,core,histology;physiology,pm-adjacent;pm-core
R234,1984,"Yagishita S, Itoh Y, Shiozawa T, Tanaka T",Ultrastructural observation on a colloid cyst of the third ventricle. A contribution to its pathogenesis.,Acta neuropathologica,6516801,10.1007/bf00689826,pubmed_abstract,True,peripheral,histology;pathology,pm-clinical
R235,1985,"Ling EA, Gopalakrishnakone P, Voon FC","Epiplexus cells in the embryos of the turtle, Trionyx sinensis.",Archivum histologicum Japonicum = Nihon soshikigaku kiroku,4084004,10.1679/aohc.48.355,pubmed_abstract,True,peripheral,histology;ontogeny,r1-pubmed-1
R236,1985,"Matsushima T, Fukui M, Kitamura K, Soejima T, Ohta M, Okano H",Mixed colloid cyst-xanthogranuloma of the third ventricle. A light and electron microscopic study.,Surgical neurology,4035556,10.1016/0090-3019(85)90308-8,pubmed_abstract,True,peripheral,histology;pathology,r1-pubmed-2
R237,1985,"Nelson SR, Foltz FM, Camarata P, Sarras MP",Occurrence of bone fractures and parathyroid hyperplasia in paraphysectomized frogs (Rana catesbeiana).,The Anatomical Record,3873185,10.1002/ar.1092110312,wiley_passage,True,core,pathology;physiology,pm-clinical;pm-core;wy-phylogeny
R238,1985,"Soni DD, Shrivastava BK",The paraphyseal/epiphyseal bar in Mollienisia sphenops (Cuv. et Val.).,Folia morphologica,4054742,,metadata_only,True,irrelevant,anatomy,pm-clinical;pm-core
R239,1986,"Ando K, Tagawa T, Ishikawa K, Takamura H, Yasuzumi F",A comparative study of the innervation of the choroid plexus in amphibia,Experientia,3082667,10.1007/bf02118624,pubmed_abstract,True,peripheral,histology;phylogeny;physiology,pm-adjacent
R240,1986,"Ibrahim AW, Farag H, Naguib M, Ibrahim E",Neuroepithelial (colloid) cyst of the third ventricle in identical twins. Case report.,Journal of neurosurgery,3734891,10.3171/jns.1986.65.3.0401,pubmed_abstract,True,peripheral,pathology,r1-pubmed-2
R241,1986,Kortmulder K,The congener; a neglected area in the study of behaviour.,Acta biotheoretica,3082090,10.1007/bf00118366,pubmed_abstract,True,irrelevant,,wb-nonenglish
R242,1986,"Müller F, O'Rahilly R",The development of the human brain and the closure of the rostral neuropore at stage 11.,Anatomy and embryology,3826651,10.1007/bf00389597,pubmed_abstract,True,peripheral,ontogeny;terminology_history,pm-adjacent;pm-core
R243,1986,"Mahapatra MS, Mahata SK, Maiti BR","Circadian rhythms in serotonin, norepinephrine, and epinephrine contents of the pineal-paraphyseal complex of the soft-shelled turtle (Lissemys punctata punctata).",General and comparative endocrinology,3557091,10.1016/0016-6480(86)90009-2,pubmed_abstract,True,relevant,physiology,pm-clinical;pm-core
R244,1986,"Massi M, De Caro G, Mazzarella L, Epstein AN",The role of the subfornical organ in the drinking behavior of the pigeon.,Brain research,3756505,10.1016/0006-8993(86)90079-x,pubmed_abstract,True,peripheral,phylogeny;physiology,r1-pubmed-2
R245,1986,"Sarras MP, Trune DR, Merisko EM, Foltz FM, Nelson SR",Paraphysectomy-induced stimulation of parathyroid glands in mature frogs (Rana catesbeiana): evidence for telencephalic regulation of parathyroid gland function.,Molecular and cellular endocrinology,3527813,10.1016/0303-7207(86)90016-x,pubmed_abstract,True,core,histology;physiology,pm-clinical;pm-core
R246,1986,Tsuneki K,A survey of occurrence of about seventeen circumventricular organs in brains of various vertebrates with special reference to lower groups.,Journal fur Hirnforschung,3760554,,pubmed_abstract,True,relevant,anatomy;phylogeny;terminology_history,pm-adjacent;pm-core
R247,1987,"Fernández-Llebrez P, Pérez J, Nadales AE, Pérez-Fígares JM, Rodríguez EM","Vascular and leptomeningeal projections of the subcommissural organ in reptiles. Lectin-histochemical, immunocytochemical, and ultrastructural studies.",Histochemistry,3692928,10.1007/bf00492478,pubmed_abstract,True,peripheral,histology;phylogeny,r1-pubmed-1
R248,1987,"Hochmeister M, Denk W, Lipowec W, Schratter I",[Fatal intracranial increase in pressure caused by a colloid cyst of the 3d ventricle not diagnosed intra vitam].,Wiener klinische Wochenschrift,3590800,,pubmed_abstract,True,peripheral,pathology;terminology_history,pm-clinical;pm-core
R249,1987,"Müller F, O'Rahilly R","The development of the human brain, the closure of the caudal neuropore, and the beginning of secondary neurulation at stage 12.",Anatomy and embryology,3688450,10.1007/bf00310083,pubmed_abstract,True,peripheral,ontogeny;terminology_history,pm-molecular-physio
R250,1987,"Mack A, Neuhaus J, Wolburg H",Relationship between orthogonal arrays of particles and tight junctions as demonstrated in cells of the ventricular wall of the rat brain.,Cell and tissue research,3607852,10.1007/bf00216492,pubmed_abstract,True,peripheral,histology;phylogeny,r1-pubmed-1
R251,1987,"Mahapatra MS, Mahata SK, Maiti BR","Effects of reserpine and chlorpromazine on the serotonin, norepinephrine, and epinephrine levels in the pineal-paraphyseal complex of soft-shelled turtles (Lissemys punctata punctata).",General and comparative endocrinology,3666419,10.1016/0016-6480(87)90067-0,pubmed_abstract,True,relevant,physiology,pm-clinical;pm-core
R252,1987,"Reiner A, Northcutt RG","An immunohistochemical study of the telencephalon of the African lungfish, Protopterus annectens.",The Journal of comparative neurology,2437161,10.1002/cne.902560313,pubmed_abstract,True,peripheral,anatomy;histology;phylogeny,r1-web-1
R253,1987,"Shibata T, Burger PC, Kleihues P",[Origin of colloid cyst: immunoperoxidase study],No to shinkei = Brain and nerve,2449231,,pubmed_abstract,True,peripheral,histology;pathology,pm-adjacent
R254,1987,"Shiroyama Y, Mitani T",[A case of holoprosencephaly with parietal encephalocele].,No shinkei geka. Neurological surgery,3431643,,pubmed_abstract,True,irrelevant,pathology,pm-core
R255,1988,"Hirano A, Hirano M",Benign cystic lesions in the central nervous system. Light and electron microscopic observations of cyst walls.,Child's nervous system : ChNS,3073001,10.1007/bf00270605,pubmed_abstract,True,peripheral,histology;pathology,pm-clinical
R256,1988,"Inoue T, Matsushima T, Fukui M, Iwaki T, Takeshita I, Kuromatsu C",Immunohistochemical study of intracranial cysts.,Neurosurgery,3200389,10.1227/00006123-198811000-00006,pubmed_abstract,True,peripheral,histology;molecular;pathology,pm-clinical
R257,1988,"Kimura H, Fukushima T, Ohta T, Tomonaga M, Ishii K, Gotou K, Okudera T",[A case of colloid cyst of the third ventricle].,No shinkei geka. Neurological surgery,3067109,,pubmed_abstract,True,peripheral,pathology,snow-refs
R258,1988,"Kuenzel WJ, McMurtry J",Neuropeptide Y: brain localization and central effects on plasma insulin levels in chicks.,Physiology & behavior,3070587,10.1016/0031-9384(88)90334-4,pubmed_abstract,True,peripheral,anatomy;phylogeny;terminology_history,r1-pubmed-2
R259,1988,"Kulshreshtha VV, Khan RA",Effect of masking of parietal eye on cloacal temperature in Varanus monitor.,Indian journal of experimental biology,3248834,,metadata_only,True,peripheral,physiology,r1-pubmed-2
R260,1988,"Müller F, O'Rahilly R",The development of the human brain from a closed neural tube at stage 13.,Anatomy and embryology,3354839,10.1007/bf00321132,pubmed_abstract,True,peripheral,anatomy;ontogeny,r1-pubmed-1
R261,1988,"Müller F, O'Rahilly R",The first appearance of the future cerebral hemispheres in the human embryo at stage 14.,Anatomy and embryology,3377191,10.1007/bf00305137,pubmed_abstract,True,peripheral,anatomy;ontogeny,pm-adjacent;pm-core
R262,1988,"Mahapatra MS, Mahata SK, Maiti BR","Circadian rhythms and influence of light on serotonin, norepinephrine, and epinephrine contents in the pineal-paraphyseal complex of soft-shelled turtles (Lissemys punctata punctata).",General and comparative endocrinology,3410296,10.1016/0016-6480(88)90309-7,pubmed_abstract,True,relevant,physiology,pm-clinical;pm-core
R263,1988,"Ohshima K, Matsuo S","Cytodifferentiation of the chick pineal gland, with special reference to the photosensory and secretory elements.",Journal of pineal research,3210139,10.1111/j.1600-079x.1988.tb00888.x,pubmed_abstract,True,peripheral,histology;ontogeny,r1-pubmed-2
R264,1988,"Schmitt HP, Born IA",Pseudoaprosencephaly: Aplasia of the Forebrain in a Median Facial Cleft Syndrome with Arhinia and Anophthalmia.,Congenital anomalies,28614610,10.1111/cga.1988.28.3.169,pubmed_abstract,True,irrelevant,pathology,pm-core
R265,1988,"Simon-Oppermann C, Simon E, Gray DA",Central and systemic antidiuretic hormone and angiotensin II in salt and fluid balance of birds as compared to mammals.,"Comparative biochemistry and physiology. A, Comparative physiology",2902989,10.1016/0300-9629(88)90700-1,pubmed_abstract,True,peripheral,phylogeny;physiology,r1-pubmed-2
R266,1988,"Weiger T, Lametschwandtner A, Kotrschal K, Krautgartner WD",Vascularization of the telencephalic choroid plexus of a ganoid fish [Acipenser ruthenus (L.)].,The American journal of anatomy,3389312,10.1002/aja.1001820104,wiley_passage,True,peripheral,anatomy;histology;phylogeny;physiology,pm-adjacent;pm-core;wy-phylogeny
R267,1989,"Deeg KH, Wild F, Harms D",[Sonographic diagnosis of alobar holoprosencephaly].,Monatsschrift Kinderheilkunde : Organ der Deutschen Gesellschaft fur Kinderheilkunde,2761547,,pubmed_abstract,True,irrelevant,pathology,pm-core
R268,1989,"Hirunagi K, Uryu K, Fujioka T",Supraependymal cells and fibers in the third ventricle of the domestic chicken. A scanning electron microscopic study.,Zeitschrift fur mikroskopisch-anatomische Forschung,2815925,,pubmed_abstract,True,peripheral,histology;phylogeny,r1-pubmed-2
R269,1989,"Jan M, Ba Zeze V, Velut S",Colloid cyst of the fourth ventricle: diagnostic problems and pathogenic considerations.,Neurosurgery,2787485,10.1227/00006123-198906000-00033,pubmed_abstract,True,peripheral,ontogeny;pathology,pm-adjacent;pm-clinical
R270,1989,"Kondziolka D, Bilbao JM",An immunohistochemical study of neuroepithelial (colloid) cysts.,Journal of neurosurgery,2472473,10.3171/jns.1989.71.1.0091,pubmed_abstract,True,relevant,histology;molecular;ontogeny;pathology,pm-adjacent;pm-clinical;pm-core
R271,1989,"Müller F, O'Rahilly R","Mediobasal prosencephalic defects, including holoprosencephaly and cyclopia, in relation to the development of the human forebrain.",The American journal of anatomy,2506752,10.1002/aja.1001850404,pubmed_abstract,True,peripheral,ontogeny;pathology,r1-pubmed-1
R272,1989,"Müller F, O'Rahilly R","The human brain at stage 16, including the initial evagination of the neurohypophysis.",Anatomy and embryology,2751117,10.1007/bf00315698,pubmed_abstract,True,peripheral,anatomy;ontogeny,pm-clinical
R273,1989,"Müller F, O'Rahilly R","The human brain at stage 17, including the appearance of the future olfactory bulb and the first amygdaloid nuclei.",Anatomy and embryology,2802187,10.1007/bf00311167,pubmed_abstract,True,peripheral,anatomy;histology;ontogeny,pm-adjacent;pm-core
R274,1989,"Mahapatra MS, Mahata SK, Maiti BR","Effect of ambient temperature on serotonin, norepinephrine, and epinephrine contents in the pineal-paraphyseal complex of the soft-shelled turtle (Lissemys punctata punctata).",General and comparative endocrinology,2714626,10.1016/0016-6480(89)90215-3,pubmed_abstract,True,relevant,physiology,pm-clinical;pm-core
R275,1989,"Shuangshoti S, Kasantikul V, Taecholarn C, Wangsuphachart S",Symptomatic intraspinal genuine endodermal epithelial cyst.,Journal of the Medical Association of Thailand = Chotmaihet thangphaet,2671235,,pubmed_abstract,True,peripheral,histology;pathology,r1-pubmed-2
R276,1989,"Ueck M, Wake K, Kobayashi H",Nervous Organization of the Pineal Complex in Lower Vertebrates,Zoological Science,,,web_snippet,False,peripheral,anatomy;histology;physiology,wb-textbooks
R277,1990,"Albrecht U, Seulberger H, Schwarz H, Risau W",Correlation of blood-brain barrier function and HT7 protein distribution in chick brain circumventricular organs.,Brain research,2292029,10.1016/0006-8993(90)91823-y,pubmed_abstract,True,peripheral,histology;molecular;phylogeny,r1-pubmed-2
R278,1990,"Bengtson BP, Hedeman LS, Bauserman SC",Symptomatic neuroepithelial (colloid) cysts of the third ventricle. A unique case report in nontwin brothers.,Cancer,2386905,10.1002/1097-0142(19900815)66:4<779::aid-cncr2820660430>3.0.co;2-w,wiley_passage,True,peripheral,pathology,pm-clinical;wy-phylogeny
R279,1990,"Engbretson GA, Anderson KJ","Neuronal structure of the lacertilian parietal eye, I: A retrograde label and electron-microscopic study of the ganglion cells in the photoreceptor layer.",Visual neuroscience,2265152,10.1017/s0952523800000481,pubmed_abstract,True,peripheral,histology,r1-pubmed-2
R280,1990,"Hinton DA, Nelson SR, Gattone VH",Vasculature of the paraphysis cerebri of the frog.,Journal of submicroscopic cytology and pathology,2390758,,pubmed_abstract,True,core,anatomy;histology;physiology,pm-adjacent;pm-core
R281,1990,"Kemnitz CP, Fox LM, McNulty JA","Ultrastructure and organization of circumventricular organs and endolymphatic tubules in the treefrog, Hyla versicolor.",Journal of Morphology,2348463,10.1002/jmor.1052040208,wiley_passage,True,core,anatomy;histology;phylogeny;physiology,pm-adjacent;pm-core;wy-phylogeny
R282,1990,Kondziolka D,Ontogenesis of colloid cysts.,Journal of neurosurgery,2366093,10.3171/jns.1990.73.2.0312,metadata_only,True,peripheral,ontogeny;pathology,pm-clinical
R283,1990,"Müller F, O'Rahilly R","The human brain at stages 18-20, including the choroid plexuses and the amygdaloid and septal nuclei.",Anatomy and embryology,2268071,10.1007/bf00185521,pubmed_abstract,True,peripheral,ontogeny,wb-human-clinical
R284,1990,"Nieuwenhuys R, Meek J",The Telencephalon of Sarcopterygian Fishes,"Cerebral Cortex, vol. 8A (book chapter, Springer)",,10.1007/978-1-4757-9622-3_3,web_snippet,False,peripheral,anatomy;phylogeny,r1-web-1
R285,1990,"O'Rahilly R, Müller F",Ventricular system and choroid plexuses of the human brain during the embryonic period proper.,The American journal of anatomy,2285038,10.1002/aja.1001890402,wiley_passage,True,relevant,anatomy;ontogeny,pm-adjacent;pm-core;wy-phylogeny
R286,1990,"Schröder R, Sanker P, Thun F, Richard KE",Cysts of the third ventricle.,Zentralblatt fur Neurochirurgie,1703379,,pubmed_abstract,True,peripheral,histology;molecular;pathology,pm-clinical
R287,1990,"Uematsu Y, Komai N, Hirano A, Corona-Rojas RR, Llena JF",[Epithelial cyst in the central nervous system--characteristic expression of cytokeratin].,No to shinkei = Brain and nerve,1699576,,pubmed_abstract,True,peripheral,histology;pathology,wb-nonenglish
R288,1990,"Uematsu Y, Rojas-Corona RR, Llena JF, Hirano A","Epithelial cysts in the central nervous system, characteristic expression of cytokeratins in an immunohistochemical study.",Acta neurochirurgica,1706558,10.1007/bf01405786,pubmed_abstract,True,peripheral,histology;molecular;pathology,pm-clinical
R289,1990,"von Bartheld CS, Collin SP, Meyer DL","Dorsomedial telencephalon of lungfishes: a pallial or subpallial structure? Criteria based on histology, connectivity, and histochemistry.",The Journal of comparative neurology,2324329,10.1002/cne.902940103,pubmed_abstract,True,peripheral,anatomy;histology;phylogeny,r1-web-1
R290,1991,Bjerring HC,Two Intracranial Ligaments Supporting the Brain of the Brachiopterygian Fish Polypterus senegalus,Acta Zoologica,,10.1111/j.1463-6395.1991.tb00314.x,wiley_passage,True,peripheral,anatomy;phylogeny,wy-phylogeny
R291,1991,"Harms PJ, Tu GF, Richardson SJ, Aldred AR, Jaworowski A, Schreiber G",Transthyretin (prealbumin) gene expression in choroid plexus is strongly conserved during evolution of vertebrates,"Comparative biochemistry and physiology. B, Comparative biochemistry",1959330,10.1016/0305-0491(91)90035-c,pubmed_abstract,True,peripheral,molecular;phylogeny;physiology,pm-adjacent
R292,1991,"Jones CM, Lyons KM, Hogan BL",Involvement of Bone Morphogenetic Protein-4 (BMP-4) and Vgr-1 in morphogenesis and neurogenesis in the mouse.,"Development (Cambridge, England)",1893873,10.1242/dev.111.2.531,pubmed_abstract,True,peripheral,molecular;ontogeny,pm-molecular-physio
R293,1991,"Mackenzie IR, Gilbert JJ",Cysts of the neuraxis of endodermal origin.,"Journal of neurology, neurosurgery, and psychiatry",1895117,10.1136/jnnp.54.7.572,pubmed_abstract,True,peripheral,histology;molecular;pathology,pm-clinical;pm-molecular-physio
R294,1991,"Mahapatra MS, Mahata SK, Maiti B","Effect of stress on serotonin, norepinephrine, epinephrine and corticosterone contents in the soft-shelled turtle.",Clinical and experimental pharmacology & physiology,1722440,10.1111/j.1440-1681.1991.tb01386.x,pubmed_abstract,True,relevant,physiology,pm-clinical;pm-core
R295,1991,"Mancera JM, López Avalos MD, Pérez-Fígares JM, Fernández-Llebrez P","The distribution of corticotropin-releasing factor--immunoreactive neurons and nerve fibers in the brain of the snake, Natrix maura. Coexistence with arginine vasotocin and mesotocin.",Cell and tissue research,1868522,10.1007/bf00319043,pubmed_abstract,True,peripheral,anatomy;histology;phylogeny,r1-pubmed-2
R296,1991,"Sener RN, Jinkins JR",CT of intrasellar colloid cyst.,Journal of computer assisted tomography,2061486,10.1097/00004728-199107000-00025,pubmed_abstract,True,peripheral,pathology,pm-clinical
R297,1992,"Achen MG, Harms PJ, Thomas T, Richardson SJ, Wettenhall RE, Schreiber G",Protein synthesis at the blood-brain barrier. The major protein secreted by amphibian choroid plexus is a lipocalin.,The Journal of biological chemistry,1385415,,pubmed_abstract,True,peripheral,molecular;phylogeny;physiology,r1-pubmed-1
R298,1992,"Ho KL, Garcia JH",Colloid cysts of the third ventricle: ultrastructural features are compatible with endodermal derivation.,Acta neuropathologica,1636378,10.1007/bf00299409,pubmed_abstract,True,relevant,histology;ontogeny;pathology;terminology_history,pm-adjacent;pm-clinical;pm-core
R299,1992,"Kchir N, Haouet S, Chatti S, Boudaouara MA, Chadly A, Boubaker S, Khaldi M, Zitouna MM",[Colloid cyst of the fourth ventricle. Apropos of a case].,Archives d'anatomie et de cytologie pathologiques,1605699,,pubmed_abstract,True,peripheral,ontogeny;pathology,pm-clinical;pm-molecular-physio
R300,1992,"Kuchelmeister K, Bergmann M",Colloid cysts of the third ventricle: an immunohistochemical study.,Histopathology,1634200,10.1111/j.1365-2559.1992.tb00340.x,wiley_passage,True,peripheral,histology;molecular;pathology,pm-clinical;pm-molecular-physio;wy-phylogeny
R301,1992,"Lach B, Scheithauer BW",Colloid cyst of the third ventricle: a comparative ultrastructural study of neuraxis cysts and choroid plexus epithelium.,Ultrastructural pathology,1585497,10.3109/01913129209061362,pubmed_abstract,True,peripheral,histology;pathology,pm-adjacent;pm-clinical
R302,1992,"Mahata M, Mahata SK","Effect of steroid hormones on serotonin, norepinephrine and epinephrine contents in the pineal-paraphyseal complex of the soft-shelled turtle (Lissemys punctata punctata).","Journal of comparative physiology. B, Biochemical, systemic, and environmental physiology",1430421,10.1007/bf00264812,pubmed_abstract,True,relevant,physiology,pm-clinical;pm-core
R303,1992,"O'Rahilly R, Müller F",Human Embryology & Teratology,"[Textbook] Wiley-Liss, New York (UNSW wiki: 1st ed. 1990; later eds 1996, 2001)",,,metadata_only,False,peripheral,anatomy;ontogeny,wb-textbooks
R304,1992,"Tsuchida T, Hruban RH, Carson BS, Phillips PC",Colloid cysts of the third ventricle: immunohistochemical evidence for nonneuroepithelial differentiation.,Human pathology,1612580,10.1016/0046-8177(92)90352-4,pubmed_abstract,True,peripheral,histology;molecular;pathology,pm-clinical
R305,1992,"Volmert RF, Firman JD",Response to angiotensin II after selective lesioning of brain regions believed to be involved in water intake regulation.,Poultry science,1614946,10.3382/ps.0711073,pubmed_abstract,True,peripheral,phylogeny;physiology,r1-pubmed-2
R306,1992,"Wolfsohn AL, Lach B, Benoit BG",Suprasellar xanthomatous Rathke's cleft cyst.,Surgical neurology,1509341,10.1016/0090-3019(92)90086-3,pubmed_abstract,True,peripheral,histology;pathology,pm-clinical
R307,1993,"Achen MG, Duan W, Pettersson TM, Harms PJ, Richardson SJ, Lawrence MC, Wettenhall RE, Aldred AR, Schreiber G",Transthyretin gene expression in choroid plexus first evolved in reptiles.,The American journal of physiology,8238627,10.1152/ajpregu.1993.265.5.r982,pubmed_abstract,True,peripheral,molecular;phylogeny;physiology,r1-pubmed-1
R308,1993,"Baumel J (ed.), committee of the World Association of Veterinary Anatomists",Nomina Anatomica Avium: an annotated anatomical dictionary of birds,"[Book] 2nd ed., Nuttall Ornithological Club (1st ed. 1979, Academic Press, ~637 pp)",,,metadata_only,False,peripheral,anatomy;terminology_history,wb-textbooks
R309,1993,"Coca S, Martínez A, Vaquero J, Moreno M, Martos JA, Rodríguez J, Mata P",Immunohistochemical study of intracranial cysts.,Histology and histopathology,7508303,,pubmed_abstract,True,peripheral,histology;molecular;pathology,pm-clinical
R310,1993,"Gaertner HJ, Prager B, Hinkel GK",Colloid cyst of the third ventricle with XYY-syndrome.,Journal fur Hirnforschung,8308268,,pubmed_abstract,True,peripheral,histology;ontogeny;pathology,pm-adjacent;pm-clinical
R311,1993,"Hansen PE, Ballesteros MC, Soila K, Garcia L, Howard JM",MR imaging of the developing human brain. Part 1. Prenatal development.,"Radiographics : a review publication of the Radiological Society of North America, Inc",8426929,10.1148/radiographics.13.1.8426929,pubmed_abstract,True,peripheral,anatomy;ontogeny,r1-pubmed-2
R312,1993,"Inagaki H, Hori T, Ohama E",Immunohistochemical studies on choroidal epithelial cyst and neuroepithelial cyst: in comparison with normal choroid plexus and ependyma.,Noshuyo byori = Brain tumor pathology,8220783,,pubmed_abstract,True,peripheral,histology;molecular;pathology,pm-clinical
R313,1993,"Lach B, Scheithauer BW, Gregor A, Wick MR",Colloid cyst of the third ventricle. A comparative immunohistochemical study of neuraxis cysts and choroid plexus epithelium.,Journal of neurosurgery,8416224,10.3171/jns.1993.78.1.0101,pubmed_abstract,True,peripheral,histology;molecular;pathology,pm-adjacent;pm-clinical
R314,1993,"Roth G, Nishikawa KC, Naujoks-Manteuffel C, Schmidt A, Wake DB",Paedomorphosis and simplification in the nervous system of salamanders.,"Brain, behavior and evolution",8364715,10.1159/000114147,pubmed_abstract,True,peripheral,phylogeny,r1-pubmed-1
R315,1993,"Schreiber G, Pettersson TM, Southwell BR, Aldred AR, Harms PJ, Richardson SJ, Wettenhall RE, Duan W, Nicol SC",Transthyretin expression evolved more recently in liver than in brain.,"Comparative biochemistry and physiology. B, Comparative biochemistry",8359020,10.1016/0305-0491(93)90235-w,pubmed_abstract,True,peripheral,molecular;phylogeny;physiology,r1-pubmed-1
R316,1993,"Smith MS, Upfold JB, Shiota K",Neural tube defects in the parietal region of human embryos: failure to close or closure-reopening?,Neuropathology and applied neurobiology,8474602,10.1111/j.1365-2990.1993.tb00406.x,pubmed_abstract,True,peripheral,ontogeny;pathology,r1-pubmed-2
R317,1993,"Teo EH, Carati C, Firth BT, Barbour RA, Gannon B",Vascularization of the pineal complex in the lizard Tiliqua rugosa.,The Anatomical record,8363056,10.1002/ar.1092360312,pubmed_abstract,True,peripheral,anatomy;histology;physiology,pm-adjacent;pm-core
R318,1993,"Uematsu Y, Komai N, Hirano A, Shimizu M, Tanaka Y, Naka D, Yukawa S, Itakura T, Hayashi S",Cytokeratin immunohistochemical study of epithelial cysts in the central nervous system: with special reference to origins of colloid cyst of the third ventricle and Rathke's cleft cyst in the sella.,Noshuyo byori = Brain tumor pathology,7693227,,pubmed_abstract,True,peripheral,histology;molecular;pathology,pm-adjacent;pm-clinical
R319,1994,"Ali QM, al-Shafei KT",Echogenicity of the foetal telencephalic choroid plexus as a developmental landmark: a preliminary report.,East African medical journal,7867541,,pubmed_abstract,True,peripheral,anatomy;ontogeny,pm-molecular-physio
R320,1994,"Farnesi RM, Tei S, Vagnetti D, Santarella B, Pollacci P",Ultrastructure of the paraphysis in Bufo bufo larvae.,Journal of Morphology,8114107,10.1002/jmor.1052190103,wiley_passage,True,core,anatomy;histology;ontogeny;physiology,pm-clinical;pm-core;wy-phylogeny
R321,1994,"Grondona JM, Pérez J, Cifuentes M, López-Avalos MD, Nualart FJ, Peruzzo B, Fernández-LLebrez P, Rodríguez EM",Analysis of the secretory glycoproteins of the subcommissural organ of the dogfish (Scyliorhinus canicula).,Brain research. Molecular brain research,7854060,10.1016/0169-328x(94)90103-1,pubmed_abstract,True,peripheral,histology;molecular;phylogeny,pm-molecular-physio
R322,1994,Hirano A,[Benign intracranial cysts and certain congenital neoplasms].,Noshuyo byori = Brain tumor pathology,8162151,,pubmed_abstract,True,peripheral,histology;pathology,pm-clinical
R323,1994,"Krause WJ, Saunders NR",Brain growth and neocortical development in the opossum.,Annals of anatomy = Anatomischer Anzeiger : official organ of the Anatomische Gesellschaft,7978336,10.1016/s0940-9602(11)80464-4,pubmed_abstract,True,peripheral,anatomy;ontogeny,r1-pubmed-1
R324,1994,"Lakos SF, Thormodsson FR, Grafstein B","Immunolocalization of exoglycoproteins (""ependymins"") in the goldfish brain.",Neurochemical research,7898609,10.1007/bf00972469,pubmed_abstract,True,peripheral,histology;molecular,wy-anatomy-histology
R325,1994,"Müller AR, Gerstberger R",Ontogenesis of the angiotensin II (ANGII) receptor system in the duck brain.,Brain research. Developmental brain research,8004765,10.1016/0165-3806(94)90003-5,pubmed_abstract,True,peripheral,ontogeny;physiology,r1-pubmed-2
R326,1994,"Masuda H, Oishi T, Ohtani M, Michinomae M, Fukada Y, Shichida Y, Yoshizawa T","Visual pigments in the pineal complex of the Japanese quail, Japanese grass lizard and bullfrog: immunocytochemistry and HPLC analysis.",Tissue & cell,8171418,10.1016/0040-8166(94)90086-8,pubmed_abstract,True,peripheral,histology;molecular;phylogeny,r1-pubmed-2
R327,1994,"Morimura T, Maeda Y, Tani E, Nishigami T",Immunohistochemical differential diagnosis of benign cysts in the central nervous system.,Noshuyo byori = Brain tumor pathology,7512867,,pubmed_abstract,True,relevant,histology;molecular;pathology,pm-clinical;pm-core
R328,1994,"Richardson SJ, Bradley AJ, Duan W, Wettenhall RE, Harms PJ, Babon JJ, Southwell BR, Nicol S, Donnellan SC, Schreiber G",Evolution of marsupial and other vertebrate thyroxine-binding plasma proteins.,The American journal of physiology,7514364,10.1152/ajpregu.1994.266.4.r1359,pubmed_abstract,True,peripheral,molecular;phylogeny;physiology,r1-pubmed-1
R329,1995,"Ali QM, al-Shafei KT, Ali TO",Echogenicity of the fetal telencephalic choroid plexus as a second trimester developmental landmark: a preliminary report.,"Clinical anatomy (New York, N.Y.)",7697509,10.1002/ca.980080105,pubmed_abstract,True,peripheral,anatomy;ontogeny;physiology,pm-molecular-physio
R330,1995,"Duan W, Richardson SJ, Babon JJ, Heyes RJ, Southwell BR, Harms PJ, Wettenhall RE, Dziegielewska KM, Selwood L, Bradley AJ",Evolution of transthyretin in marsupials.,European journal of biochemistry,7851414,10.1111/j.1432-1033.1995.tb20402.x,pubmed_abstract,True,peripheral,molecular;phylogeny;physiology,r1-pubmed-1
R331,1995,"Graziani N, Dufour H, Figarella-Branger D, Donnet A, Bouillot P, Grisoli F","Do the suprasellar neurenteric cyst, the Rathke cleft cyst and the colloid cyst constitute a same entity?",Acta neurochirurgica,8748762,10.1007/bf01420070,pubmed_abstract,True,peripheral,histology;molecular;pathology,pm-adjacent;pm-clinical
R332,1995,"Kleiter N, Lametschwandtner A","Microvascularization of the pineal gland in the freshwater turtle, Pseudemys scripta elegans (Reptilia): a scanning electron microscopic study of vascular corrosion casts.",Journal of Pineal Research,8609602,10.1111/j.1600-079x.1995.tb00176.x,wiley_passage,True,relevant,anatomy;histology;physiology,pm-adjacent;pm-core;wy-phylogeny
R333,1995,"Monnerie H, Boespflug-Tanguy O, Dastugue B, Meiniel A",Reissner's fibre supports the survival of chick cortical neurons in primary mixed cultures.,Cell and tissue research,8581929,,pubmed_abstract,True,peripheral,molecular;physiology,pm-molecular-physio
R334,1995,Schmid HA,Regional differences in the blood-brain-barrier of the subfornical organs of rats and ducks (Anas platyrhynchos).,Journal fur Hirnforschung,8568228,,pubmed_abstract,True,peripheral,anatomy;phylogeny;physiology,r1-pubmed-2
R335,1995,"Vandertop WP, Gosselaar PH, van Nesselrooij B",Three sisters with colloid cyst of third ventricle.,"Lancet (London, England)",7651036,10.1016/s0140-6736(95)91480-3,metadata_only,True,peripheral,pathology,r1-pubmed-2
R336,1996,"Akins PT, Roberts R, Coxe WS, Kaufman BA",Familial colloid cyst of the third ventricle: case report and review of associated conditions.,Neurosurgery,8869070,10.1097/00006123-199602000-00033,pubmed_abstract,True,peripheral,pathology,pm-clinical
R337,1996,"Bendon RW, Dungy-Poythress L, Miodovnik M, Siddiqi TA",Perinatal pathology of interhemispheric cyst with thinned posterior corpus callosum: four cases.,"Pediatric pathology & laboratory medicine : journal of the Society for Pediatric Pathology, affiliated with the International Paediatric Pathology Association",9025836,,pubmed_abstract,True,peripheral,anatomy;pathology,r1-pubmed-2
R338,1996,"Cifuentes M, Pérez J, Grondona JM, Fernández-Llebrez P",Seasonal variation in the secretory activity of the subcommissural organ (SCO) of reptiles.,Neuroscience letters,8961291,10.1016/s0304-3940(96)13161-x,pubmed_abstract,True,peripheral,histology;physiology,r1-pubmed-1
R339,1996,"Heisenberg CP, Brand M, Jiang YJ, Warga RM, Beuchle D, van Eeden FJ, Furutani-Seiki M, Granato M, Haffter P, Hammerschmidt M, Kane DA, Kelsh RN, Mullins MC, Odenthal J, Nusslein-Volhard C","Genes involved in forebrain development in the zebrafish, Danio rerio.","Development (Cambridge, England)",9007240,10.1242/dev.123.1.191,pubmed_abstract,True,peripheral,molecular;ontogeny,r1-pubmed-1
R340,1996,"Schmidt A, Roth G",Differentiation processes in the amphibian brain with special emphasis on heterochronies.,International review of cytology,8843653,10.1016/s0074-7696(08)61985-3,pubmed_abstract,True,peripheral,ontogeny;phylogeny,r1-pubmed-1
R341,1997,"Büttner A, Winkler PA, Weis S",Endodermal cyst of the third ventricle: case report.,Neurosurgery,9092858,10.1097/00006123-199704000-00034,pubmed_abstract,True,peripheral,pathology,pm-clinical
R342,1997,"Iigo M, Hara M, Ohtani-Kaneko R, Hirata K, Tabata M, Aida K",Photic and circadian regulations of melatonin rhythms in fishes.,Biological signals,9500660,10.1159/000109132,pubmed_abstract,True,irrelevant,physiology,r1-pubmed-1
R343,1997,"Kier EL, Truwit CL","The lamina rostralis: modification of concepts concerning the anatomy, embryology, and MR appearance of the rostrum of the corpus callosum.",AJNR. American journal of neuroradiology,9127036,,pubmed_abstract,True,peripheral,anatomy;ontogeny,r1-pubmed-1
R344,1997,"Macaulay RJ, Felix I, Jay V, Becker LE",Histological and ultrastructural analysis of six colloid cysts in children.,Acta neuropathologica,9083559,10.1007/s004010050614,pubmed_abstract,True,peripheral,histology;pathology,pm-clinical
R345,1997,"Richardson SJ, Hunt JL, Aldred AR, Licht P, Schreiber G","Abundant synthesis of transthyretin in the brain, but not in the liver, of turtles.","Comparative biochemistry and physiology. Part B, Biochemistry & molecular biology",9253180,10.1016/s0305-0491(97)00139-9,pubmed_abstract,True,peripheral,molecular;phylogeny;physiology,r1-pubmed-1
R346,1997,"Schmidt A, Wake MH",Cellular migration and morphological complexity in the caecilian brain.,Journal of morphology,29852703,10.1002/(sici)1097-4687(199701)231:1<11::aid-jmor2>3.0.co;2-r,pubmed_abstract,True,peripheral,anatomy;ontogeny;phylogeny,r1-pubmed-1
R347,1998,"Aronica PA, Ahdab-Barmada M, Rozin L, Wecht CH",Sudden death in an adolescent boy due to a colloid cyst of the third ventricle.,The American journal of forensic medicine and pathology,9662105,10.1097/00000433-199806000-00004,pubmed_abstract,True,peripheral,pathology,r1-pubmed-2
R348,1998,Catala M,"Embryonic and fetal development of structures associated with the cerebro-spinal fluid in man and other species. Part I: The ventricular system, meninges and choroid plexuses.",Archives d'anatomie et de cytologie pathologiques,9754371,,pubmed_abstract,True,peripheral,ontogeny,snow-refs
R349,1998,"Fernandez AS, Pieau C, Repérant J, Boncinelli E, Wassef M","Expression of the Emx-1 and Dlx-1 homeobox genes define three molecularly distinct domains in the telencephalon of mouse, chick, turtle and frog embryos: implications for the evolution of telencephalic subdivisions in amniotes.","Development (Cambridge, England)",9570774,10.1242/dev.125.11.2099,pubmed_abstract,True,peripheral,molecular;ontogeny;phylogeny,r1-pubmed-1
R350,1998,"Grove EA, Tole S, Limon J, Yip L, Ragsdale CW",The hem of the embryonic cerebral cortex is defined by the expression of multiple Wnt genes and is compromised in Gli3-deficient mice,"Development (Cambridge, England)",9584130,10.1242/dev.125.12.2315,pubmed_abstract,True,peripheral,molecular;ontogeny,pm-adjacent
R351,1998,Nieuwenhuys R,Lungfishes,"In: The Central Nervous System of Vertebrates, vol 2. Springer, Berlin Heidelberg",,10.1007/978-3-642-18262-4_16,metadata_only,False,peripheral,anatomy;phylogeny,wb-textbooks
R352,1998,"Nieuwenhuys R, ten Donkelaar HJ, Nicholson C (eds)",The Central Nervous System of Vertebrates,"[Book, 3 vols] Springer, Berlin Heidelberg (2214 pp; ISBN 9783642621277)",,,metadata_only,False,peripheral,anatomy;phylogeny,wb-textbooks
R353,1998,"Nualart F, Hein S, Yulis CR, Zárraga AM, Araya A, Rodríguez EM",Partial sequencing of Reissner's fiber glycoprotein I (RF-Gly I).,Cell and tissue research,9560467,10.1007/s004410051055,pubmed_abstract,True,peripheral,molecular,pm-molecular-physio
R354,1998,"Raybaud C, Girard N",[Anatomic MRI study of commissural agenesis and dysplasia of the Telencephalon (Agenesis of the corpus callosum and related anomalies). Clinical correlations and morphogenetic interpretation].,Neuro-Chirurgie,9757324,,pubmed_abstract,True,peripheral,anatomy;pathology;terminology_history,r1-pubmed-1
R355,1998,"Regodón S, Franco A, Masot J, Redondo E",Structure of the ovine pineal gland during prenatal development.,Journal of pineal research,9885992,10.1111/j.1600-079x.1998.tb00392.x,pubmed_abstract,True,peripheral,histology;ontogeny,r1-pubmed-2
R356,1998,"Vígh B, Szél A, Debreceni K, Fejér Z, Manzano e Silva MJ, Vígh-Teichmann I",Comparative histology of pineal calcification.,Histology and histopathology,9690142,10.14670/hh-13.851,pubmed_abstract,True,peripheral,histology;pathology;phylogeny,r1-pubmed-1
R357,1998,"van Gelder JM, Dahlstrom JE, Newcombe RL","Colloid cyst of the third ventricle in opposite sex, non-twin siblings.",Journal of clinical neuroscience : official journal of the Neurosurgical Society of Australasia,18639013,10.1016/s0967-5868(98)90039-x,pubmed_abstract,True,peripheral,histology;molecular;pathology,pm-clinical
R358,1998,"Veerman EC, Go KG, Molenaar WM, Amerongen AV, Vissink A",On the chemical characterization of colloid cyst contents.,Acta neurochirurgica,9689320,10.1007/s007010050102,pubmed_abstract,True,peripheral,histology;molecular;pathology,pm-adjacent;pm-clinical
R359,1998,"Vigh B, Vigh-Teichmann I",Actual problems of the cerebrospinal fluid-contacting neurons.,Microscopy research and technique,9550137,10.1002/(sici)1097-0029(19980401)41:1<57::aid-jemt6>3.0.co;2-r,pubmed_abstract,True,peripheral,histology;phylogeny,r1-pubmed-2
R360,1998,"Wakabayashi Y, Isono M, Hori S, Oka K",Third ventricular neuroepithelial cyst originating from the massa intermedia--case report.,Neurologia medico-chirurgica,9557535,10.2176/nmc.38.90,pubmed_abstract,True,peripheral,ontogeny;pathology,pm-clinical
R361,1999,,A estrutura e a ultra-estrutura da paráfise da tartaruga Trachemys scripta dorbigni,"Master's dissertation, Universidade Federal do Rio Grande do Sul (LUME repository handle 10183/272081)",,,web_snippet,False,core,anatomy;histology;ontogeny;phylogeny;physiology,wb-classical;wb-textbooks
R362,1999,"Aggarwal A, Corbett A, Graham J",Familial colloid cyst of the third ventricle.,Journal of clinical neuroscience : official journal of the Neurosurgical Society of Australasia,18639196,10.1016/s0967-5868(99)90016-4,pubmed_abstract,True,peripheral,pathology,r1-pubmed-2
R363,1999,"Bernier B, Bar I, Pieau C, Lambert De Rouvroit C, Goffinet AM",Reelin mRNA expression during embryonic brain development in the turtle Emys orbicularis.,The Journal of comparative neurology,10502252,10.1002/(sici)1096-9861(19991025)413:3<463::aid-cne8>3.0.co;2-f,pubmed_abstract,True,peripheral,molecular;ontogeny,r1-pubmed-1
R364,1999,"Cheng ML, Chang SD, Pang D, Adler JR",Intracranial nasal dermoid sinus cyst associated with colloid cyst of the third ventricle. Case report and new concepts.,Pediatric neurosurgery,10705930,10.1159/000028862,pubmed_abstract,True,peripheral,ontogeny;pathology,pm-clinical
R365,1999,Kier,The evolutionary and embryologic basis for the development and anatomy of the cavum veli interpositi.,AJNR. American journal of neuroradiology,10473003,,metadata_only,True,peripheral,anatomy;ontogeny;phylogeny,wb-human-clinical
R366,1999,"Maślińska D, Kaliszek A, Opertowska J, Toborowicz J, Deregowski K, Szukiewicz D",Constitutive expression of cyclooxygenase-2 (COX-2) in developing brain. A. Choroid plexus in human fetuses.,Folia neuropathologica,10705655,,pubmed_abstract,True,peripheral,histology;molecular;ontogeny,pm-clinical
R367,1999,"Ohshima K, Hirai S, Nishida A, Hiramatsu K","Ultrastructure and serotonin immunocytochemistry of the parietal-pineal complex in the Japanese grass lizard, Takydromus tachydromoides.",Tissue & cell,10445296,10.1054/tice.1999.0031,pubmed_abstract,True,peripheral,histology;phylogeny,r1-pubmed-2
R368,1999,"Stoodley MA, Nguyen TP, Robbins P",Familial fatal and near-fatal third ventricle colloid cysts.,The Australian and New Zealand journal of surgery,10527352,10.1046/j.1440-1622.1999.01676.x,pubmed_abstract,True,peripheral,pathology,pm-clinical
R369,1999,"Theil T, Alvarez-Bolado G, Walter A, Rüther U",Gli3 is required for Emx gene expression during dorsal telencephalon development,"Development (Cambridge, England)",10409502,10.1242/dev.126.16.3561,pubmed_abstract,True,peripheral,molecular;ontogeny,pm-adjacent
R370,2000,"Armao D, Castillo M, Chen H, Kwock L",Colloid cyst of the third ventricle: imaging-pathologic correlation.,AJNR. American journal of neuroradiology,11003281,,web_snippet,True,relevant,anatomy;ontogeny;pathology,wb-human-clinical
R371,2000,Gontier MF,[Pathological anatomy of tumors of the third ventricle].,Neuro-Chirurgie,10854983,,pubmed_abstract,True,peripheral,histology;pathology,pm-clinical
R372,2000,Kier LE,The evolutionary and embryologic basis for the development and anatomy of the cavum veli interpositi.,AJNR. American journal of neuroradiology,10730668,,metadata_only,True,peripheral,anatomy;ontogeny;phylogeny,wb-human-clinical
R373,2000,"Le Gars D, Foulon P",[Fundamental anatomy of the third ventricle].,Neuro-Chirurgie,10854977,,pubmed_abstract,True,peripheral,anatomy;ontogeny;phylogeny,pm-clinical
R374,2000,Lepperdinger G,"Amphibian choroid plexus lipocalin, Cpl1.",Biochimica et biophysica acta,11058754,10.1016/s0167-4838(00)00143-6,pubmed_abstract,True,peripheral,molecular;phylogeny;physiology,r1-pubmed-1
R375,2000,"Louvi A, Wassef M","Ectopic engrailed 1 expression in the dorsal midline causes cell death, abnormal differentiation of circumventricular organs and errors in axonal pathfinding","Development (Cambridge, England)",10952903,10.1242/dev.127.18.4061,pubmed_abstract,True,peripheral,molecular;ontogeny,pm-adjacent
R376,2000,"Nader-Sepahi A, Hamlyn PJ",Familial colloid cysts of the third ventricle: case report.,Neurosurgery,10719875,10.1097/00006123-200003000-00045,pubmed_abstract,True,peripheral,molecular;pathology,r1-pubmed-2
R377,2000,"Puelles L, Kuwana E, Puelles E, Bulfone A, Shimamura K, Keleher J, Smiga S, Rubenstein JL","Pallial and subpallial derivatives in the embryonic chick and mouse telencephalon, traced by the expression of the genes Dlx‐2, Emx‐1, Nkx‐2.1, Pax‐6, and Tbr‐1",Journal of Comparative Neurology,,10.1002/1096-9861(20000828)424:3<409::aid-cne3>3.0.co;2-7,wiley_passage,True,peripheral,ontogeny;terminology_history,wy-phylogeny
R378,2000,"Sergi C, Schmitt HP",The vesicular forebrain (pseudo-aprosencephaly): a missing link in the teratogenetic spectrum of the defective brain anlage and its discrimination from aprosencephaly,Acta neuropathologica,10663970,10.1007/pl00007438,pubmed_abstract,True,irrelevant,pathology;terminology_history,pm-adjacent
R379,2000,"Tole S, Ragsdale CW, Grove EA",Dorsoventral patterning of the telencephalon is disrupted in the mouse mutant extra-toes(J).,Developmental biology,10625551,10.1006/dbio.1999.9509,pubmed_abstract,True,peripheral,molecular;ontogeny,pm-molecular-physio
R380,2000,"Williams Z, Herrick MK, Tse V",Ependyma-lined cysts.,Clinical neuropathology,14606587,,pubmed_abstract,True,peripheral,histology;pathology,pm-clinical
R381,2001,"Bulchand S, Grove EA, Porter FD, Tole S",LIM-homeodomain gene Lhx2 regulates the formation of the cortical hem.,Mechanisms of development,11165475,10.1016/s0925-4773(00)00515-3,pubmed_abstract,True,peripheral,molecular;ontogeny,pm-molecular-physio
R382,2001,"Dziegielewska KM, Ek J, Habgood MD, Saunders NR",Development of the choroid plexus.,Microscopy research and technique,11135444,10.1002/1097-0029(20010101)52:1<5::aid-jemt3>3.0.co;2-j,pubmed_abstract,True,peripheral,molecular;ontogeny,pm-core
R383,2001,Hansen GN,Vascularization of the pituitary of the Australian lungfish and Neoceratodus forsteri,Acta Zoologica,,10.1046/j.1463-6395.1999.00028.x,wiley_passage,True,peripheral,anatomy,wy-phylogeny
R384,2001,"Inci S, Al-Rousan N, Söylemezoglu F, Gurçay O",Intrapontomesencephalic colloid cyst: an unusual location. Case report.,Journal of neurosurgery,11147879,10.3171/jns.2001.94.1.0118,pubmed_abstract,True,peripheral,pathology,pm-clinical
R385,2001,"Meléndez-Ferro M, Villar-Cheda B, Manoel Abalo X, Pérez-Costas E, Rodríguez-Muñoz R, Degrip WJ, Yáñez J, Rodicio MC, Anadón R",Early development of the retina and pineal complex in the sea lamprey: Comparative immunocytochemical study,The Journal of comparative neurology,11774340,10.1002/cne.10090,wiley_passage,True,peripheral,ontogeny;phylogeny,pm-adjacent;wy-phylogeny
R386,2001,"Miranda E, Almonacid JA, Rodriguez S, Perez J, Hein S, Cifuentes M, Fernández-Llebrez P, Rodríguez EM",Searching for specific binding sites of the secretory glycoproteins of the subcommissural organ.,Microscopy research and technique,11241864,10.1002/1097-0029(20010301)52:5<541::aid-jemt1039>3.0.co;2-w,pubmed_abstract,True,peripheral,molecular;physiology,pm-molecular-physio
R387,2001,"Monuki ES, Porter FD, Walsh CA",Patterning of the dorsal telencephalon and cerebral cortex by a roof plate-Lhx2 pathway.,Neuron,11719201,10.1016/s0896-6273(01)00504-9,pubmed_abstract,True,peripheral,molecular;ontogeny,pm-molecular-physio
R388,2001,"Sundaram C, Paul TR, Raju BV, Ramakrishna Murthy T, Sinha AK, Prasad VS, Purohit AK",Cysts of the central nervous system : a clinicopathologic study of 145 cases.,Neurology India,11593239,,pubmed_abstract,True,peripheral,histology;pathology,pm-clinical
R389,2002,"Ahmed SK, Stanworth PA",Colloid cysts of the third ventricle in identical twins.,British journal of neurosurgery,12201404,10.1080/026886902760187604,pubmed_abstract,True,peripheral,molecular;pathology,r1-pubmed-2
R390,2002,"Garda AL, Puelles L, Rubenstein JL, Medina L",Expression patterns of Wnt8b and Wnt7b in the chicken embryonic brain suggest a correlation with forebrain patterning centers and morphogenesis.,Neuroscience,12150789,10.1016/s0306-4522(02)00171-9,pubmed_abstract,True,peripheral,molecular;ontogeny,r1-pubmed-1
R391,2002,"Hébert JM, Mishina Y, McConnell SK",BMP signaling is required locally to pattern the dorsal telencephalic midline.,Neuron,12354394,10.1016/s0896-6273(02)00900-5,pubmed_abstract,True,peripheral,molecular;ontogeny,pm-molecular-physio
R392,2002,Korzhevskiĭ DE,[Structural organization of choroid plexus primordium in human telencephalon].,"Morfologiia (Saint Petersburg, Russia)",12108104,,pubmed_abstract,True,peripheral,histology;ontogeny,pm-core
R393,2002,"Motoyama Y, Hashimoto H, Ishida Y, Iida J",Spontaneous rupture of a presumed colloid cyst of the third ventricle--case report.,Neurologia medico-chirurgica,12064159,10.2176/nmc.42.228,pubmed_abstract,True,peripheral,anatomy;pathology,r1-pubmed-2
R394,2002,"Parwani AV, Fatani IY, Burger PC, Erozan YS, Ali SZ",Colloid cyst of the third ventricle: cytomorphologic features on stereotactic fine-needle aspiration.,Diagnostic Cytopathology,12112811,10.1002/dc.10125,wiley_passage,True,peripheral,histology;pathology,pm-clinical;wy-phylogeny
R395,2002,Schreiber G,The evolution of transthyretin synthesis in the choroid plexus,Clinical chemistry and laboratory medicine,12553420,10.1515/cclm.2002.210,pubmed_abstract,True,peripheral,molecular;phylogeny;physiology,pm-adjacent
R396,2002,"Socin HV, Born J, Wallemacq C, Betea D, Legros JJ, Beckers A",Familial colloid cyst of the third ventricle: neuroendocrinological follow-up and review of the literature.,Clinical neurology and neurosurgery,12140107,10.1016/s0303-8467(02)00005-7,pubmed_abstract,True,peripheral,pathology,pm-clinical
R397,2002,"Vigh B, Manzano MJ, Zádori A, Frank CL, Lukáts A, Röhlich P, Szél A, Dávid C","Nonvisual photoreceptors of the deep brain, pineal organs and retina.",Histology and histopathology,11962759,10.14670/hh-17.555,pubmed_abstract,True,peripheral,histology;ontogeny;phylogeny;physiology,r1-pubmed-2
R398,2003,"Awatramani R, Soriano P, Rodriguez C, Mai JJ, Dymecki SM",Cryptic boundaries in roof plate and choroid plexus identified by intersectional gene activation.,Nature genetics,12923530,10.1038/ng1228,pubmed_abstract,True,peripheral,molecular;ontogeny,r1-pubmed-1
R399,2003,"Bhattacharya S, Dey R, Basu A, Maitra SK, Banerji TK","The structure of the pineal complex in a common Indian teleost, Catla catla: evidence for pineal-induced inhibition of testicular function within an annual reproductive cycle.",Endocrine research,12856801,10.1081/erc-120022295,pubmed_abstract,True,peripheral,anatomy;histology,pm-adjacent;pm-core
R400,2003,Catala M,[Neurosurgical Embryology. Part 3: Molecular control of corpus callosum development].,Neuro-Chirurgie,14526255,,pubmed_abstract,True,peripheral,molecular;ontogeny;pathology,r1-pubmed-1
R401,2003,"Dávid C, Frank CL, Lukáts A, Szél A, Vígh B","Cerebrospinal fluid contacting neurons in the reduced brain ventricular system of the atlantic hagfish, Myxine glutinosa",Acta biologica Hungarica,12705320,10.1556/abiol.54.2003.1.4,pubmed_abstract,True,peripheral,anatomy;phylogeny,pm-adjacent
R402,2003,"Dey R, Bhattacharya S, Maitra SK, Banerji TK","The morpho-anatomy and histology of the pineal complex in a major Indian carp, Catla catla: identification of the pineal photoreceptor cells and their responsiveness to constant light and constant darkness during different phases of the annual reproductive cycle.",Endocrine research,14682472,10.1081/erc-120026949,pubmed_abstract,True,peripheral,anatomy;histology;physiology,pm-adjacent;pm-core
R403,2003,Oestreich AE,The acrophysis: a unifying concept for enchondral bone growth and its disorders. I. Normal growth.,Skeletal radiology,12605274,10.1007/s00256-002-0604-y,pubmed_abstract,True,irrelevant,terminology_history,pm-adjacent;pm-core
R404,2003,"Plouhinec JL, Sauka-Spengler T, Germot A, Le Mentec C, Cabana T, Harrison G, Pieau C, Sire JY, Véron G, Mazan S","The mammalian Crx genes are highly divergent representatives of the Otx5 gene family, a gnathostome orthology class of orthodenticle-related homeogenes involved in the differentiation of retinal photoreceptors and circadian entrainment.",Molecular biology and evolution,12654938,10.1093/molbev/msg085,pubmed_abstract,True,peripheral,molecular;phylogeny,r1-pubmed-1
R405,2004,"Alicelebić S, Mornjaković Z, Kundurović Z",Morphogenesis of the rat forebrain.,Bosnian journal of basic medical sciences,15628985,10.17305/bjbms.2004.3467,pubmed_abstract,True,peripheral,anatomy;histology;ontogeny,pm-adjacent;pm-core
R406,2004,"Hirano A, Hirano M",Benign cysts in the central nervous system: Neuropathological observations of the cyst walls,Neuropathology,,10.1111/j.1440-1789.2003.00526.x,wiley_passage,True,peripheral,pathology,wy-phylogeny
R407,2004,"Meyer G, Cabrera Socorro A, Perez Garcia CG, Martinez Millan L, Walker N, Caput D",Developmental roles of p73 in Cajal-Retzius cells and cortical patterning.,The Journal of neuroscience : the official journal of the Society for Neuroscience,15525772,10.1523/jneurosci.3060-04.2004,pubmed_abstract,True,peripheral,molecular;ontogeny,pm-molecular-physio
R408,2004,"Shinozaki K, Yoshida M, Nakamura M, Aizawa S, Suda Y",Emx1 and Emx2 cooperate in initial phase of archipallium development.,Mechanisms of development,15147765,10.1016/j.mod.2004.03.013,pubmed_abstract,True,peripheral,molecular;ontogeny,pm-molecular-physio
R409,2004,Striedter GF,Principles of Brain Evolution,[Book] publisher not shown in the search result; catalogue: bibliographical references p. 363-402 and index,,,metadata_only,False,peripheral,phylogeny,wb-textbooks
R410,2004,"Ung CY, Molteno AC",An enigmatic eye: the histology of the tuatara pineal complex.,Clinical & Experimental Ophthalmology,15633271,10.1111/j.1442-9071.2004.00912.x,wiley_passage,True,core,anatomy;histology;phylogeny;physiology;terminology_history,pm-adjacent;pm-core;wy-phylogeny
R411,2004,"Winkelmann EC, Fernandes MC, Jackowski AP, Severino AG, Schneider FL","Microscopic studies of the paraphysis of the turtle Trachemys (scripta) dorbigni (Duméril & Bibron, 1835)",Belgian Journal of Zoology,,,web_snippet,False,core,anatomy;histology;phylogeny,wb-textbooks
R412,2004,Winkelmann et al.,Microscopic studies of the paraphysis of the turtle Trachemys (scripta) dorbigni,Belgian Journal of Zoology,,,web_snippet,False,core,histology;phylogeny;physiology,wb-classical
R413,2005,"Butler AB, Hodos W",Comparative Vertebrate Neuroanatomy: Evolution and Adaptation,"[Book] Wiley-Liss, New York (2nd ed., 752 pp; ISBN 0471210056; 1st ed. 1996, xvii + 514 pp)",,,metadata_only,False,peripheral,anatomy;ontogeny;phylogeny,wb-textbooks
R414,2005,Carden SM,The pineal eye of the tuatara,Survey of ophthalmology,15850819,10.1016/j.survophthal.2005.02.004,metadata_only,True,peripheral,anatomy;phylogeny,pm-adjacent
R415,2005,"Currle DS, Cheng X, Hsu CM, Monuki ES",Direct and indirect roles of CNS dorsal midline cells in choroid plexus epithelia formation.,"Development (Cambridge, England)",15975937,10.1242/dev.01915,pubmed_abstract,True,peripheral,molecular;ontogeny,pm-molecular-physio
R416,2005,"Gaston-Massuet C, Henderson DJ, Greene NDE, Copp AJ","Zic4, a zinc-finger transcription factor, is expressed in the developing mouse nervous system.",Developmental dynamics : an official publication of the American Association of Anatomists,15895369,10.1002/dvdy.20417,pubmed_abstract,True,peripheral,molecular;ontogeny,pm-molecular-physio
R417,2005,"Hoyo-Becerra C, López-Avalos MD, Alcaide-Gavilán M, Gómez-Roldán MC, Pérez J, Fernández-Llebrez P, Grondona JM",Reissner's fiber formation depends on developmentally regulated factors extrinsic to the subcommissural organ.,Cell and tissue research,16001264,10.1007/s00441-004-1040-1,pubmed_abstract,True,peripheral,ontogeny;physiology,pm-molecular-physio
R418,2005,"Joshi SM, Gnanalingham KK, Mohaghegh P, Wilson A, Elsmore A",A case of familial third ventricular colloid cyst.,Emergency medicine journal : EMJ,16299213,10.1136/emj.2004.018440,pubmed_abstract,True,peripheral,pathology,r1-pubmed-2
R419,2005,"Kania BF, Matczuk J, Kania K, Buéno L, Fioramonti J, Romanowicz K, Sutiak V",Intracerebroventricular administration of PD 140.548 N-methyl-D-glucamine attenuates the release of cortisol and catecholamines induced by duodenal distension in the sheep.,Polish journal of veterinary sciences,16180579,,pubmed_abstract,True,irrelevant,,pm-molecular-physio
R420,2005,"Kimura J, Suda Y, Kurokawa D, Hossain ZM, Nakamura M, Takahashi M, Hara A, Aizawa S",Emx2 and Pax6 function in cooperation with Otx2 and Otx1 to develop caudal forebrain primordium that includes future archipallium.,The Journal of neuroscience : the official journal of the Society for Neuroscience,15917450,10.1523/jneurosci.0239-05.2005,pubmed_abstract,True,peripheral,molecular;ontogeny,pm-molecular-physio
R421,2005,"Kuwamura M, Muraguchi T, Matsui T, Ueno M, Takenaka S, Yamate J, Kotani T, Kuramoto T, Guénet JL, Kitada K, Serikawa T",Mutation at the Lmx1a locus provokes aberrant brain development in the rat.,Brain research. Developmental brain research,15804398,10.1016/j.devbrainres.2004.12.009,pubmed_abstract,True,peripheral,molecular;pathology,r1-pubmed-1
R422,2005,"Montecinos HA, Richter H, Caprile T, Rodríguez EM",Synthesis of transthyretin by the ependymal cells of the subcommissural organ.,Cell and tissue research,15846516,10.1007/s00441-004-0997-0,pubmed_abstract,True,peripheral,molecular;physiology,pm-molecular-physio
R423,2005,Pierrot-Deseilligny C,[From the abducens nucleus to spatial memory: an ocular motor journey].,Revue neurologique,16106806,10.1016/s0035-3787(05)85089-1,pubmed_abstract,True,irrelevant,physiology,r1-pubmed-2
R424,2006,"Alponti RF, Mancera JM, Martín-del-Río MP, Silveira PF",Galanin-like immunoreactivity in the brain of the snake Bothrops jararaca.,General and comparative endocrinology,16860322,10.1016/j.ygcen.2006.06.007,pubmed_abstract,True,peripheral,anatomy;histology;phylogeny,r1-pubmed-2
R425,2006,"Cabrera-Socorro A, Hernandez-Acosta NC, Gonzalez-Gomez M, Meyer G","Comparative aspects of p73 and Reelin expression in Cajal-Retzius cells and the cortical hem in lizard, mouse and human",Brain research,17189620,10.1016/j.brainres.2006.11.015,pubmed_abstract,True,peripheral,molecular;ontogeny;phylogeny,pm-adjacent
R426,2006,"Cheng X, Hsu CM, Currle DS, Hu JS, Barkovich AJ, Monuki ES",Central roles of the roof plate in telencephalic development and holoprosencephaly.,The Journal of neuroscience : the official journal of the Society for Neuroscience,16855091,10.1523/jneurosci.0714-06.2006,pubmed_abstract,True,peripheral,molecular;ontogeny,r1-web-1
R427,2006,"Deyts C, Casane D, Vernier P, Bourrat F, Joly J",Morphological and gene expression similarities suggest that the ascidian neural gland may be osmoregulatory and homologous to vertebrate peri‐ventricular organs,European Journal of Neuroscience,,10.1111/j.1460-9568.2006.05073.x,wiley_passage,True,peripheral,molecular;phylogeny,wy-phylogeny
R428,2006,"Goren O, Adorján I, Kálmán M",Heterogeneous occurrence of aquaporin-4 in the ependyma and in the circumventricular organs in rat and chicken.,Anatomy and embryology,16416308,10.1007/s00429-005-0067-8,pubmed_abstract,True,peripheral,histology;molecular;phylogeny,r1-pubmed-2
R429,2006,"Hoyo-Becerra C, López-Avalos MD, Pérez J, Miranda E, Rojas-Ríos P, Fernández-Llebrez P, Grondona JM",Continuous delivery of a monoclonal antibody against Reissner's fiber into CSF reveals CSF-soluble material immunorelated to the subcommissural organ in early chick embryos.,Cell and tissue research,16788834,10.1007/s00441-006-0231-3,pubmed_abstract,True,peripheral,molecular;physiology,pm-molecular-physio
R430,2006,"Rados M, Judas M, Kostović I",In vitro MRI of brain development.,European journal of radiology,16439088,10.1016/j.ejrad.2005.11.019,pubmed_abstract,True,irrelevant,terminology_history,pm-molecular-physio
R431,2006,"Regodón S, Pozo D, Roncero V",Histomorphogenesis and immunohistochemical study of the bovine pineal gland (Bos taurus) during prenatal development (160 days of gestation to birth).,Histology and histopathology,16835827,10.14670/hh-21.1043,pubmed_abstract,True,peripheral,histology;ontogeny,r1-pubmed-2
R432,2006,"Striedter GF, Northcutt RG",Head size constrains forebrain development and evolution in ray‐finned fishes,Evolution & Development,,10.1111/j.1525-142x.2006.00091.x,wiley_passage,True,peripheral,ontogeny;phylogeny,wy-phylogeny
R433,2006,"von Frowein J, Wizenmann A, Götz M",The transcription factors Emx1 and Emx2 suppress choroid plexus development and promote neuroepithelial cell fate.,Developmental biology,16793035,10.1016/j.ydbio.2006.04.461,pubmed_abstract,True,peripheral,molecular;ontogeny;phylogeny,pm-molecular-physio
R434,2007,"Alexiou GA, Zigouris A, Pahaturidis D, Goussia A, Tsiouris S, Fotopoulos AD, Zagorianakou P, Voulgaris S",Olfactory colloid cyst.,Clinical neurology and neurosurgery,17825482,10.1016/j.clineuro.2007.07.023,pubmed_abstract,True,peripheral,pathology,r1-pubmed-2
R435,2007,"Bavil MS, Vahedi P","Familial colloid cyst of the third ventricle in non-twin sisters: case report, review of the literature, controversies, and screening strategies.",Clinical neurology and neurosurgery,17561340,10.1016/j.clineuro.2007.04.017,pubmed_abstract,True,peripheral,pathology,r1-pubmed-2
R436,2007,"Duvernoy HM, Risold PY",The circumventricular organs: an atlas of comparative anatomy and vascularization.,Brain research reviews,17659349,10.1016/j.brainresrev.2007.06.002,pubmed_abstract,True,peripheral,anatomy;histology,r1-web-1
R437,2007,"Hanashima C, Fernandes M, Hebert JM, Fishell G",The role of Foxg1 and dorsal midline signaling in the generation of Cajal-Retzius subtypes.,The Journal of neuroscience : the official journal of the Society for Neuroscience,17928452,10.1523/jneurosci.1066-07.2007,pubmed_abstract,True,peripheral,molecular;ontogeny,pm-molecular-physio
R438,2007,"Huang X, Litingtung Y, Chiang C",Ectopic sonic hedgehog signaling impairs telencephalic dorsal midline development: implication for human holoprosencephaly.,Human molecular genetics,17468181,10.1093/hmg/ddm096,pubmed_abstract,True,peripheral,molecular;ontogeny;pathology,pm-molecular-physio
R439,2007,"Joly JS, Osório J, Alunni A, Auger H, Kano S, Rétaux S",Windows of the brain: towards a developmental biology of circumventricular and other neurohemal organs.,Seminars in cell & developmental biology,17631396,10.1016/j.semcdb.2007.06.001,pubmed_abstract,True,peripheral,anatomy;ontogeny;phylogeny,wb-textbooks
R440,2007,"Periakaruppan A, Kesavadas C, Radhakrishnan VV, Thomas B, Rao RM",Unique MR spectroscopic finding in colloid-like cyst.,Neuroradiology,17987286,10.1007/s00234-007-0324-z,pubmed_abstract,True,peripheral,histology;pathology,r1-pubmed-2
R441,2007,"Sahara S, Kawakami Y, Izpisua Belmonte JC, O'Leary DD",Sp8 exhibits reciprocal induction with Fgf8 but has an opposing effect on anterior-posterior cortical area patterning.,Neural development,17509151,10.1186/1749-8104-2-10,pubmed_abstract,True,peripheral,molecular,r1-pubmed-1
R442,2008,"Aurboonyawat T, Suthipongchai S, Pereira V, Ozanne A, Lasjaunias P","Patterns of cranial venous system from the comparative anatomy in vertebrates. Part I, introduction and the dorsal venous system.",Interventional neuroradiology,20566102,10.1177/159101990701300404,pubmed_abstract,True,peripheral,anatomy;phylogeny,snow-refs
R443,2008,"Bill BR, Balciunas D, McCarra JA, Young ED, Xiong T, Spahn AM, Garcia-Lecea M, Korzh V, Ekker SC, Schimmenti LA",Development and Notch signaling requirements of the zebrafish choroid plexus.,PloS one,18769591,10.1371/journal.pone.0003114,pubmed_abstract,True,peripheral,molecular;ontogeny,r1-pubmed-1
R444,2008,"García-Lecea M, Kondrychyn I, Fong SH, Ye ZR, Korzh V",In vivo analysis of choroid plexus morphogenesis in zebrafish.,PloS one,18769618,10.1371/journal.pone.0003090,pubmed_abstract,True,peripheral,histology;molecular;ontogeny,r1-pubmed-1
R445,2008,"Hingwala DR, Sanghvi DA, Shenoy AS, Dange NN, Goel AH",Colloid cyst of the velum interpositum: a common lesion at an uncommon site.,Surgical neurology,18482764,10.1016/j.surneu.2008.03.014,pubmed_abstract,True,peripheral,anatomy;pathology,pm-clinical
R446,2008,"Ormond DR, Omeis I, Mohan A, Murali R, Narayan P",Obstructive hydrocephalus due to a third ventricular neuroepithelial cyst.,Journal of neurosurgery. Pediatrics,18518701,10.3171/ped/2008/1/6/481,pubmed_abstract,True,peripheral,pathology,pm-clinical
R447,2008,"Pombero A, Martinez S",Telencephalic morphogenesis during the process of neurulation: An experimental study using quail–chick chimeras,Journal of Comparative Neurology,,10.1002/cne.21933,wiley_passage,True,relevant,molecular;ontogeny,wy-phylogeny
R448,2008,"Romani R, Niemelä M, Korja M, Hernesniemi JA",Dizygotic twins with a colloid cyst of the third ventricle: case report.,Neurosurgery,19005365,10.1227/01.neu.0000330388.91098.89,pubmed_abstract,True,peripheral,pathology,pm-clinical
R449,2008,"Willaredt MA, Hasenpusch-Theil K, Gardner HAR, Kitanovic I, Hirschfeld-Warneken VC, Gojak CP, Gorgas K, Bradford CL, Spatz J, Wölfl S, Theil T, Tucker KL",A crucial role for primary cilia in cortical morphogenesis.,The Journal of neuroscience : the official journal of the Society for Neuroscience,19036983,10.1523/jneurosci.2084-08.2008,pubmed_abstract,True,peripheral,molecular;ontogeny,pm-molecular-physio
R450,2009,"D'Addario V, Pinto V, Rossi AC, Pintucci A, Di Cagno L",Cavum veli interpositi cyst: prenatal diagnosis and postnatal outcome.,Ultrasound in obstetrics & gynecology : the official journal of the International Society of Ultrasound in Obstetrics and Gynecology,19565533,10.1002/uog.6419,pubmed_abstract,True,peripheral,anatomy;pathology,pm-molecular-physio
R451,2009,"Danesin C, Peres JN, Johansson M, Snowden V, Cording A, Papalopulu N, Houart C",Integration of telencephalic Wnt and hedgehog signaling center activities by Foxg1.,Developmental cell,19386266,10.1016/j.devcel.2009.03.007,pubmed_abstract,True,peripheral,molecular;ontogeny;phylogeny,pm-molecular-physio
R452,2009,"Dunham CP, Curry B, Hamilton M",Malignant transformation of an intraaxial-supratentorial neurenteric cyst - case report and review of the literature.,Clinical neuropathology,19919821,10.5414/npp28460,pubmed_abstract,True,peripheral,histology;pathology,pm-clinical
R453,2009,"Huang X, Ketova T, Fleming JT, Wang H, Dey SK, Litingtung Y, Chiang C",Sonic hedgehog signaling regulates a novel epithelial progenitor domain of the hindbrain choroid plexus.,"Development (Cambridge, England)",19570847,10.1242/dev.033795,pubmed_abstract,True,peripheral,molecular;ontogeny,r1-pubmed-1
R454,2009,Johnson AK,Circumventricular Organs in Neuroendocrine Control,In: Encyclopedia of Neuroscience (book chapter),,,web_snippet,False,peripheral,physiology;terminology_history,wb-textbooks
R455,2009,"Khonsari RH, Li B, Vernier P, Northcutt RG, Janvier P",Agnathan brain anatomy and craniate phylogeny,Acta Zoologica,,10.1111/j.1463-6395.2008.00388.x,wiley_passage,True,relevant,anatomy;phylogeny;terminology_history,wy-phylogeny
R456,2009,"Medina L, Abellán A",Development and evolution of the pallium.,Seminars in cell & developmental biology,19393324,10.1016/j.semcdb.2009.04.008,pubmed_abstract,True,peripheral,molecular;phylogeny,r1-pubmed-1
R457,2009,Nieuwenhuys R,On old and new comparative neurological sinners: the evolutionary importance of the membranous parts of the actinopterygian forebrain and their sites of attachment.,The Journal of comparative neurology,19575446,10.1002/cne.22106,pubmed_abstract,True,peripheral,anatomy;ontogeny;phylogeny,r1-pubmed-1
R458,2009,Nieuwenhuys R,The forebrain of actinopterygians revisited.,"Brain, behavior and evolution",19546532,10.1159/000225622,pubmed_abstract,True,peripheral,anatomy;ontogeny;phylogeny,r1-pubmed-1
R459,2009,Northcutt RG,"Telencephalic organization in the spotted African Lungfish, Protopterus dolloi: a new cytological model.","Brain, behavior and evolution",19246896,10.1159/000204963,pubmed_abstract,True,peripheral,anatomy;histology;phylogeny,r1-web-1
R460,2009,"Redshaw N, Wheeler G, Hajihosseini MK, Dalmay T",microRNA-449 is a putative regulator of choroid plexus development and function.,Brain research,19056356,10.1016/j.brainres.2008.11.020,pubmed_abstract,True,peripheral,molecular;ontogeny;physiology,pm-molecular-physio
R461,2009,"Sánchez-Arrones L, Ferrán JL, Rodríguez-Gallardo L, Puelles L",Incipient forebrain boundaries traced by differential gene expression and fate mapping in the chick neural plate.,Developmental biology,19699194,10.1016/j.ydbio.2009.08.012,pubmed_abstract,True,peripheral,molecular;ontogeny,pm-molecular-physio
R462,2009,"Subramanian L, Tole S","Mechanisms underlying the specification, positional regulation, and function of the cortical hem.","Cerebral cortex (New York, N.Y. : 1991)",19359348,10.1093/cercor/bhp031,pubmed_abstract,True,peripheral,molecular;ontogeny,pm-molecular-physio
R463,2010,"Abellán A, Vernier B, Rétaux S, Medina L",Similarities and differences in the forebrain expression of Lhx1 and Lhx5 between chicken and mouse: Insights for understanding telencephalic development and evolution.,The Journal of comparative neurology,20589911,10.1002/cne.22410,pubmed_abstract,True,peripheral,molecular;phylogeny,r1-pubmed-1
R464,2010,Charvet CJ,"A reduced progenitor pool population accounts for the rudimentary appearance of the septum, medial pallium and dorsal pallium in birds.","Brain, behavior and evolution",21135539,10.1159/000322102,pubmed_abstract,True,peripheral,ontogeny;phylogeny,r1-pubmed-1
R465,2010,"Chizhikov VV, Lindgren AG, Mishima Y, Roberts RW, Aldinger KA, Miesegaes GR, Currle DS, Monuki ES, Millen KJ",Lmx1a regulates fates and location of cells originating from the cerebellar rhombic lip and telencephalic cortical hem.,Proceedings of the National Academy of Sciences of the United States of America,20498066,10.1073/pnas.0910786107,pubmed_abstract,True,peripheral,molecular;ontogeny,pm-molecular-physio
R466,2010,Federative International Committee on Anatomical Terminology,Terminologia Embryologica,IFAA/FIPAT online list of terms for human embryonic and fetal structures (2nd edition ratified London 2019 per results),,,metadata_only,False,peripheral,ontogeny;terminology_history,wb-textbooks
R467,2010,"Hasunuma I, Toyoda F, Kadono Y, Yamamoto K, Namiki H, Kikuyama S",Localization of three types of arginine vasotocin receptors in the brain and pituitary of the newt Cynops pyrrhogaster.,Cell and tissue research,21079998,10.1007/s00441-010-1079-0,pubmed_abstract,True,relevant,histology;molecular;physiology,pm-clinical;pm-core
R468,2010,"Himmelstein DS, Bi C, Clark BS, Bai B, Kohtz JD",Balanced Shh signaling is required for proper formation and maintenance of dorsal telencephalic midline structures.,BMC developmental biology,21114856,10.1186/1471-213x-10-118,pubmed_abstract,True,peripheral,molecular;ontogeny,pm-molecular-physio
R469,2010,Meyer G,Building a human cortex: the evolutionary differentiation of Cajal-Retzius cells and the cortical hem.,Journal of anatomy,20626498,10.1111/j.1469-7580.2010.01266.x,pubmed_abstract,True,peripheral,anatomy;ontogeny;phylogeny,pm-molecular-physio
R470,2010,"Moldrich RX, Gobius I, Pollak T, Zhang J, Ren T, Brown L, Mori S, De Juan Romero C, Britanova O, Tarabykin V, Richards LJ",Molecular regulation of the developing commissural plate.,The Journal of comparative neurology,20653027,10.1002/cne.22445,pubmed_abstract,True,peripheral,anatomy;molecular;ontogeny,r1-pubmed-1
R471,2010,"Nagaraju S, O'Donovan DG, Cross J, Fernandes H",Colloid cyst of the third cerebral ventricle with an embryological remnant consistent with paraphysis cerebri in an adult human.,Clinical neuropathology,20423684,10.5414/npp29121,pubmed_abstract,True,core,anatomy;ontogeny;pathology;terminology_history,pm-adjacent;pm-clinical;pm-core
R472,2010,Nieuwenhuys R,"The development and general morphology of the telencephalon of actinopterygian fishes: synopsis, documentation and commentary",Brain structure & function,20976604,10.1007/s00429-010-0285-6,pubmed_abstract,True,peripheral,anatomy;ontogeny;phylogeny,pm-adjacent
R473,2010,Raybaud C,"The corpus callosum, the other great forebrain commissures, and the septum pellucidum: anatomy, development, and malformation.",Neuroradiology,20422408,10.1007/s00234-010-0696-3,pubmed_abstract,True,peripheral,anatomy;ontogeny;pathology;phylogeny,r1-pubmed-1
R474,2010,"Richardson MK, Admiraal J, Wright GM",Developmental anatomy of lampreys,Biological Reviews,,10.1111/j.1469-185x.2009.00092.x,wiley_passage,True,peripheral,ontogeny;phylogeny,wy-phylogeny
R475,2011,"Gruber A, Roleda MY, Bartsch I, Hanelt D, Wiencke C",SPOROGENESIS UNDER ULTRAVIOLET RADIATION IN LAMINARIA DIGITATA (PHAEOPHYCEAE) REVEALS PROTECTION OF PHOTOSENSITIVE MEIOSPORES WITHIN SORAL TISSUE: PHYSIOLOGICAL AND ANATOMICAL EVIDENCE.,Journal of phycology,27021990,10.1111/j.1529-8817.2011.00998.x,pubmed_abstract,True,irrelevant,anatomy,pm-clinical;pm-core
R476,2011,"Herrera-Pérez P, Servili A, Rendón MC, Sánchez-Vázquez FJ, Falcón J, Muñoz-Cueto JA","The pineal complex of the European sea bass (Dicentrarchus labrax): I. histological, immunohistochemical and qPCR study.",Journal of chemical neuroanatomy,21310229,10.1016/j.jchemneu.2011.01.006,pubmed_abstract,True,peripheral,anatomy;histology,pm-adjacent;pm-core
R477,2011,"Morona R, López JM, González A",Localization of calbindin-d28k and calretinin in the brain of dermophis mexicanus (amphibia: gymnophiona) and its bearing on the interpretation of newly recognized neuroanatomical regions.,"Brain, behavior and evolution",21860230,10.1159/000329521,pubmed_abstract,True,peripheral,anatomy;histology;phylogeny,r1-pubmed-1
R478,2011,Northcutt RG,The central nervous system of lungfishes,"The Biology of Lungfishes (book chapter, CRC Press)",,,web_snippet,False,peripheral,anatomy;phylogeny,r1-web-1
R479,2011,"Northcutt RG, González A",A reinterpretation of the cytoarchitectonics of the telencephalon of the comoran coelacanth.,Frontiers in neuroanatomy,21373374,10.3389/fnana.2011.00009,pubmed_abstract,True,peripheral,anatomy;phylogeny;terminology_history,pm-adjacent;pm-core
R480,2011,"Northcutt RG, Westhoff G",Connections of the medial telencephalic wall in the spotted African Lungfish.,"Brain, behavior and evolution",21212641,10.1159/000322549,pubmed_abstract,True,peripheral,anatomy;phylogeny,r1-web-1
R481,2011,"Saarinen I, Karppinen A, Saarinen P, Hytönen M, Klockars T",Inheritance of nasal dermoid sinus cyst and evidence for association with third ventricle colloid cyst.,Child's nervous system : ChNS : official journal of the International Society for Pediatric Neurosurgery,21773695,10.1007/s00381-011-1526-6,pubmed_abstract,True,peripheral,molecular;pathology,r1-pubmed-2
R482,2012,"Domínguez L, Morona R, González A, Moreno N",Characterization of the hypothalamus of Xenopus laevis during development. I. The alar regions,Journal of Comparative Neurology,,10.1002/cne.23222,wiley_passage,True,peripheral,ontogeny;terminology_history,wy-phylogeny
R483,2012,"Folgueira M, Bayley P, Navratilova P, Becker TS, Wilson SW, Clarke JD",Morphogenesis underlying the development of the everted teleost telencephalon,Neural development,22989074,10.1186/1749-8104-7-32,pubmed_abstract,True,peripheral,anatomy;ontogeny;phylogeny,pm-adjacent
R484,2012,"Hofmeister W, Devine CA, Rothnagel JA, Key B",Frizzled-3a and slit2 genetically interact to modulate midline axon crossing in the telencephalon.,Mechanisms of development,22609481,10.1016/j.mod.2012.05.004,pubmed_abstract,True,peripheral,molecular;ontogeny,r1-pubmed-1
R485,2012,"Joven A, Morona R, González A, Moreno N","Expression patterns of Pax6 and Pax7 in the adult brain of a urodele amphibian, Pleurodeles waltl",Journal of Comparative Neurology,,10.1002/cne.23276,wiley_passage,True,relevant,molecular;phylogeny;terminology_history,wy-phylogeny
R486,2012,"Konno D, Iwashita M, Satoh Y, Momiyama A, Abe T, Kiyonari H, Matsuzaki F",The mammalian DM domain transcription factor Dmrta2 is required for early embryonic development of the cerebral cortex.,PloS one,23056351,10.1371/journal.pone.0046577,pubmed_abstract,True,peripheral,molecular;ontogeny,pm-molecular-physio
R487,2012,"O'Rahilly R, Müller F",The longitudinal growth of the neuromeres and the resulting brain in the human embryo.,"Cells, tissues, organs",23183269,10.1159/000343170,pubmed_abstract,True,peripheral,ontogeny;terminology_history,pm-adjacent;pm-core
R488,2012,"Robertshaw E, Kiecker C, Bush KT, Rossi F, Volk T",Phylogenetic Origins of Brain Organisers,Scientifica,,10.6064/2012/475017,wiley_passage,True,peripheral,molecular;phylogeny,wy-phylogeny
R489,2012,"Salaud C, Hamel O, Buffenoir-Billet K, Nguyen JP",[Familial colloid cyst of the third ventricle: case report and review of the literature].,Neuro-Chirurgie,23148858,10.1016/j.neuchi.2012.09.003,pubmed_abstract,True,peripheral,pathology,r1-pubmed-2
R490,2012,"Saulnier A, Keruzore M, De Clercq S, Bar I, Moers V, Magnani D, Walcher T, Filippis C, Kricha S, Parlier D, Viviani L, Matson CK, Nakagawa Y, Theil T, Götz M, Mallamaci A, Marine JC, Zarkower D, Bellefroid EJ",The doublesex homolog Dmrt5 is required for the development of the caudomedial cerebral cortex in mammals.,"Cerebral cortex (New York, N.Y. : 1991)",22923088,10.1093/cercor/bhs234,pubmed_abstract,True,peripheral,molecular;ontogeny,pm-molecular-physio
R491,2012,"Turillazzi E, Bello S, Neri M, Riezzo I, Fineschi V","Colloid cyst of the third ventricle, hypothalamus, and heart: a dangerous link for sudden death.",Diagnostic pathology,23078815,10.1186/1746-1596-7-144,pubmed_abstract,True,peripheral,pathology,wb-human-clinical
R492,2013,"Bandín S, Morona R, Moreno N, González A",Regional expression of Pax7 in the brain of Xenopus laevis during embryonic and larval development,Frontiers in neuroanatomy,24399938,10.3389/fnana.2013.00048,pmc_fulltext,True,relevant,molecular;ontogeny;phylogeny;terminology_history,wb-recent-evodevo
R493,2013,"Bender B, Honegger JB, Beschorner R, Ernemann U, Horger M",MR imaging findings in colloid cysts of the sellar region: comparison with colloid cysts of the third ventricle and Rathke's cleft cysts.,Academic radiology,24119360,10.1016/j.acra.2013.08.014,pubmed_abstract,True,peripheral,pathology,r1-pubmed-2
R494,2013,"Benoiton LA, Correia J, Kamat AS, Wickremesekera A",Familial colloid cyst.,Journal of clinical neuroscience : official journal of the Neurosurgical Society of Australasia,24308955,10.1016/j.jocn.2013.08.012,pubmed_abstract,True,peripheral,pathology,r1-pubmed-2
R495,2013,"Choi JE, Seol HJ, Cho YS",Giant petroclival endodermal cyst with xanthogranulomatous changes.,Journal of neurosurgery. Pediatrics,23848288,10.3171/2013.6.peds1362,pubmed_abstract,True,peripheral,histology;pathology,pm-clinical
R496,2013,"Hagenlocher C, Walentek P, M Ller C, Thumberger T, Feistel K",Ciliogenesis and cerebrospinal fluid flow in the developing Xenopus brain are regulated by foxj1.,Cilia,24229449,10.1186/2046-2530-2-12,pubmed_abstract,True,peripheral,histology;ontogeny,r1-pubmed-1
R497,2013,"Joven A, Morona R, González A, Moreno N","Spatiotemporal patterns of Pax3, Pax6, and Pax7 expression in the developing brain of a urodele amphibian, Pleurodeles waltl.",The Journal of comparative neurology,23784810,10.1002/cne.23385,wiley_passage,True,relevant,histology;molecular;ontogeny;phylogeny,pm-adjacent;pm-core;wy-phylogeny
R498,2013,"Kitazono Hammell MT, Bunin N, Edgar JC, Jaramillo D",Paraphyseal changes on bone-age studies predict risk of delayed radiation-associated skeletal complications following total body irradiation.,Pediatric radiology,23539148,10.1007/s00247-013-2669-2,pubmed_abstract,True,irrelevant,pathology,pm-clinical;pm-core
R499,2013,"Kurwale N, Kumar R, Sharma MC, Sharma BS",Suprasellar dermoid cyst associated with colloid cyst of the third ventricle: Disordered embryogenesis or a mere coincidence?,Journal of neurosciences in rural practice,24250183,10.4103/0976-3147.118803,pmc_fulltext,True,relevant,ontogeny;pathology;terminology_history,pm-clinical;wb-human-clinical
R500,2013,"Parker L, Garlick N, McCarthy I, Grechenig S, Grechenig W, Smitham P",Screw fixation of medial malleolar fractures: a cadaveric biomechanical study challenging the current AO philosophy.,The bone & joint journal,24293597,10.1302/0301-620x.95b12.30498,pubmed_abstract,True,irrelevant,,pm-core
R501,2013,"Shiraishi N, Nakashima T, Yamada S, Uwabe C, Kose K, Takakuwa T",Morphogenesis of Lateral Choroid Plexus During Human Embryonic Period,The Anatomical Record,,10.1002/ar.22662,wiley_passage,True,relevant,ontogeny;terminology_history,wy-phylogeny
R502,2013,"Stephen LA, Davis GM, McTeir KE, James J, McTeir L, Kierans M, Bain A, Davey MG",Failure of centrosome migration causes a loss of motile cilia in talpid(3) mutants.,Developmental dynamics : an official publication of the American Association of Anatomists,23613203,10.1002/dvdy.23980,pubmed_abstract,True,peripheral,histology;molecular;ontogeny,pm-molecular-physio
R503,2014,"Azab WA, Salaheddin W, Alsheikh TM, Nasim K, Nasr MM",Colloid cysts posterior and anterior to the foramen of Monro: Anatomical features and implications for endoscopic excision.,Surgical neurology international,25140283,10.4103/2152-7806.138364,pubmed_abstract,True,peripheral,anatomy;pathology,pm-clinical
R504,2014,"Bandín S, Morona R, López JM, Moreno N, González A",Immunohistochemical analysis of Pax6 and Pax7 expression in the CNS of adult Xenopus laevis,Journal of chemical neuroanatomy,24717807,10.1016/j.jchemneu.2014.03.006,pubmed_abstract,True,peripheral,anatomy;molecular;phylogeny,wb-recent-evodevo
R505,2014,"Bill BR, Korzh V",Choroid plexus in developmental and evolutionary perspective,Frontiers in neuroscience,25452709,10.3389/fnins.2014.00363,pmc_fulltext,True,peripheral,molecular;ontogeny;phylogeny,wb-recent-evodevo
R506,2014,"Birba A, Ramallo MR, Morandini L, Villafañe V, Tubert C, Guimarães Moreira R, Pandolfi M",The pineal complex in the cichlid Cichlasoma dimerus: effect of different photoperiods on its cell morphology.,Journal of fish biology,24976599,10.1111/jfb.12446,pubmed_abstract,True,peripheral,anatomy;histology,pm-adjacent;pm-core
R507,2014,"Dirian L, Galant S, Coolen M, Chen W, Bedu S, Houart C, Bally-Cuif L, Foucher I",Spatial regionalization and heterochrony in the formation of adult pallial neural stem cells.,Developmental cell,25017692,10.1016/j.devcel.2014.05.012,pubmed_abstract,True,peripheral,molecular;ontogeny,pm-molecular-physio
R508,2014,"Henson HE, Parupalli C, Ju B, Taylor MR",Functional and genetic analysis of choroid plexus development in zebrafish.,Frontiers in neuroscience,25426018,10.3389/fnins.2014.00364,pubmed_abstract,True,peripheral,molecular;ontogeny,r1-pubmed-1
R509,2014,"Jacob MK, Anand SK, George P",Colloid cyst of the third ventricle presenting with features of Terson's syndrome.,Middle East African journal of ophthalmology,25371642,10.4103/0974-9233.142275,pmc_fulltext,True,peripheral,ontogeny;pathology,wb-human-clinical
R510,2014,"Kurokawa D, Ohmura T, Sakurai Y, Inoue K, Suda Y, Aizawa S",Otx2 expression in anterior neuroectoderm and forebrain/midbrain is directed by more than six enhancers.,Developmental biology,24457099,10.1016/j.ydbio.2014.01.011,pubmed_abstract,True,peripheral,molecular;ontogeny,pm-molecular-physio
R511,2014,"Moreno N, Joven A, Morona R, Bandín S, López JM, González A",Conserved localization of Pax6 and Pax7 transcripts in the brain of representatives of sarcopterygian vertebrates during development supports homologous brain regionalization,Frontiers in neuroanatomy,25147506,10.3389/fnana.2014.00075,pmc_fulltext,True,relevant,molecular;ontogeny;phylogeny,wb-recent-evodevo
R512,2014,"Ronne-Engström E, Popek E",Symptomatic colloid cysts in the third ventricle of monozygotic twins.,Upsala journal of medical sciences,25491677,10.3109/03009734.2014.988309,pubmed_abstract,True,peripheral,pathology,r1-pubmed-2
R513,2014,"Suárez R, Gobius I, Richards LJ",Evolution and development of interhemispheric connections in the vertebrate forebrain.,Frontiers in human neuroscience,25071525,10.3389/fnhum.2014.00497,pubmed_abstract,True,peripheral,anatomy;ontogeny;phylogeny,r1-pubmed-1
R514,2015,"Guerra MM, González C, Caprile T, Jara M, Vío K, Muñoz RI, Rodríguez S, Rodríguez EM",Understanding How the Subcommissural Organ and Other Periventricular Secretory Structures Contribute via the Cerebrospinal Fluid to Neurogenesis.,Frontiers in cellular neuroscience,26778959,10.3389/fncel.2015.00480,pubmed_abstract,True,peripheral,molecular;physiology,pm-molecular-physio
R515,2015,"Gupta S, Sen J",Retinoic acid signaling regulates development of the dorsal forebrain midline and the choroid plexus in the chick,"Development (Cambridge, England)",25758461,10.1242/dev.122390,pubmed_abstract,True,peripheral,molecular;ontogeny,pm-adjacent
R516,2015,"Montiel JF, Aboitiz F",Pallial patterning and the origin of the isocortex.,Frontiers in neuroscience,26512233,10.3389/fnins.2015.00377,pubmed_abstract,True,peripheral,molecular;phylogeny,r1-pubmed-1
R517,2015,"Niknejad HR, Samii A, Shen SH, Samii M",Huge familial colloid cyst of the third ventricle: An extraordinary presentation.,Surgical neurology international,26236556,10.4103/2152-7806.161416,pmc_fulltext,True,relevant,molecular;ontogeny;pathology;terminology_history,wb-human-clinical
R518,2015,"Yadav YR, Yadav N, Parihar V, Kher Y, Ratre S",Management of colloid cyst of third ventricle.,Turkish neurosurgery,26037175,10.5137/1019-5149.jtn.11086-14.1,pubmed_abstract,True,peripheral,pathology,wb-human-clinical
R519,2016,"Caronia-Brown G, Anderegg A, Awatramani R",Expression and functional analysis of the Wnt/beta-catenin induced mir-135a-2 locus in embryonic forebrain development.,Neural development,27048518,10.1186/s13064-016-0065-y,pubmed_abstract,True,peripheral,molecular;ontogeny,pm-molecular-physio
R520,2016,"Ibañez Rodriguez MP, Noctor SC, Muñoz EM",Cellular Basis of Pineal Gland Development: Emerging Role of Microglia as Phenotype Regulator.,PloS one,27861587,10.1371/journal.pone.0167063,pubmed_abstract,True,peripheral,histology;molecular;ontogeny,r1-pubmed-2
R521,2016,"Koshida R, Oishi H, Hamada M, Takei Y, Takahashi S",MafB is required for development of the hindbrain choroid plexus.,Biochemical and biophysical research communications,28025141,10.1016/j.bbrc.2016.12.150,pubmed_abstract,True,peripheral,molecular;ontogeny,pm-molecular-physio
R522,2016,"Lavrador JP, Brogna C, Vergani F, Hasegawa H, Aizpurua M, Bhangoo R",Third-ventricle enterogenous cyst presentation mimicking a colloid cyst: uncommon presentation of a rare disease and literature review.,Acta neurochirurgica,27981391,10.1007/s00701-016-3052-5,pubmed_abstract,True,peripheral,histology;pathology,pm-clinical
R523,2016,"Rincón Camacho L, Morandini L, Birba A, Cavallino L, Alonso F, LoNostro FL, Pandolfi M",The pineal complex: a morphological and immunohistochemical comparison between a tropical (Paracheirodon axelrodi) and a subtropical (Aphyocharax anisitsi) characid species.,Journal of Morphology,27439893,10.1002/jmor.20581,wiley_passage,True,peripheral,anatomy;histology;phylogeny,pm-adjacent;pm-core;wy-phylogeny
R524,2016,"Ten Donkelaar HJ, Broman J, Neumann PE, Puelles L, Riva A, Tubbs RS, Kachlik D",Towards a Terminologia Neuroanatomica,"Clinical anatomy (New York, N.Y.)",27910135,10.1002/ca.22809,wiley_passage,True,peripheral,anatomy;terminology_history,wb-textbooks;wy-phylogeny
R525,2016,"Watanabe M, Fung ES, Chan FB, Wong JS, Coutts M, Monuki ES",BMP4 acts as a dorsal telencephalic morphogen in a mouse embryonic stem cell culture system.,Biology open,27815243,10.1242/bio.012021,pubmed_abstract,True,peripheral,molecular;ontogeny,pm-molecular-physio
R526,2017,Emerling CA,"Archelosaurian Color Vision, Parietal Eye Loss, and the Crocodylian Nocturnal Bottleneck.",Molecular biology and evolution,27940498,10.1093/molbev/msw265,pubmed_abstract,True,peripheral,molecular;phylogeny,r1-pubmed-1
R527,2017,Federative International Programme for Anatomical Terminology (FIPAT),Terminologia Neuroanatomica,FIPAT/IFAA online terminology (fipat.library.dal.ca; ifaa.unifr.ch),,,metadata_only,False,peripheral,anatomy;terminology_history,wb-textbooks
R528,2017,"Gaillard F, Kang O, Knipe H",Paraphysis elements,Radiopaedia.org (online encyclopaedia article; last revised May 2017 by Murphy A),,,web_snippet,False,core,ontogeny;pathology;terminology_history,wb-textbooks
R529,2017,"García-Lecea M, Gasanov E, Jedrychowska J, Kondrychyn I, Teh C, You MS, Korzh V",Development of Circumventricular Organs in the Mirror of Zebrafish Enhancer-Trap Transgenics,Frontiers in neuroanatomy,29375325,10.3389/fnana.2017.00114,pubmed_abstract,True,peripheral,anatomy;molecular;ontogeny,pm-adjacent
R530,2017,International Committee on Veterinary Embryological Nomenclature,"Nomina Embryologica Veterinaria (2nd ed., revised 2017)","PDF hosted by Univ. Leipzig (vetmed.uni-leipzig.de, NEV_2nd-Edition-2017.pdf)",,,metadata_only,False,peripheral,ontogeny;terminology_history,wb-textbooks
R531,2017,Kaas JH (ed),Evolution of Nervous Systems,"[Reference work, multi-volume] Elsevier (CARTA records disagree: a 2007 label and a 2017 2nd edition)",,,metadata_only,False,peripheral,phylogeny,wb-textbooks
R532,2017,Kiecker C,The origins of the circumventricular organs.,Journal of Anatomy,29280147,10.1111/joa.12771,wiley_passage,True,peripheral,molecular;ontogeny;phylogeny,wb-textbooks;wy-phylogeny
R533,2017,Korzh V,Development of brain ventricular system.,Cellular and molecular life sciences : CMLS,28780589,10.1007/s00018-017-2605-y,pubmed_abstract,True,peripheral,anatomy;ontogeny;phylogeny,r1-pubmed-1
R534,2017,"Manzano AS, Herrel A, Fabre A, Abdala V",Variation in brain anatomy in frogs and its possible bearing on their locomotor ecology,Journal of Anatomy,,10.1111/joa.12613,wiley_passage,True,relevant,anatomy;histology;phylogeny,wy-phylogeny
R535,2017,"Mukherjee B, Malur PR, Pilli GS, Bannur HB",COLLOID CYST OF THE THIRD VENTRICLE: A Case Report.,"Medical journal, Armed Forces India",28769250,10.1016/s0377-1237(17)30928-0,web_snippet,True,peripheral,ontogeny;pathology,wb-human-clinical
R536,2017,"Shahjouei S, Habibi Z, Naderi S, Mahmoodi R, Nejat F",Congenital obstruction of foramen of Monro: report of 10 patients and literature review.,Child's nervous system : ChNS,29209884,10.1007/s00381-017-3671-z,pubmed_abstract,True,peripheral,ontogeny;pathology,pm-clinical
R537,2017,"Sugahara F, Murakami Y, Pascual-Anaya J, Kuratani S",Reconstructing the ancestral vertebrate brain,"Development, Growth & Differentiation",,10.1111/dgd.12347,wiley_passage,True,peripheral,phylogeny,wy-phylogeny
R538,2017,World Association of Veterinary Anatomists (WAVA),Nomina Anatomica Veterinaria,Nomenclature list for domestic mammals (1st ed. 1968; six editions; 5th/6th as PDF),,,metadata_only,False,peripheral,anatomy;terminology_history,wb-textbooks
R539,2018,"Crasto JA, Fourman MS, Morales-Restrepo A, Mahjoub A, Mandell JB, Ramnath K, Tebbets JC, Watters RJ, Weiss KR",Disulfiram reduces metastatic osteosarcoma tumor burden in an immunocompetentor-thotopic mouse model.,Oncotarget,30046395,10.18632/oncotarget.25733,pubmed_abstract,True,irrelevant,,pm-core
R540,2018,"Cuoco JA, Rogers CM, Busch CM, Benko MJ, Apfel LS, Elias Z",Postexercise Death Due to Hemorrhagic Colloid Cyst of Third Ventricle: Case Report and Literature Review.,World neurosurgery,30590211,10.1016/j.wneu.2018.12.057,pubmed_abstract,True,peripheral,pathology,wy-physiology-clinical
R541,2018,"Eymann R, Kiefer M","[Rathke cysts, craniopharyngioma, and colloid cysts : What are the differences between these pathologies?].",Der Radiologe,29777270,10.1007/s00117-018-0398-0,pubmed_abstract,True,peripheral,ontogeny;pathology,pm-clinical
R542,2018,"Fourman MS, Mahjoub A, Mandell JB, Yu S, Tebbets JC, Crasto JA, Alexander PE, Weiss KR",Quantitative Primary Tumor Indocyanine Green Measurements Predict Osteosarcoma Metastatic Lung Burden in a Mouse Model.,Clinical orthopaedics and related research,29408832,10.1007/s11999.0000000000000003,pubmed_abstract,True,irrelevant,,pm-core
R543,2018,"Hoops D, Desfilis E, Ullmann JFP, Janke AL, Stait-Gardner T, Devenyi GA, Price WS, Medina L, Whiting MJ, Keogh JS",A 3D MRI-based atlas of a lizard brain,The Journal of comparative neurology,29931765,10.1002/cne.24480,pubmed_abstract,True,peripheral,anatomy;phylogeny,wb-recent-evodevo
R544,2018,"Jay SM, MacFarlane MR",Case Report: Paired/Dual Colloid Cysts in the Third Ventricle - A Discussion of Embryological Origin,International Journal of Brain Disorders and Treatment,,10.23937/2469-5866/1510023,web_snippet,False,peripheral,ontogeny;pathology,wb-human-clinical
R545,2018,"Lametschwandtner A, Minnich B","Microvascular anatomy of the brain of the adult pipid frog, Xenopus laevis (Daudin): A scanning electron microscopic study of vascular corrosion casts",Journal of Morphology,,10.1002/jmor.20824,wiley_passage,True,relevant,anatomy;physiology,wy-phylogeny
R546,2018,"Lecumberri B, Pozo-Kreilinger JJ, Esteban I, Gomes M, Royo A, Gómez de la Riva Á, Pérez de Nanclares G",Head and neck manifestations of an undiagnosed McCune-Albright syndrome: clinicopathological description and literature review.,Virchows Archiv : an international journal of pathology,29984378,10.1007/s00428-018-2396-z,pubmed_abstract,True,peripheral,molecular;pathology,r1-pubmed-2
R547,2018,"Mahjoub A, Morales-Restrepo A, Fourman MS, Mandell JB, Feiqi L, Hankins ML, Watters RJ, Weiss KR",Tumor Resection Guided by Intraoperative Indocyanine Green Dye Fluorescence Angiography Results in Negative Surgical Margins and Decreased Local Recurrence in an Orthotopic Mouse Model of Osteosarcoma.,Annals of surgical oncology,30588559,10.1245/s10434-018-07114-9,pubmed_abstract,True,irrelevant,,pm-core
R548,2018,"O'Neill AH, Gragnaniello C, Lai LT",Natural history of incidental colloid cysts of the third ventricle: A systematic review.,Journal of clinical neuroscience,29731276,10.1016/j.jocn.2018.04.061,pubmed_abstract,True,peripheral,pathology,wb-human-clinical
R549,2018,"Robles LA, Paez JM, Ayala D, Boleaga-Duran B",Intracranial glioependymal (neuroglial) cysts: a systematic review.,Acta neurochirurgica,29802560,10.1007/s00701-018-3566-0,pubmed_abstract,True,peripheral,pathology;terminology_history,pm-clinical
R550,2018,"Smith KT, Bhullar BS, Köhler G, Habersetzer J",The Only Known Jawed Vertebrate with Four Eyes and the Bauplan of the Pineal Complex,Current biology : CB,29614279,10.1016/j.cub.2018.02.021,pubmed_abstract,True,peripheral,anatomy;phylogeny,pm-adjacent
R551,2018,"Suárez R, Paolino A, Fenlon LR, Morcom LR, Kozulin P, Kurniawan ND, Richards LJ",A pan-mammalian map of interhemispheric brain connections predates the evolution of the corpus callosum.,Proceedings of the National Academy of Sciences of the United States of America,30181276,10.1073/pnas.1808262115,pubmed_abstract,True,peripheral,anatomy;phylogeny,r1-pubmed-1
R552,2018,"ten Donkelaar HJ, Kachlik D, Tubbs RS",An Illustrated Terminologia Neuroanatomica: A Concise Encyclopedia of Human Neuroanatomy,[Book] Springer,,,metadata_only,False,peripheral,anatomy;terminology_history,wb-textbooks
R553,2019,"Bhatt AS, Mhatre R, Nadeesh BN, Mahadevan A, Yasha TC, Santosh V",Nonneoplastic Cystic Lesions of the Central Nervous System-Histomorphological Spectrum: A Study of 538 Cases.,Journal of neurosciences in rural practice,31595123,10.1055/s-0039-1698033,pubmed_abstract,True,peripheral,histology;pathology,pm-clinical
R554,2019,"Chizhikov VV, Iskusnykh IY, Steshina EY, Fattakhov N, Lindgren AG, Shetty AS, Roy A, Tole S, Millen KJ",Early dorsomedial tissue interactions regulate gyrification of distal neocortex.,Nature communications,31729356,10.1038/s41467-019-12913-z,pubmed_abstract,True,peripheral,molecular;ontogeny,pm-molecular-physio
R555,2019,"Korzh V, Kondrychyn I",Origin and development of circumventricular organs in living vertebrate,Seminars in cell & developmental biology,31706729,10.1016/j.semcdb.2019.10.010,pubmed_abstract,True,peripheral,molecular;ontogeny;phylogeny,wb-recent-evodevo
R556,2019,"López JM, Morona R, Moreno N, Lozano D, Jiménez S, González A","Pax6 expression highlights regional organization in the adult brain of lungfishes, the closest living relatives of land vertebrates",The Journal of comparative neurology,31299095,10.1002/cne.24744,pubmed_abstract,True,peripheral,anatomy;molecular;phylogeny,wb-recent-evodevo
R557,2019,"Meyer G, González-Arnay E, Moll U, Nemajerova A, Tissir F, González-Gómez M",Cajal-Retzius neurons are required for the development of the human hippocampal fissure.,Journal of anatomy,30861578,10.1111/joa.12947,pubmed_abstract,True,peripheral,anatomy;ontogeny,pm-molecular-physio
R558,2019,"Moradi B, Rahmani M, Kia K, Kazemi MA, Tahmasebpour AR",Cavum velum interpositum cysts in normal and anomalous fetuses in second trimester of pregnancy: Comparison of its size and prevalence.,Taiwanese journal of obstetrics & gynecology,31759534,10.1016/j.tjog.2019.09.016,pubmed_abstract,True,peripheral,anatomy;pathology,r1-pubmed-2
R559,2019,Raybaud C,Corpus Callosum: Molecular Pathways in Mice and Human Dysgeneses.,Neuroimaging clinics of North America,31256865,10.1016/j.nic.2019.03.006,pubmed_abstract,True,peripheral,molecular;ontogeny;pathology,r1-pubmed-1
R560,2019,"Ringler E, Coates M, Cobo-Cuan A, Harris NG, Narins PM",MEMRI for visualizing brain activity after auditory stimulation in frogs.,Behavioral neuroscience,31045394,10.1037/bne0000318,pubmed_abstract,True,relevant,physiology,pm-clinical;pm-core
R561,2019,"Ten Donkelaar HJ, Puelles L",Editorial: Recent Developments in Neuroanatomical Terminology,Frontiers in neuroanatomy,31447656,10.3389/fnana.2019.00080,metadata_only,True,peripheral,anatomy;terminology_history,wb-textbooks
R562,2019,"Uno T, Hayashi Y, Sasagawa Y, Miyamori T, Oishi M, Nakada M",Suprasellar Colloid Cyst over 11-Year Follow-up: Case Report and Literature Review.,World neurosurgery,30664960,10.1016/j.wneu.2018.11.258,pubmed_abstract,True,peripheral,ontogeny;pathology,r1-pubmed-2
R563,2019,"Waschke J, et al.",Sobotta Lehrbuch Anatomie,"[Textbook] Elsevier, 2nd ed.",,,metadata_only,False,peripheral,anatomy;terminology_history,wb-textbooks
R564,2019,"Yang C, Li L, Kou Z, Zhang H, Wang L, Zhao Y, Zhu N",Telencephalon Cytoarchitecture of tsinling dwarf skinks (Scincella tsinlingensis).,"Micron (Oxford, England : 1993)",31846724,10.1016/j.micron.2019.102799,pubmed_abstract,True,peripheral,anatomy;histology;phylogeny;terminology_history,pm-adjacent;pm-core
R565,2020,"Calderón C, Fernandez-de Thomas RJ, De Jesus O",Familial Colloid Cysts of the Third Ventricle: Case Report and Literature Review.,Asian journal of neurosurgery,32656143,10.4103/ajns.ajns_332_19,pubmed_abstract,True,peripheral,pathology,pm-clinical
R566,2020,"Casoni F, Croci L, Vincenti F, Podini P, Riba M, Massimino L, Cremona O, Consalez GG",ZFP423 regulates early patterning and multiciliogenesis in the hindbrain choroid plexus.,"Development (Cambridge, England)",33046507,10.1242/dev.190173,pubmed_abstract,True,peripheral,histology;molecular;ontogeny,pm-molecular-physio
R567,2020,"Cosgrove ME, Saadon J, Chesler DA",Colloid cyst curtailed: A case report of spontaneous colloid cyst regression.,Surgical neurology international,33500803,10.25259/sni_536_2020,pmc_fulltext,True,peripheral,ontogeny;pathology,wb-human-clinical
R568,2020,"Khanpara SD, Day AL, Bhattacharjee MB, Riascos RF, Fernelius JP, Westmark KD",The Variable Appearance of Third Ventricular Colloid Cysts: Correlation with Histopathology and the Risk of Obstructive Ventriculomegaly.,AJNR. American journal of neuroradiology,32912876,10.3174/ajnr.a6722,pubmed_abstract,True,peripheral,pathology,wb-human-clinical
R569,2020,"Lannon M, Mackenzie J, Reddy K",Genetics of Colloid Cyst in Monozygotic Twins: Case Report and Review of Literature.,World neurosurgery,32889197,10.1016/j.wneu.2020.08.176,pubmed_abstract,True,peripheral,molecular;pathology,r1-pubmed-2
R570,2020,"Musa G, Simfukwe K, Gots A, Chmutin G, Chmutin E, Chaurasia B",Clinical and radiological characteristics in fatal third ventricle colloid cyst. Literature review.,Journal of clinical neuroscience,33317739,10.1016/j.jocn.2020.10.032,pubmed_abstract,True,peripheral,pathology,wb-human-clinical
R571,2020,"Sinaiko G, Dietrich CH",A new genus and species of Paralimnini leafhoppers from Israel (Hemiptera: Cicadellidae: Deltocephalinae).,Zootaxa,33055849,10.11646/zootaxa.4790.2.12,metadata_only,True,irrelevant,,pm-core
R572,2020,"Voglmayr H, Jaklitsch WM, Tello S","and(Cenangiaceae) are closest relatives: phylogenetic relationships, morphology and a new species.",Mycological progress,33192221,10.1007/s11557-020-01630-3,metadata_only,True,irrelevant,,pm-core
R573,2021,"Alvarez Cuevas G, Sciarra M, De Battista JC, Coca H, Campos G, Toscano M",[Microscopic excision of a colloyd cyst of the third ventricle assisted by endoscopy. Case report and literature analysis.].,"Revista de la Facultad de Ciencias Medicas (Cordoba, Argentina)",34962739,10.31053/1853.0605.v78.n4.32094,pubmed_abstract,True,peripheral,pathology,wb-nonenglish
R574,2021,"Birnbaum R, Barzilay R, Brusilov M, Wolman I, Malinger G",Normal cavum veli interpositi at 14-17 gestational weeks: three-dimensional and Doppler transvaginal neurosonographic study.,Ultrasound in obstetrics & gynecology : the official journal of the International Society of Ultrasound in Obstetrics and Gynecology,32798260,10.1002/uog.22176,pubmed_abstract,True,peripheral,anatomy;ontogeny,pm-molecular-physio
R575,2021,"Bk P, Shrivastava A, Goel G, Panwar H, Kapoor N","A Rare, yet Classic Case of Colloid Cyst of Third Ventricle.",Cureus,34408956,10.7759/cureus.16406,pmc_fulltext,True,peripheral,histology;ontogeny;pathology,wb-human-clinical
R576,2021,"D'Gama PP, Qiu T, Cosacak MI, Rayamajhi D, Konac A, Hansen JN, Ringers C, Acuña-Hinrichsen F, Hui SP, Olstad EW, Chong YL, Lim CKA, Gupta A, Ng CP, Nilges BS, Kashikar ND, Wachten D, Liebl D, Kikuchi K, Kizil C, Yaksi E, Roy S, Jurisch-Yaksi N",Diversity and function of motile ciliated cell types within ependymal lineages of the zebrafish brain.,Cell reports,34610312,10.1016/j.celrep.2021.109775,pubmed_abstract,True,peripheral,histology;molecular;phylogeny;physiology,pm-molecular-physio
R577,2021,"Jiménez S, Moreno N",Analysis of the Expression Pattern of Cajal-Retzius Cell Markers in the Xenopus laevis Forebrain.,"Brain, behavior and evolution",34614492,10.1159/000519025,pubmed_abstract,True,peripheral,anatomy;molecular;phylogeny,r1-pubmed-1
R578,2021,"Laitman JT, Miller SC","Blind snakes slink, wriggle, and bump through the pages of The Anatomical Record in a novel Special Issue",The Anatomical Record,,10.1002/ar.24728,wiley_passage,True,peripheral,terminology_history,wy-phylogeny
R579,2021,"Lazcano I, Cisneros-Mejorado A, Concha L, Ortiz-Retana JJ, Garza-Villarreal EA, Orozco A",MRI- and histologically derived neuroanatomical atlas of the Ambystoma mexicanum (axolotl),Scientific reports,33972650,10.1038/s41598-021-89357-3,pmc_fulltext,True,peripheral,anatomy,wb-recent-evodevo
R580,2021,"Moore SA, Iulianella A","Development of the mammalian cortical hem and its derivatives: the choroid plexus, Cajal-Retzius cells and hippocampus.",Open biology,33947245,10.1098/rsob.210042,pubmed_abstract,True,peripheral,molecular;ontogeny,pm-molecular-physio
R581,2021,Prusik M,Developmental morphology of the turkey pineal gland in histological images and 3D models.,"Micron (Oxford, England : 1993)",34923408,10.1016/j.micron.2021.103196,pubmed_abstract,True,peripheral,histology;ontogeny,r1-pubmed-2
R582,2021,Sarnat HB,Transitory and Vestigial Structures of the Developing Human Nervous System.,Pediatric neurology,34416613,10.1016/j.pediatrneurol.2021.07.003,pubmed_abstract,True,peripheral,ontogeny;pathology;phylogeny,r1-pubmed-2
R583,2022,"Altmann R, Scharnreitner I, Auer C, Hirtler L, Springer C, Falschlehner S, Arzt W","Visualization of the Third Ventricle, the Future Cavum Septi Pellucidi, and the Cavum Veli Interpositi at 11+3 to 13+6 Gestational Weeks on 3D Transvaginal Ultrasound Including Normative Data.","Ultraschall in der Medizin (Stuttgart, Germany : 1980)",35213924,10.1055/a-1683-6141,pubmed_abstract,True,peripheral,anatomy;ontogeny,r1-pubmed-2
R584,2022,"Giantini-Larsen AM, Garton ALA, Villamater FN, Kuzan-Fischer CM, Savage NJ, Cunniff CM, Ross ME, Christos PJ, Stieg PE, Souweidane MM",Familial colloid cysts: not a chance occurrence.,Journal of neuro-oncology,35243591,10.1007/s11060-022-03966-0,pubmed_abstract,True,peripheral,molecular;pathology,r1-pubmed-2
R585,2022,"Glover JC, Fritzsch B",Molecular mechanisms governing development of the hindbrain choroid plexus and auditory projection: A validation of the seminal observations of Wilhelm His.,IBRO neuroscience reports,36247525,10.1016/j.ibneur.2022.09.011,pubmed_abstract,True,peripheral,molecular;ontogeny;terminology_history,pm-molecular-physio
R586,2022,"Henningsen MB, Gulisano HA, Bjarkam CR",Congenital hydrocephalus in a trisomy 9p gained child: a case report.,Journal of medical case reports,35619116,10.1186/s13256-022-03424-5,pubmed_abstract,True,peripheral,molecular;pathology,r1-pubmed-2
R587,2022,"Jiménez S, Moreno N",Development of subdomains in the medial pallium ofand: Insights into the anamniote-amniote transition.,Frontiers in neuroanatomy,36406242,10.3389/fnana.2022.1039081,pubmed_abstract,True,peripheral,molecular;ontogeny;phylogeny,r1-pubmed-1
R588,2022,"Kier EL, Conlogue GJ, VanHouten JN","Cerebral arterial and ventricular morphology of the dogfish (Squalus acanthias), American bullfrog (Rana catesbeiana), and green iguana (Iguana iguana): Arterial high‐resolution micro‐CT, dissection, and radiography study",The Anatomical Record,,10.1002/ar.25028,wiley_passage,True,relevant,anatomy;phylogeny,wy-phylogeny
R589,2022,"Kompaníková P, Bryja V",Regulation of choroid plexus development and its functions.,Cellular and molecular life sciences : CMLS,35589983,10.1007/s00018-022-04314-1,pubmed_abstract,True,peripheral,histology;molecular;ontogeny;physiology,pm-molecular-physio
R590,2022,Korzh V,Development of the brain ventricular system from a comparative perspective,Clinical Anatomy,,10.1002/ca.23994,wiley_passage,True,peripheral,anatomy;phylogeny,wy-phylogeny
R591,2022,"Lee BG, Shin HT, Hur JS","A New Lichen-Forming Fungus,, from a Forested Wetland in South Korea, with a Taxonomic Key for Aspicilioid Species of Korea.",Mycobiology,35291595,10.1080/12298093.2021.2021642,pubmed_abstract,True,irrelevant,anatomy,pm-clinical;pm-core
R592,2022,"Otamendi-Lopez A, Marenco-Hillembrand LC, De Biase G, Snyman C, Quiñones-Hinojosa A",Disease characteristics and patterns of familial colloid cyst of the third ventricle: An international survey of the Colloid Cyst Survivors Group.,Journal of clinical neuroscience : official journal of the Neurosurgical Society of Australasia,36265365,10.1016/j.jocn.2022.09.018,pubmed_abstract,True,peripheral,molecular;pathology,r1-pubmed-2
R593,2022,"Oteng'o AO, Won BY, Cho TO","Proposal for the Sungminiaceae fam. nov. (Ralfsiales, Phaeophyceae) for Sungminia gen. nov. with three new species based on molecular and morphological analyses.",Journal of phycology,35852925,10.1111/jpy.13280,metadata_only,True,irrelevant,,pm-core
R594,2022,"Parichha A, Suresh V, Chatterjee M, Kshirsagar A, Ben-Reuven L, Olender T, Taketo MM, Radosevic V, Bobic-Rasonja M, Trnski S, Holtzman MJ, Jovanov-Milosevic N, Reiner O, Tole S",Constitutive activation of canonical Wnt signaling disrupts choroid plexus epithelial fate.,Nature communications,35110543,10.1038/s41467-021-27602-z,pubmed_abstract,True,peripheral,molecular;ontogeny,pm-molecular-physio
R595,2022,"Paulla Galdino Chaves J, Henrique Dallo Gallo B, Louise Gonçalves Souza E Silva N, Luvison Gomes da Silva L, Alberto Mattozo C",Intracranial ependymal cyst - A modern systematic review with a pathway to diagnosis.,Journal of clinical neuroscience : official journal of the Neurosurgical Society of Australasia,35228087,10.1016/j.jocn.2022.02.030,pubmed_abstract,True,peripheral,histology;pathology;terminology_history,pm-clinical
R596,2022,"Poyuran R, Kalaparti VSVG, Thomas B, Kesavapisharady K, Narasimhaiah D",Nonneoplastic and noninfective cysts of the central nervous system: A histopathological study.,Neuropathology : official journal of the Japanese Society of Neuropathology,36210745,10.1111/neup.12867,pubmed_abstract,True,peripheral,histology;pathology,pm-clinical
R597,2022,"Qiao G, Zhao J, Liu J, Tan X, Qin W",Two NovelSpecies from Blighted Stems ofandin China.,Biology,36290363,10.3390/biology11101459,metadata_only,True,irrelevant,,pm-core
R598,2022,"Örği E, Oğuz AR","Anatomical and histological investigation of the pineal gland in the lake van fish (Alburnus tarichi (Güldenstädt, 1814)).","Anatomia, histologia, embryologia",35285548,10.1111/ahe.12802,pubmed_abstract,True,peripheral,anatomy;histology,pm-core
R599,2022,"Rivas-Manzano P, Torres-Ramírez N, Parra-Gámez L, Ortiz-Hernández R",Histological reinterpretation of paraphysis cerebri in Ambystoma mexicanum.,Acta histochemica,35738026,10.1016/j.acthis.2022.151915,pubmed_abstract,True,core,anatomy;histology;ontogeny;phylogeny;terminology_history,pm-adjacent;pm-core
R600,2022,"Turner KJ, Hawkins TA, Henriques PM, Valdivia LE, Bianco IH, Wilson SW, Folgueira M",A Structural Atlas of the Developing Zebrafish Telencephalon Based on Spatially-Restricted Transgene Expression,Frontiers in neuroanatomy,35721460,10.3389/fnana.2022.840924,pmc_fulltext,True,peripheral,anatomy;ontogeny,wb-recent-evodevo
R601,2023,"Aldabek D, Deckert M, Mawrin C, Warnke JP",Colloid cyst with hyphal-like structures: A rarity that mimics actinomycosis of athe third ventricle.,Clinical neuropathology,36366963,10.5414/np301456,pubmed_abstract,True,peripheral,histology;pathology,r1-pubmed-2
R602,2023,"Colakoglu F, Selcuk ML",Embryonic development of the chick pineal gland throughout the incubation periods.,"Anatomia, histologia, embryologia",37962374,10.1111/ahe.12995,pubmed_abstract,True,peripheral,histology;ontogeny,r1-pubmed-2
R603,2023,"Kunpalin Y, Sichitiu J, Krishan P, Blaser S, Shannon P, Van Mieghem T, Shinar S",Midline suprapineal pseudocyst in brain of fetuses with open spina bifida.,Ultrasound in obstetrics & gynecology : the official journal of the International Society of Ultrasound in Obstetrics and Gynecology,37058393,10.1002/uog.26221,pubmed_abstract,True,peripheral,anatomy;pathology,r1-pubmed-2
R604,2023,"Mansour MA, Khalil DF, Hamdi A, Bayoumi M, El-Salamoni MA, Elsoulia A, Lasheen AA, Kamel AE, Nawara M, Ayad AA",Intraventricular sizeable colloid cyst with atypical radiological features: A case report and evidence-based review.,Radiology case reports,37636536,10.1016/j.radcr.2023.07.064,pmc_fulltext,True,peripheral,histology;pathology;terminology_history,wb-human-clinical
R605,2023,"Melicher D, Gaál S, Berényi T, Fenyves BG, Novák PK, Tóth A, Szegedi L, Varga C",Acute hydrocephalus caused by a colloid cyst - a case report.,International journal of emergency medicine,37076791,10.1186/s12245-023-00500-5,pubmed_abstract,True,peripheral,pathology,r1-pubmed-2
R606,2023,"Nadeem A, Espinosa J, Lucerna A",Colloid Cyst Presenting With Severe Headache and Bilateral Leg Weakness: Case Report and Review.,Cureus,38143674,10.7759/cureus.49347,pmc_fulltext,True,peripheral,ontogeny;pathology,wb-human-clinical
R607,2023,"Stanishevskiy A, Gavrilov G, Svistov D, Cherebillo V, Kurnukhina M",Symptomatic intraventricular choroid plexus cysts. Illustrative case and systematic review.,Neurosurgical review,37801091,10.1007/s10143-023-02176-0,pubmed_abstract,True,peripheral,pathology,pm-clinical
R608,2024,"Folgueira M, Clarke JDW",Telencephalic eversion in embryos and early larvae of four teleost species,Evolution & Development,38425004,10.1111/ede.12474,wiley_passage,True,peripheral,anatomy;ontogeny;phylogeny,pm-adjacent;wy-phylogeny
R609,2024,"González M, Maurelia F, Aguayo J, Amigo R, Arrué R, Gutiérrez JL, Torrejón M, Farkas C, Caprile T",Uncovering the role of the subcommissural organ in early brain development through transcriptomic analysis.,Biological research,39068496,10.1186/s40659-024-00524-y,pubmed_abstract,True,peripheral,molecular;ontogeny;physiology,pm-molecular-physio
R610,2024,"Gurses ME, Lu VM, Gecici NN, Shah KH, Gökalp E, Bashti M, Haider S, Komotar RJ",Utilizing tubular retractors in colloid cyst resection: A single surgeon experience.,Surgical neurology international,38840593,10.25259/sni_231_2024,pubmed_abstract,True,peripheral,ontogeny;pathology,r1-pubmed-2
R611,2024,"Hegarty BE, Gruenhagen GW, Johnson ZV, Baker CM, Streelman JT",Spatially resolved cell atlas of the teleost telencephalon and deep homology of the vertebrate forebrain,Communications biology,38773256,10.1038/s42003-024-06315-1,pmc_fulltext,True,peripheral,molecular;phylogeny,wb-recent-evodevo
R612,2024,"Jeong I, Andreassen SN, Hoang L, Poulain M, Seo Y, Park HC, Fürthauer M, MacAulay N, Jurisch-Yaksi N",The evolutionarily conserved choroid plexus contributes to the homeostasis of brain ventricles in zebrafish.,Cell reports,38843394,10.1016/j.celrep.2024.114331,pubmed_abstract,True,peripheral,histology;phylogeny;physiology,r1-pubmed-1
R613,2024,"Jiang Y, Yu XF, Yang MF","Three new species of(Hemiptera, Cicadellidae, Cicadellinae) from southwestern China.",ZooKeys,39780994,10.3897/zookeys.1221.129125,metadata_only,True,irrelevant,,pm-core
R614,2024,"Lozano D, López JM, Chinarro A, Morona R, Moreno N",A detailed 3D MRI brain atlas of the African lungfish Protopterus annectens,Scientific reports,38580713,10.1038/s41598-024-58671-x,pmc_fulltext,True,peripheral,anatomy;phylogeny,wb-recent-evodevo
R615,2024,"Nedelcu AH, Lupu VV, Lupu A, Tepordei RT, Ioniuc I, Stan CI, Vicoleanu SAP, Haliciu AM, Statescu G, Ursaru M, Danielescu C, Tarniceriu CC",Triangular fossa of the third cerebral ventricle - an original 3D model and morphometric study.,Frontiers in neuroanatomy,39135984,10.3389/fnana.2024.1398858,pmc_fulltext,True,irrelevant,anatomy,wb-human-clinical
R616,2024,"Rifes P, Kajtez J, Christiansen JR, Schörling A, Rathore GS, Wolf DA, Heuer A, Kirkeby A",Forced LMX1A expression induces dorsal neural fates and disrupts patterning of human embryonic stem cells into ventral midbrain dopaminergic neurons.,Stem cell reports,38759646,10.1016/j.stemcr.2024.04.010,pubmed_abstract,True,peripheral,molecular;ontogeny,pm-molecular-physio
R617,2024,"Smith E, Pierre K, Acevedo A, Egerman R, Rajderkar D, Abu-Rustum RS",First-trimester cavum veli interpositi: prevalence and natural history.,Ultrasound in obstetrics & gynecology : the official journal of the International Society of Ultrasound in Obstetrics and Gynecology,37902788,10.1002/uog.27523,pubmed_abstract,True,peripheral,anatomy;ontogeny,r1-pubmed-2
R618,2025,"Bender T, Schickel E, Schielke C, Debus J, Grosshans DR, Durante M, Schroeder IS",Aberrant choroid plexus formation drives the development of treatment-related brain toxicity.,Communications biology,39987290,10.1038/s42003-025-07736-2,pubmed_abstract,True,peripheral,molecular;pathology,r1-pubmed-1
R619,2025,"Cevik OM, Eksi MS, Guduk M, Usseli MI, Erşen-Danyeli A, Dincer A, Ozduman K, Pamir MN",Microsurgical Anterior Transcallosal Resection of Colloid Cysts of the Third Ventricle.,Advances and technical standards in neurosurgery,40608101,10.1007/978-3-031-90762-3_4,pubmed_abstract,True,core,histology;molecular;ontogeny;pathology,pm-adjacent;pm-clinical;pm-core
R620,2025,"Das S, Kumar M, Sharma V, Roy D, Tandon SK",Sudden deaths linked to undiagnosed intracranial colloid cysts of third ventricle on autopsy: Series of five cases.,"Medicine, science, and the law",40509704,10.1177/00258024251348729,pubmed_abstract,True,peripheral,pathology,r1-pubmed-2
R621,2025,"De Melo Junior JO, Landeiro JA",Interhemispheric transcallosal approach for hemorrhagic colloid cyst.,Surgical neurology international,41036055,10.25259/sni_363_2025,pubmed_abstract,True,peripheral,histology;pathology,wb-human-clinical
R622,2025,"Faltings LJ, Lin F, Zahran M, Jalili H, Siluveru A, Chaudry M, Wachsmuth LM, Guru N, Schoof M, Cao P, Huang Y, Mian N, Moon S, Zahran A, Green K, Modi S, Umer M, Virga JQ, Zhao YT, Schüller U, Li Q, Zhao H",SOX2 commands LIM homeobox transcription factors in choroid plexus development and tumorigenesis.,Neuro-oncology,40128799,10.1093/neuonc/noaf085,pubmed_abstract,True,peripheral,molecular;ontogeny;pathology,r1-pubmed-1
R623,2025,"Isaacs A, Dahiya S, McEvoy SD, Rich KM, Limbrick D",Developmental Origins of the Cerebral Ventricular System and Colloid Cysts,"In: Nakaji P, Beaumont TL, Dacey RG (eds) Colloid Cysts of the Third Ventricle: Natural History, Decision-Making, and Operative Management (chapter 1). Thieme (book DOI 10.1055/b000000352)",,10.1055/b-0045-212350,web_snippet,False,relevant,anatomy;ontogeny;pathology,wb-human-clinical;wb-textbooks
R624,2025,"Li J, Gao Y, Xu Y, Dai W, Hu Y, Feng X, Wu D, Zhao L",Morphological changes of the choroid plexus in the lateral ventricle across the lifespan: 5551 subjects from fetus to elderly.,NeuroImage,40721051,10.1016/j.neuroimage.2025.121392,pubmed_abstract,True,peripheral,anatomy;ontogeny,pm-clinical
R625,2025,"Lozano D, Chinarro A, Yanguas L, Morona R, Moreno N, López JM",Pax6 and Pax7 in the Central Nervous System of Cladistian Fishes: A Comprehensive Expression Analysis,The Journal of comparative neurology,40275424,10.1002/cne.70053,pubmed_abstract,True,peripheral,molecular;phylogeny,wb-recent-evodevo
R626,2025,"Manning E, Chinnaiya K, Furley C, Kim DW, Blackshaw S, Placzek M, Place E",Resolving forebrain developmental organisation by analysis of differential growth patterns.,Nature communications,41423470,10.1038/s41467-025-67623-6,pubmed_abstract,True,peripheral,molecular;ontogeny,r1-web-1
R627,2025,"Moore S, Stanton-Turcotte D, Witt EA, Iulianella A",Altered epithelial development of the lateral ventricle choroid plexus in Mllt11 mutants.,Biology open,40557565,10.1242/bio.061966,pubmed_abstract,True,peripheral,histology;molecular;ontogeny,pm-molecular-physio
R628,2025,"Soukup J, Traboulsi E, Lopatova S, Syrucek M, Koblizek M, Hendrych M, Svajdler M, Sichova K, May M, Netuka D","Colloid cysts of the third ventricle show consistent expression of PAX8 but lack other features of thyroid, müllerian or intestinal differentiation.",Human pathology,41453452,10.1016/j.humpath.2025.106028,pubmed_abstract,True,peripheral,histology;molecular;pathology,pm-clinical;pm-molecular-physio
R629,2025,"Vingert DP, Gonobobleva EL",Paraphysis and epiphysis primordia of the gecko Correlophus ciliatus at different stages of embryonic development,Ontogenez (Russian Journal of Developmental Biology),,10.31857/s0475145025010045,web_snippet,False,core,anatomy;ontogeny;phylogeny;terminology_history,wb-classical;wb-nonenglish
R630,2025,"Yong B, Lubega N, Maina S, Canavese F",Is there a negative correlation between screw length and correction rate via guided growth? A retrospective study of 138 limbs with genu varum.,European journal of orthopaedic surgery & traumatology : orthopedie traumatologie,40913637,10.1007/s00590-025-04472-5,pubmed_abstract,True,irrelevant,pathology,pm-clinical;pm-core
R631,2026,"Babateen EM, AlQassab H, Bahatheq A",Incidentally Detected Colloid Cyst in a Pediatric Patient With Facio-Audio-Symphalangism Syndrome: A Case Report.,Cureus,41908566,10.7759/cureus.105999,pubmed_abstract,True,peripheral,molecular;pathology,r1-pubmed-2
R632,2026,"Heshami N, Romero RD, de Souza FSJ, Bertolesi GE, McFarlane S",Pinopsin Regulates Melatonin Production and Daily Locomotor Activity: Functional Insights From Gene-Edited Xenopus Tadpoles.,Journal of pineal research,41589501,10.1111/jpi.70114,pubmed_abstract,True,peripheral,molecular;phylogeny;physiology,r1-pubmed-1
R633,2026,"Jin K, Wang X, Su X, Jiang C, Song J, Lin Y",Rare ectopic colloid cyst of the pituitary stalk presenting with short stature and diabetes insipidus.,Child's nervous system : ChNS,42287311,10.1007/s00381-026-07347-0,pubmed_abstract,True,peripheral,pathology,pm-clinical
R634,2026,"Jo H, Park KH, Shin D",Intracranial colloid cyst in the cerebellopontine angle of a dog: A novel case report and surgical outcome.,Open veterinary journal,42375941,10.5455/ovj.2026.v16.i4.37,pubmed_abstract,True,peripheral,histology;pathology,r1-pubmed-2
R635,2026,"Kim DH, Kwag YN, Kim HS, Kim CS, Han SK","A New Species and Record of(Lachnaceae, Helotiales) from Korea.",Mycobiology,42255502,10.1080/12298093.2026.2674375,pubmed_abstract,True,irrelevant,,pm-core
R636,2026,"Lavalley A, Bartoli A",Spontaneous regression of a large lateral ventricle cyst: illustrative case.,Journal of neurosurgery. Case lessons,41587467,10.3171/case25319,pubmed_abstract,True,peripheral,ontogeny;pathology,pm-clinical;pm-molecular-physio
R637,2026,"Nagar N, Singi Y, Kaur G, Dabhi D, M G A, Jain J",Fatal colloid cyst of the foramen of Monro: A forensic case report.,The Medico-legal journal,42157555,10.1177/00258172261443892,pubmed_abstract,True,peripheral,histology;pathology,r1-pubmed-2
R638,2026,"Parichha A, Azzam P, Causeret F, Pal S, Grove EA, Louvi A, Pierani A, Tole S",Cortical hem-like progenitors contribute pyramidal neurons to the neocortex and hippocampus.,Developmental biology,41771395,10.1016/j.ydbio.2026.02.012,pubmed_abstract,True,peripheral,molecular;ontogeny,pm-molecular-physio
R639,2026,"Pattankar S, Hari S, Misra BK",Management of Anterior Third Ventricular Tumors: A Comprehensive Review and Clinical Experience.,Advances and technical standards in neurosurgery,42393446,10.1007/978-3-032-22008-0_7,pubmed_abstract,True,peripheral,molecular;pathology,r1-pubmed-2
R640,2026,"Peng P, Zeng Y, Guo Z, Wang C",Case Report: Giant acute hemorrhagic colloid cyst in the septum pellucidum-foramen of Monro region with obstructive hydrocephalus in an 8-month-old infant.,Frontiers in oncology,42819049,10.3389/fonc.2026.1899449,pubmed_abstract,True,peripheral,pathology,r1-pubmed-2
R641,2026,"Singh A, Parichha A, Datta D, Chatterjee M, Tole S",Cajal-Retzius fate specification is disrupted by constitutive activation of β-Catenin in hem progenitors.,"Development (Cambridge, England)",41814976,10.1242/dev.205072,pubmed_abstract,True,peripheral,molecular;ontogeny,pm-molecular-physio
R642,2026,"Wen J, Griffith OW","Post-Oviposition Embryonic Staging Scheme for the Delicate Skink, Lampropholis delicata.",Journal of morphology,42036934,10.1002/jmor.70126,pubmed_abstract,True,peripheral,ontogeny;phylogeny,r1-pubmed-2
R643,2026,"Zhou J, Du R, Wang X, Wu J, Huang F, Fang R, Liang Y, Song N, Wei W",Binasal occlusion modulates cortical functional connectivity and hemodynamics in acquired paralytic esotropia: a fNIRS study.,Experimental brain research,41838121,10.1007/s00221-026-07259-0,pubmed_abstract,True,irrelevant,physiology,r1-pubmed-2
R644,0,,,,,10.1007/bf00225570,web_snippet,False,core,anatomy;histology;phylogeny;physiology,wb-nonenglish
R645,0,"坂田 一記, 山田 弘, 星野 睦夫, 今村 健, 松井 順吾, 高橋 親彦",第3脳室上衣嚢胞について—1手術例の報告と文献的検討,脳と神経 (Brain and Nerve),,,metadata_only,False,peripheral,pathology,wb-nonenglish
R646,0,,Circumventricular Organs - Cerebrospinal Fluid Spaces,"brainkart.com (study-aid web chapter, source textbook not stated)",,,web_snippet,False,peripheral,anatomy;ontogeny,wb-textbooks
R647,0,,Ependymal and Paraphyseal Cysts,Book chapter (Springer),,10.1007/978-1-4615-7281-7_12,metadata_only,False,peripheral,pathology;terminology_history,wb-nonenglish
R648,0,,Epiphyse und Paraphyse im Lebenscyclus der Anuren,,,10.1007/bf00572193,metadata_only,False,core,histology;ontogeny;physiology,wb-classical
R649,0,,"Non-neoplastic Cystic Lesions of the Central Nervous System, Part 1: Developmental Cysts","Applied Radiology (web article, appliedradiology.com)",,,web_snippet,False,peripheral,ontogeny;pathology,wb-textbooks
R650,0,,Roof plate and IIIrd ventricle (diencephalon development module),embryology.ch (online human embryology course),,,web_snippet,False,relevant,anatomy;ontogeny;phylogeny,wb-textbooks
R651,0,,Telencephalon impar,"DocCheck Flexikon (online German medical lexicon; cites Waschke et al., Sobotta Lehrbuch Anatomie, 2nd ed., Elsevier, 2019)",,,web_snippet,False,peripheral,anatomy;ontogeny;terminology_history,wb-textbooks
R652,0,,Telencephalon (Lexikon der Neurowissenschaft),"Spektrum Lexikon der Neurowissenschaft (online, spektrum.de)",,,web_snippet,False,peripheral,anatomy;phylogeny;terminology_history,wb-textbooks
R653,0,Cameron J,"On the origin of the pineal body as an amesial structure, deduced from the study of its development in Amphibia",Proceedings of the Royal Society of Edinburgh,,,metadata_only,False,peripheral,ontogeny;terminology_history,wb-classical
R654,0,Francotte P,Récherches sur le dévéloppement de L'épiphyse,Archives de Biologie,,,metadata_only,False,peripheral,ontogeny;terminology_history,wb-classical
R655,0,Gupta; Shrivastava,Studies on the Functional Morphology and Anatomy of the Central Nervous System of Xenentodon cancila (Ham.) including its Histology 1. The Brain,Okajimas Folia Anatomica Japonica,,,web_snippet,False,relevant,anatomy;phylogeny,wb-nonenglish
R656,0,Herring PT,THE PINEAL REGION OF THE MAMMALIAN BRAIN: ITS MORPHOLOGY AND HISTOLOGY IN RELATION TO FUNCTION,Quarterly Journal of Experimental Physiology,,10.1113/expphysiol.1927.sp000404,wiley_passage,False,relevant,histology;phylogeny;terminology_history,wy-phylogeny
R657,0,Kuhlenbeck H,"The Central Nervous System of Vertebrates, vol. 5, pt. 1: Derivatives of the prosencephalon: diencephalon and telencephalon","[Book, multi-volume] Karger",,,metadata_only,False,peripheral,anatomy;phylogeny,wb-textbooks
R658,0,Minot CS,"On the morphology of the pineal region, based upon its development in Acanthias",American Journal of Anatomy,,,metadata_only,False,relevant,anatomy;ontogeny;phylogeny,wb-classical
R659,0,Roofe PG,The histology of the paraphysis of Amblystoma,Journal of Morphology,,10.1002/jmor.1050590102,wiley_passage,False,core,anatomy;histology,wy-phylogeny
R660,0,"Rouvière H, Delmas V","Anatomía humana: descriptiva, topográfica y funcional (Rouvière; Delmas)","[Textbook] Masson (Spanish edition, tomo on sistema nervioso central)",,,metadata_only,False,peripheral,anatomy;terminology_history,wb-textbooks
R661,0,Studenicka FCh [as printed; = Studnicka],Beiträge zur Anatomie und Entwicklungsgeschichte des Vorderhirns der Cranioten,,,,metadata_only,False,peripheral,anatomy;ontogeny;terminology_history,wb-classical
R662,0,"Vingert DP, Gonobobleva EL",Paraphysis and epiphysis primordia of the gecko Correlophus ciliatus at different stages of embryonic development,,,,web_snippet,False,core,anatomy;ontogeny;phylogeny,wb-textbooks
R663,0,Wilder BG,"The dorsal sack, the aulix and the diencephalic flexure",Journal of Comparative Neurology,,10.1002/cne.910060204,wiley_passage,False,relevant,anatomy;phylogeny;terminology_history,wy-phylogeny
