rid,year,authors,title,reviewer_A,reviewer_B,final,source,reason_code,reason,dims,data_depth
R048,1947,"Quercy P, Rigaldies R",[On the epiphyseal region; The backpack; Calculations of the epiphysis and the dorsal sac].,-,-,X,excluded_at_identification,homonym,non-neural homonym / off-topic,,
R055,1950,Mendizabal P,[Intermittent growth dysplasia or familial paraphysial chondroexostohyperostosis].,-,-,X,excluded_at_identification,homonym,non-neural homonym / off-topic,,
R210,1981,Probst FP,[Basic morphology and diagnosis of the prosencephaly malformation (author's transl)],-,-,X,excluded_at_identification,homonym,non-neural homonym / off-topic,,
R238,1985,"Soni DD, Shrivastava BK",The paraphyseal/epiphyseal bar in Mollienisia sphenops (Cuv. et Val.).,-,-,X,excluded_at_identification,homonym,non-neural homonym / off-topic,,
R241,1986,Kortmulder K,The congener; a neglected area in the study of behaviour.,-,-,X,excluded_at_identification,homonym,non-neural homonym / off-topic,,
R254,1987,"Shiroyama Y, Mitani T",[A case of holoprosencephaly with parietal encephalocele].,-,-,X,excluded_at_identification,homonym,non-neural homonym / off-topic,,
R264,1988,"Schmitt HP, Born IA",Pseudoaprosencephaly: Aplasia of the Forebrain in a Median Facial Cleft Syndrome with Arhinia and Anophthalmia.,-,-,X,excluded_at_identification,homonym,non-neural homonym / off-topic,,
R267,1989,"Deeg KH, Wild F, Harms D",[Sonographic diagnosis of alobar holoprosencephaly].,-,-,X,excluded_at_identification,homonym,non-neural homonym / off-topic,,
R342,1997,"Iigo M, Hara M, Ohtani-Kaneko R, Hirata K, Tabata M, Aida K",Photic and circadian regulations of melatonin rhythms in fishes.,-,-,X,excluded_at_identification,homonym,non-neural homonym / off-topic,,
R378,2000,"Sergi C, Schmitt HP",The vesicular forebrain (pseudo-aprosencephaly): a missing link in the teratogenetic spectrum of the defective brain anlage and its discrimination from aprosencephaly,-,-,X,excluded_at_identification,homonym,non-neural homonym / off-topic,,
R403,2003,Oestreich AE,The acrophysis: a unifying concept for enchondral bone growth and its disorders. I. Normal growth.,-,-,X,excluded_at_identification,homonym,non-neural homonym / off-topic,,
R419,2005,"Kania BF, Matczuk J, Kania K, Buéno L, Fioramonti J, Romanowicz K, Sutiak V",Intracerebroventricular administration of PD 140.548 N-methyl-D-glucamine attenuates the release of cortisol and catecholamines induced by duodenal distension in the sheep.,-,-,X,excluded_at_identification,homonym,non-neural homonym / off-topic,,
R423,2005,Pierrot-Deseilligny C,[From the abducens nucleus to spatial memory: an ocular motor journey].,-,-,X,excluded_at_identification,homonym,non-neural homonym / off-topic,,
R430,2006,"Rados M, Judas M, Kostović I",In vitro MRI of brain development.,-,-,X,excluded_at_identification,homonym,non-neural homonym / off-topic,,
R475,2011,"Gruber A, Roleda MY, Bartsch I, Hanelt D, Wiencke C",SPOROGENESIS UNDER ULTRAVIOLET RADIATION IN LAMINARIA DIGITATA (PHAEOPHYCEAE) REVEALS PROTECTION OF PHOTOSENSITIVE MEIOSPORES WITHIN SORAL TISSUE: PHYSIOLOGICAL AND ANATOMICAL EVIDENCE.,-,-,X,excluded_at_identification,homonym,non-neural homonym / off-topic,,
R498,2013,"Kitazono Hammell MT, Bunin N, Edgar JC, Jaramillo D",Paraphyseal changes on bone-age studies predict risk of delayed radiation-associated skeletal complications following total body irradiation.,-,-,X,excluded_at_identification,homonym,non-neural homonym / off-topic,,
R500,2013,"Parker L, Garlick N, McCarthy I, Grechenig S, Grechenig W, Smitham P",Screw fixation of medial malleolar fractures: a cadaveric biomechanical study challenging the current AO philosophy.,-,-,X,excluded_at_identification,homonym,non-neural homonym / off-topic,,
R539,2018,"Crasto JA, Fourman MS, Morales-Restrepo A, Mahjoub A, Mandell JB, Ramnath K, Tebbets JC, Watters RJ, Weiss KR",Disulfiram reduces metastatic osteosarcoma tumor burden in an immunocompetentor-thotopic mouse model.,-,-,X,excluded_at_identification,homonym,non-neural homonym / off-topic,,
R542,2018,"Fourman MS, Mahjoub A, Mandell JB, Yu S, Tebbets JC, Crasto JA, Alexander PE, Weiss KR",Quantitative Primary Tumor Indocyanine Green Measurements Predict Osteosarcoma Metastatic Lung Burden in a Mouse Model.,-,-,X,excluded_at_identification,homonym,non-neural homonym / off-topic,,
R547,2018,"Mahjoub A, Morales-Restrepo A, Fourman MS, Mandell JB, Feiqi L, Hankins ML, Watters RJ, Weiss KR",Tumor Resection Guided by Intraoperative Indocyanine Green Dye Fluorescence Angiography Results in Negative Surgical Margins and Decreased Local Recurrence in an Orthotopic Mouse Model of Osteosarcoma.,-,-,X,excluded_at_identification,homonym,non-neural homonym / off-topic,,
R571,2020,"Sinaiko G, Dietrich CH",A new genus and species of Paralimnini leafhoppers from Israel (Hemiptera: Cicadellidae: Deltocephalinae).,-,-,X,excluded_at_identification,homonym,non-neural homonym / off-topic,,
R572,2020,"Voglmayr H, Jaklitsch WM, Tello S","and(Cenangiaceae) are closest relatives: phylogenetic relationships, morphology and a new species.",-,-,X,excluded_at_identification,homonym,non-neural homonym / off-topic,,
R591,2022,"Lee BG, Shin HT, Hur JS","A New Lichen-Forming Fungus,, from a Forested Wetland in South Korea, with a Taxonomic Key for Aspicilioid Species of Korea.",-,-,X,excluded_at_identification,homonym,non-neural homonym / off-topic,,
R593,2022,"Oteng'o AO, Won BY, Cho TO","Proposal for the Sungminiaceae fam. nov. (Ralfsiales, Phaeophyceae) for Sungminia gen. nov. with three new species based on molecular and morphological analyses.",-,-,X,excluded_at_identification,homonym,non-neural homonym / off-topic,,
R597,2022,"Qiao G, Zhao J, Liu J, Tan X, Qin W",Two NovelSpecies from Blighted Stems ofandin China.,-,-,X,excluded_at_identification,homonym,non-neural homonym / off-topic,,
R613,2024,"Jiang Y, Yu XF, Yang MF","Three new species of(Hemiptera, Cicadellidae, Cicadellinae) from southwestern China.",-,-,X,excluded_at_identification,homonym,non-neural homonym / off-topic,,
R615,2024,"Nedelcu AH, Lupu VV, Lupu A, Tepordei RT, Ioniuc I, Stan CI, Vicoleanu SAP, Haliciu AM, Statescu G, Ursaru M, Danielescu C, Tarniceriu CC",Triangular fossa of the third cerebral ventricle - an original 3D model and morphometric study.,-,-,X,excluded_at_identification,homonym,non-neural homonym / off-topic,,
R630,2025,"Yong B, Lubega N, Maina S, Canavese F",Is there a negative correlation between screw length and correction rate via guided growth? A retrospective study of 138 limbs with genu varum.,-,-,X,excluded_at_identification,homonym,non-neural homonym / off-topic,,
R635,2026,"Kim DH, Kwag YN, Kim HS, Kim CS, Han SK","A New Species and Record of(Lachnaceae, Helotiales) from Korea.",-,-,X,excluded_at_identification,homonym,non-neural homonym / off-topic,,
R643,2026,"Zhou J, Du R, Wang X, Wu J, Huang F, Fang R, Liang Y, Song N, Wei W",Binasal occlusion modulates cortical functional connectivity and hemodynamics in acquired paralytic esotropia: a fNIRS study.,-,-,X,excluded_at_identification,homonym,non-neural homonym / off-topic,,
R001,1858,Wallman,,X,B,X,adjudicated,general_clinical,"Untitled web-snippet stub duplicating R002; only a 1956 secondary remark calling Wallman's 1858 case a 'colloid or paraphyseal cyst' (Glazer's label, anachronistic); no paraphysis or histogenesis content, so not necessary for any review dimension.",pathology;terminology_history,web_snippet
R002,1858,Wallmann H,Eine colloidcyste im dritten hirnventrikel und ein lipom im plexes choroides,X,B,X,adjudicated,general_clinical,"Wallmann 1858 autopsy report of the first third-ventricle colloid cyst; the paraphyseal concept dates from 1909, the record gives no origin argument, and the first-description date is citable via Glazer 1956; no bearing on paraphysis question.",pathology;terminology_history,web_snippet
R003,1886,De Graff HW [as printed],Zur Anatomie und Entwickelung der Epiphyse bei Amphibien und Reptilien,X,X,X,agreement,no_paraphysis_link,De Graaf 1886 title concerns epiphysis (pineal/parietal eye) development in amphibians and reptiles; predates the term paraphysis (Selenka 1891); nothing indicates paraphysis content (metadata only).,anatomy;ontogeny,metadata_only
R004,1891,Selenka E,Das Stirnorgan der Wirbeltiere,A,A,A,agreement,historical,"Selenka 1891 (Das Stirnorgan der Wirbeltiere) is the classically credited first identification of the paraphysis in the chick (Dexter 1902); link of Dexter's ref (12) to this exact paper is inferred, content not seen.",ontogeny;phylogeny;terminology_history,web_snippet
R005,1892,Burckhardt R,Das CNS. von Protopterus annectens,A,A,A,agreement,historical,"Burckhardt 1892 Protopterus CNS monograph where the lungfish roof structure was named 'coronarium' (later paraphysis per Studnicka, dorsal sac per Tsuneki); origin of the contested lungfish terminology.",anatomy;phylogeny;terminology_history,web_snippet
R006,1894,Burckhardt R,Die Homologien des Zwischenhirndaches und ihre Bedeutung für die Morphologie des Hirns bei niederen Vertebraten,A,B,B,adjudicated,context_anatomy,"Burckhardt 1894 on homologies of the diencephalic roof (epiphysis, paraphysis, dorsal sac) in lower vertebrates; needed for homology/terminology of the paraphysis versus dorsal sac (phylogeny, anatomy). Paraphysis is not named in the title and content is unverified (metadata only), hence B not A.",anatomy;phylogeny;terminology_history,metadata_only
R007,1894,Burckhardt R,Die Homologien des Zwischenhirndaches bei Reptilien und Vögeln,A,A,A,agreement,paraphysis_data,Burckhardt 1894 companion on reptiles and birds; cited for showing the paraphysis in a crow embryo as a small diverticulum like that of Petromyzon (identity of Dexter's ref (3) with this paper inferred).,anatomy;ontogeny;phylogeny,web_snippet
R008,1894,Hill CL,The epiphysis of teleosts and Amia,X,X,X,agreement,no_paraphysis_link,Hill 1894 on the epiphysis of teleosts and Amia; title confined to the pineal; no indication of paraphysis content (metadata only).,anatomy;phylogeny,metadata_only
R009,1894,Sorensen,Comparative study of the epiphysis and roof of the diencephalon,A,A,A,agreement,historical,"Sorensen 1894 comparative study of epiphysis and diencephalic roof; cited by Gladstone and Wakeley for the dorsal sac and paraphysis of the alligator, so a classical roof/paraphysis description; content unverified.",anatomy;phylogeny,metadata_only
R010,1895,Leydig F,Zur Kenntnis der Zirbel und Parietalorgane. Fortgesetzte Studien,X,X,X,agreement,no_paraphysis_link,"Leydig 1895 on Zirbel (pineal) and parietal organs; title not about the paraphysis, 'Stirnorgan' overlap is only a terminological possibility (metadata only).",anatomy;terminology_history,metadata_only
R011,1895,Studnicka FK,Zur Anatomie der sog. Paraphyse des Wirbelthiergehirns,A,A,A,agreement,paraphysis_principal,Studnicka 1895 'Zur Anatomie der sog. Paraphyse des Wirbelthiergehirns': title names the paraphysis; content unverified (metadata only).,anatomy;phylogeny;terminology_history,metadata_only
R012,1899,Melchers F,"Über rudimentäre Hirnanhangsgebilde beim Gecko (Epi-, Para- und Hypophyse)",A,A,A,agreement,paraphysis_data,"Melchers 1899 on rudimentary brain appendages of the gecko (Epi-, Para- und Hypophyse); title names the paraphysis; cited as classical in the 2025 gecko paper; content unverified.",anatomy;ontogeny;phylogeny,metadata_only
R013,1900,Stemmler,Die Entwicklung der Anhänge am Zwischenhirndach beim Gecko,A,A,A,agreement,paraphysis_data,"Stemmler 1900 dissertation on development of the diencephalic-roof appendages of the gecko (subtitle reportedly covers epiphysis, parietal organ and paraphysis); cited in the 2025 gecko paraphysis paper; exact title wording unverified.",anatomy;ontogeny,metadata_only
R014,1902,Dexter F,The development of the paraphysis in the common fowl,A,A,A,agreement,paraphysis_principal,"Dexter 1902, development of the paraphysis in the fowl; first dedicated avian paraphysis embryology paper with literature review (D'Erchia, Selenka, Burckhardt).",anatomy;ontogeny;phylogeny;terminology_history,web_snippet
R015,1903,Dexter F,The development of the paraphysis in the common fowl,A,A,A,agreement,paraphysis_principal,Dexter's fowl paraphysis paper as transcribed on the UNSW wiki (excerpt gives cavity continuous with forebrain and thickening wall); duplicate of R014 (dated 1903 in the transcription).,anatomy;ontogeny;phylogeny,web_snippet
R016,1905,Studnicka FK,Die Parietalorgane,A,A,A,agreement,historical,"Studnicka 1905 'Die Parietalorgane': excerpt records his argument that Burckhardt's lungfish coronarium should be called paraphysis, a key terminology/homology step; chapter also a standard comparative reference.",anatomy;histology;phylogeny;terminology_history,web_snippet
R017,1905,Warren J,The Development of the Paraphysis and the Pineal Region in Necturus Maculatus,A,A,A,agreement,paraphysis_principal,"Warren 1905, development of the paraphysis and pineal region in Necturus; title names paraphysis; excerpt compares the paraphysis in adult amphibian brains (Osborn).",anatomy;ontogeny;phylogeny,web_snippet
R018,1906,Chiarugi G,Delia regione parafisaria del telencefalo e di alcuni ispessimenti del corrispondente ectoderma tegumentario in enihrioni di Torpedo ocellata,A,A,A,agreement,paraphysis_principal,"Chiarugi 1906 on the paraphyseal region of the telencephalon in Torpedo ocellata embryos; title names the paraphyseal region (OCR-garbled), content unverified.",anatomy;ontogeny;phylogeny,metadata_only
R019,1909,Johnston JB,The morphology of the forebrain vesicle in vertebrates,B,B,B,agreement,context_embryology,"Johnston 1909 forebrain vesicle morphology: defines roof plate, lamina terminalis/supraneuroporica and tela chorioidea, the framework that locates the paraphysis (ontogeny/anatomy); no paraphysis passage seen in the snippet.",anatomy;ontogeny;phylogeny;terminology_history,web_snippet
R020,1909,Sjövall,,A,A,A,agreement,clinical_origin,Untitled citation of Sjovall 1909 as first proposing a paraphyseal origin of colloid cysts (duplicate of R021); explicit historiographic anchor for the paraphyseal hypothesis.,pathology;terminology_history,web_snippet
R021,1909,Sjövall E,Über eine Ependymcyste embryonalen Charakters (Paraphyse?) im dritten Hirnventrikel mit tödlichem Ausgang,A,A,A,agreement,clinical_origin,Sjovall 1909 'Ependymcyste embryonalen Charakters (Paraphyse?) im dritten Hirnventrikel': title names the paraphysis; origin of the paraphyseal cyst concept.,pathology;terminology_history,web_snippet
R022,1910,"Keibel F, Mall FP (eds)",Manual of Human Embryology,X,X,X,agreement,no_paraphysis_link,"Whole Keibel and Mall Manual of Human Embryology; no paraphysis passage located; the relevant nervous-system chapter (Streeter, R027) is screened separately.",anatomy;ontogeny,metadata_only
R023,1910,Reese AM,"Development of the brain of the American alligator: the paraphysis and hypophysis, with five plates",A,A,A,agreement,paraphysis_principal,"Reese 1910, development of the alligator brain: the paraphysis and hypophysis; title names paraphysis; crocodilian ontogeny; content unverified.",anatomy;ontogeny;phylogeny,metadata_only
R024,1911,Dendy A,"On the structure, development and morphological interpretation of the pineal organs and adjacent parts of the brain in the tuatara (Sphenodon punctatus)",U,U,B,adjudicated,context_anatomy,"Dendy 1911 tuatara monograph on pineal organs 'and adjacent parts of the brain': by scope it must cover the roof between telencephalon and pineal complex (velum, dorsal sac, paraphysis of Sphenodon), key for reptile anatomy/ontogeny/phylogeny; no excerpt seen, content unverified - confirm paraphysis sections at full text.",anatomy;ontogeny;phylogeny,metadata_only
R025,1911,Warren J,Paraphysis and Pineal Region in Reptilia,A,A,A,agreement,paraphysis_principal,Warren 1911 'Paraphysis and Pineal Region in Reptilia': title names paraphysis; reptile developmental study (duplicate of R026).,anatomy;ontogeny;phylogeny,metadata_only
R026,1911,Warren J,The development of the paraphysis and pineal region in Reptilia,A,A,A,agreement,paraphysis_principal,Warren 1911 development of the paraphysis and pineal region in Reptilia; title names paraphysis; telencephalic origin anterior to the velum (duplicate of R025).,anatomy;ontogeny;phylogeny,web_snippet
R027,1912,Streeter GL,The development of the nervous system,B,B,B,agreement,context_embryology,"Streeter 1912 human nervous-system embryology: excerpt records homologising the anterior choroidal pouch with the paraphysis of lower vertebrates (human ontogeny/homology); second-hand quote via Bailey 1916, paraphysis is not the chapter's subject.",anatomy;ontogeny;phylogeny;terminology_history,web_snippet
R028,1916,Bailey P,Morphology of the roof plate of the fore-brain and the lateral choroid plexuses in the human embryo,B,B,B,agreement,context_embryology,"Bailey 1916 human forebrain roof plate and lateral choroid plexus: roof region from which the paraphysis arises, disputes paraphysis identifications in man (human ontogeny); excerpt itself silent on paraphysis.",anatomy;ontogeny,web_snippet
R029,1916,Bailey P,The morphology and morphogenesis of the choroid plexuses with especial reference to the development of the lateral telencephalic plexus in Chrysemys marginata,B,U,X,adjudicated,insufficient_info,"Bailey(?) 1916 turtle telencephalic choroid-plexus morphogenesis: generic plexus title, authorship uncertain, only evidence is that it cites Warren's paraphysis work; cannot be shown to locate or homologise the paraphysis. Reinstate if the text relates the plexus to velum/paraphysis.",anatomy;histology;ontogeny;phylogeny,metadata_only
R030,1917,Warren J,On the pineal region in human embryos,U,U,B,adjudicated,context_embryology,"Warren 1917 on the pineal region in human embryos: Warren's 'pineal region' studies pair pineal and paraphysis, and human embryo staging of the paraphysis is a review gap (ontogeny); only title/metadata seen, content unverified - confirm paraphysis statement at full text.",anatomy;ontogeny,metadata_only
R031,1917,Warren J,The development of the paraphysis and pineal region in mammalia,A,A,A,agreement,paraphysis_principal,"Warren 1917 development of the paraphysis and pineal region in mammalia: distinct paraphysis in sheep embryos 21-48 mm, rudimentary and inconstant in humans, arising from the roof plate in front of the velum.",anatomy;ontogeny;phylogeny;terminology_history,web_snippet
R032,1919,"Tilney F, Warren LF",The morphology and evolutional significance of the pineal body,X,X,X,agreement,no_paraphysis_link,Tilney and Warren 1919 monograph on the pineal body; title pineal-focused; no evidence of paraphysis content (metadata only).,phylogeny;terminology_history,metadata_only
R033,1920,Ariëns Kappers CU,Die vergleichende Anatomie des Nervensystems der Wirbeltiere und des Menschen,X,X,X,agreement,no_paraphysis_link,Kappers 1920-21 general comparative nervous system treatise; no paraphysis statement identified; content is superseded by the 1936 treatise (R041/R042).,anatomy;phylogeny,metadata_only
R034,1921,Hines M,The Embryonic Cerebral Hemisphere in Man.,B,B,B,agreement,context_embryology,"Hines 1921 defines the human telencephalon medium divided into terminal plate and roof by the angulus terminalis, the terminology locating the region where the paraphysis arises (ontogeny/terminology); one-page item, no abstract.",ontogeny;terminology_history,metadata_only
R035,1922,,Die epithelialen Gebilde am Gehirn der Wirbeltiere. I,U,U,X,adjudicated,insufficient_info,"1922 'Die epithelialen Gebilde am Gehirn der Wirbeltiere. I': no author, abstract or excerpt; title could cover plexuses, paraphysis or dorsal sac but nothing in the record ties it to the paraphysis. Contents of part I would resolve it.",anatomy;histology,metadata_only
R036,1923,Hines M,The development of the telencephalon in Sphenodon punctatum,B,U,B,adjudicated,context_embryology,"Hines 1923 development of the Sphenodon telencephalon: ontogeny of telencephalon medium/lamina terminalis/roof, and one finder summary identifies the caudal midline outpocketing as the paraphysis (second summary silent); locates the reptile paraphysis in ontogeny. Content unverified.",anatomy;ontogeny;phylogeny,metadata_only
R037,1925,"Holmgren N, van der Horst CJ",Contribution to the morphology of the brain of Ceratodus,U,U,X,adjudicated,insufficient_info,"Holmgren and van der Horst 1925 Ceratodus brain morphology: whole-brain title, no excerpt and no evidence of a paraphysis/dorsal-sac description; cannot be shown necessary. Full-text check of the roof section would reverse this.",anatomy;phylogeny,metadata_only
R038,1929,Ariëns Kappers CU,"The evolution of the nervous system in invertebrates, vertebrates and man",X,X,X,agreement,no_paraphysis_link,"Kappers 1929 general 'Evolution of the nervous system' book; library record only, no paraphysis content identified.",anatomy;phylogeny,metadata_only
R039,1929,"Fulton JF, Bailey P",Tumours in the region of the third ventricle; their diagnosis and relation to pathological sleep,A,A,A,agreement,clinical_origin,Fulton and Bailey 1929 introduced 'neuroepithelial cyst' ending the paraphyseal-origin theory for third-ventricle colloid cysts (per Niknejad 2015); title identification inferred; second-hand.,pathology;terminology_history,web_snippet
R040,1932,"Byrom FB, Russell DS",Ependymal cyst of the third ventricle associated with diabetes mellitus,B,B,B,agreement,context_clinical_histogenesis,"Byrom and Russell 1932 ependymal cyst of the third ventricle: early ependymal-origin interpretation set against the paraphysial theory, needed to weigh the hypothesis (clinical origin); case report, content unverified.",pathology,metadata_only
R041,1936,"Ariëns Kappers CU, Huber GC, Crosby EC","The comparative anatomy of the nervous system of vertebrates, including man",U,X,X,adjudicated,insufficient_info,"Kappers, Huber and Crosby 1936 general comparative treatise, catalogue record only; no paraphysis passage identified and a general textbook is not rewarded for prestige (duplicate of R042).",anatomy;phylogeny;terminology_history,metadata_only
R042,1936,"Kappers CUA, Huber GC, Crosby EC","The comparative anatomy of the nervous system of vertebrates, including man (2 vols)",U,X,X,adjudicated,insufficient_info,"Duplicate catalogue entry of the 1936 Kappers/Huber/Crosby treatise (R041); paraphysis chapter/page not identified, so it cannot be shown to bear on the review question.",anatomy;phylogeny;terminology_history,metadata_only
R043,1940,"Gladstone RJ, Wakeley CPG","The pineal organ: the comparative anatomy of median and lateral eyes, with special reference to the origin of the pineal body; and a description of the human pineal organ considered from the clinical and surgical standpoints",A,A,A,agreement,paraphysis_data,"Gladstone and Wakeley 1940 The Pineal Organ: passages describe the paraphysis and dorsal sac across urodeles (tubular or branched glandular diverticulum), reptiles, crocodilians and mammals.",anatomy;ontogeny;phylogeny;terminology_history,web_snippet
R044,1940,"Gladstone RJ, Wakeley CPG",The Pineal Organ: the comparative anatomy of median and lateral eyes,A,A,A,agreement,paraphysis_data,"Same monograph as R043 (UNSW section pages): dorsal sac and paraphysis present in alligator, positions between parietal organ and pineal sac at 25 mm.",anatomy;ontogeny;phylogeny,web_snippet
R045,1943,"Bargmann W, Hellman T, Watzka M (eds)","Handbuch der mikroskopischen Anatomie des Menschen, Bd 6/4: Innersekretorische Drüsen III: Thymus, Paraganglien, Epiphyse",X,X,X,agreement,no_paraphysis_link,Handbuch Bd 6/4 chapter 'Die Epiphysis cerebri' (human pineal); no paraphysis content in the record.,anatomy;histology,metadata_only
R046,1945,Rudebeck B,Contributions to forebrain morphology in Dipnoi,U,U,X,adjudicated,insufficient_info,Rudebeck 1945 forebrain morphology in Dipnoi: telencephalon-development title but no excerpt and no sign it treats the roof/paraphysis (coronarium/dorsal sac); insufficient to support inclusion. Full-text roof/velum section would reverse this.,anatomy;ontogeny;phylogeny,metadata_only
R047,1946,Wilson AA,Colloid (paraphisial) cysts of the third ventricle; report of case with removal and recovery.,A,A,A,agreement,clinical_origin,"Title names the 'paraphisial' (variant spelling of paraphysial) cyst of the third ventricle; case report, content unverified (metadata only).",pathology;terminology_history,metadata_only
R049,1948,"Dublin WB, Brown RW",Paraphysial cyst of third ventricle.,A,A,A,agreement,clinical_origin,Title names paraphysial cyst of third ventricle (paraphyseal-origin label); content unverified (metadata only).,pathology;terminology_history,metadata_only
R050,1949,Ariens Kappers J,Preliminary data on the function of the paraphysis cerebri in Urodela.,A,A,A,agreement,paraphysis_principal,Experimental data on function of the paraphysis cerebri in urodeles (Kappers 1949); abstract absent but title makes it a principal paraphysis study.,physiology,metadata_only
R051,1949,Greenwood J,Paraphysial cysts of the third ventricle; with report of eight cases.,A,A,A,agreement,clinical_origin,"Title names paraphysial cysts of third ventricle, eight cases; content unverified (metadata only).",pathology;terminology_history,metadata_only
R052,1949,Van de Kamer JC,"Over de ontwikkeling, de determinatie en de betekenis van de epiphyse en de paraphyse van de amphibien",A,A,A,agreement,paraphysis_principal,"Van de Kamer dissertation on development, determination and significance of epiphysis and paraphysis in amphibians; known only from a reference string.",ontogeny;phylogeny;physiology,web_snippet
R053,1949,Van De Kamer JC,[The normal development of epiphyse and paraphyse in amblystoma].,A,A,A,agreement,paraphysis_principal,"Normal development of epiphysis and paraphysis in Ambystoma (Van de Kamer 1949); short note, abstract absent.",ontogeny;anatomy,metadata_only
R054,1950,Ariëns-Kappers J,The development and structure of the paraphysis cerebri in urodeles with experiments on its function in Amblystoma mexicanum,A,A,A,agreement,paraphysis_principal,"Kappers 1950 monograph on development, structure and experimental function (extirpation) of the urodele paraphysis; principal classical work; not in PubMed.",anatomy;histology;ontogeny;physiology,metadata_only
R056,1951,"Cairns H, Mosberg WH",Colloid cyst of the third ventricle.,U,U,X,adjudicated,insufficient_info,"Cairns and Mosberg 1951 clinico-pathological colloid cyst account: neutral title, no abstract (PubMed confirms none), no evidence it evaluates paraphyseal origin; excluded only for lack of text - reinstate (include_A, clinical_origin) if the discussion argues for/against paraphyseal origin.",pathology,metadata_only
R057,1951,Kelly R,Colloid cysts of the third ventricle; analysis of twenty-nine cases.,U,U,X,adjudicated,insufficient_info,"Kelly 1951 analysis of 29 colloid cysts: neutral title, no abstract (PubMed confirms none), web check did not surface its stance on paraphyseal origin; excluded only for lack of text - reinstate if the full text evaluates paraphyseal origin.",pathology,metadata_only
R058,1951,McKissock W,The surgical treatment of colloid cyst of the third ventricle; a report based upon twenty-one personal cases.,X,X,X,agreement,general_clinical,"Surgical treatment series of 21 colloid cysts; title is purely surgical, no indication of histogenesis or paraphyseal argument (content unverified).",pathology,metadata_only
R059,1951,"Schwartz J, Hansen JL",Paraphysial cyst of the third ventricle; report of a case with autopsy observations.,A,A,A,agreement,clinical_origin,Title names paraphysial cyst of third ventricle with autopsy observations; content unverified (metadata only).,pathology;terminology_history,metadata_only
R060,1952,"Wislocki GB, Leduc EH","Vital staining of the hematoencephalic barrier by silver nitrate and trypan blue, and cytological comparisons of the neurohypophysis, pineal body, area postrema, intercolumnar tubercle and supraoptic crest.",U,X,X,adjudicated,no_paraphysis_link,"Wislocki and Leduc 1952 vital staining/cytology of circumventricular organs incl. intercolumnar tubercle; the paraphysis link is only Kappers' later view, nothing in the record names the paraphysis; generic circumventricular paper.",histology;physiology,metadata_only
R061,1953,Ariens Kappers J,[The so-called paraphyseal cystose tumors of the third cerebral ventricle].,A,A,A,agreement,clinical_origin,"Kappers on the so-called paraphyseal cystic tumours of the third ventricle (two-part article); title explicit, content unverified.",pathology;terminology_history,metadata_only
R062,1953,Burrows RE,Paraphysial cyst of the third ventricle of the brain.,A,A,A,agreement,clinical_origin,"Title names paraphysial cyst of third ventricle; clinical report, content unverified (metadata only).",pathology;terminology_history,metadata_only
R063,1953,"Poppen JL, Reyes V, Horrax G",Colloid cysts of the third ventricle; report of seven cases.,X,X,X,agreement,general_clinical,"Neurosurgical series of seven colloid cysts; title neutral, no indication of paraphyseal or histogenetic argument (content unverified).",pathology,metadata_only
R064,1953,Trost E,"[Embryology, histogenesis and histology of epiphysis, paraphysis, velum transversum, dorsal sack and subcommissural organ in Anguis fragilis, Chalcides ocellatus and Natrix natrix].",A,A,A,agreement,paraphysis_principal,"Comparative embryology, histogenesis and histology of epiphysis, paraphysis, velum transversum, dorsal sac and SCO in three reptiles; directly locates paraphysis relative to adjoining structures (abstract absent).",anatomy;histology;ontogeny;phylogeny,metadata_only
R065,1954,,Colloid Cyst of 3rd Ventricle : Clinico-Pathological Conference.,A,A,A,agreement,clinical_origin,"Clinico-pathological conference: pathologist states human paraphysis is transient (19-32 mm embryo), ciliated epithelium in the cyst, favours paraphysis as likely origin.",ontogeny;pathology;terminology_history,fulltext
R066,1954,Brizzee KR,"A comparison of cell structure in the area postrema, supraoptic crest, and intercolumnar tubercle with notes on the neurohypophysis and pineal body in the cat.",U,X,X,adjudicated,no_paraphysis_link,Brizzee 1954 cat area postrema/supraoptic crest/intercolumnar tubercle cytology; generic circumventricular comparison with no stated paraphysis link in the record.,histology,metadata_only
R067,1954,"Mosberg WH, Blackwood W",Mucus-secreting cells in colloid cysts of the third ventricle,B,B,B,agreement,context_clinical_histogenesis,"Histology of mucus-secreting cells in colloid cysts, bearing on endodermal versus neuroepithelial/paraphyseal origin (clinical question); title-based, no abstract.",histology;pathology,metadata_only
R068,1955,Ariens Kappers J,"[Certain less known functions of the choroid plexus of the telencephalon: hemopoiesis, formation of epiplexus cells and absorption].",X,X,X,agreement,no_paraphysis_link,"Telencephalic choroid plexus functions (hemopoiesis, epiplexus cells, absorption); generic choroid plexus function, no paraphysis named.",histology;physiology,metadata_only
R069,1955,"Dempsey EW, Wislocki GB","An electron microscopic study of the blood-brain barrier in the rat, employing silver nitrate as a vital stain.",X,X,X,agreement,no_paraphysis_link,"EM of silver-nitrate blood-brain barrier staining in rat; excerpt shows only vessel/basement membrane deposits, no paraphysis relation.",anatomy;histology;physiology,fulltext
R070,1955,Kappers JA,The development of the paraphysis cerebri in man with comments on its relationship to the intercolumnar tubercle and its significance for the origin of cystic tumors in the third ventricle.,A,A,A,agreement,paraphysis_principal,"Kappers 1955 monograph on development of the human paraphysis, its relation to the intercolumnar tubercle and origin of third-ventricle cystic tumours; core work.",anatomy;ontogeny;pathology;terminology_history,metadata_only
R071,1955,KRABBE KH,Development of the pineal organ and a rudimentary parietal eye in some birds.,X,X,X,agreement,no_paraphysis_link,Avian pineal organ and rudimentary parietal eye development; pineal paper with no paraphysis in title or notes.,ontogeny;phylogeny,metadata_only
R072,1955,"Tramezzani JH, Uranga J",[Positive Gomori substance and antidiuretic activity of the choroid plexus of the third ventricle of toads].,X,X,X,agreement,no_paraphysis_link,"Gomori-positive substance and antidiuretic activity of toad third-ventricle choroid plexus; paraphysis link only speculative, not named.",histology;physiology,metadata_only
R073,1955,"Tramezzani JH, Uranga JV",[Gomori-positive substance and antidiuretic activity of the choroid plexus of the third ventricle of toads].,X,X,X,agreement,no_paraphysis_link,"French short note, same topic as R072 (toad third-ventricle choroid plexus); paraphysis not named.",histology;physiology,metadata_only
R074,1956,Ariens Kappers J,"On the development, structure and function of the paraphysis cerebri.",A,A,A,agreement,paraphysis_principal,"Kappers 1956 review of development, structure and function of the paraphysis cerebri; title explicit (abstract absent).",anatomy;histology;ontogeny;physiology,metadata_only
R075,1956,"Glazer NM, Hauser H, Slade HW",Paraphyseal or colloid cysts of the third ventricle.,A,A,A,agreement,clinical_origin,Title 'Paraphyseal or colloid cysts of the third ventricle' (radiology); content unverified (metadata only).,pathology;terminology_history,metadata_only
R076,1956,Kappers JA,[Development of the paraphysis cerebri in Scylliorhinus caniculus].,A,A,A,agreement,paraphysis_principal,Kappers on development of the paraphysis cerebri in Scyliorhinus canicula (chondrichthyan); title explicit.,ontogeny;phylogeny,metadata_only
R077,1956,"Legait H, Legait E",[Structure of the innervation of the ependymal organs of the third ventricle in batrachians and reptiles].,U,U,X,adjudicated,insufficient_info,"Legait and Legait 1956 innervation of third-ventricle ependymal organs in amphibians/reptiles: no abstract, and nothing shows the paraphysis is among the organs or is explicitly compared; cannot be shown necessary.",anatomy,metadata_only
R078,1956,"Slade HW, Glazer NM",Paraphysial cyst of the third ventricle.,A,A,A,agreement,clinical_origin,Title names paraphysial cyst of third ventricle (surgical report); content unverified (metadata only).,pathology;terminology_history,metadata_only
R079,1957,Dorn E,[Fine structure of paraphysis of Protopterus annectens].,A,A,A,agreement,paraphysis_principal,"Fine structure of the 'paraphysis' of Protopterus annectens (Dorn 1957); structure later reinterpreted by some as dorsal sac, relevant to terminology.",anatomy;histology;phylogeny;terminology_history,metadata_only
R080,1957,"Legait H, Legait E",[Cerebral changes secondary to ablation or cauterization of the paraphysis in Rana esculenta].,A,A,A,agreement,paraphysis_principal,Experimental ablation/cauterization of the frog paraphysis (Rana esculenta) with secondary cerebral changes; title explicit.,pathology;physiology,metadata_only
R081,1957,Watermann R,[The problem of homology of the subfornical organ and the paraphysis].,A,A,A,agreement,paraphysis_principal,Homology of subfornical organ and paraphysis (Watermann 1957); title makes paraphysis homology the principal subject.,anatomy;phylogeny;terminology_history,metadata_only
R082,1958,"Kappers JA, Ten Kate I, De Bruyn HJ",On mast cells in the choroid plexus of the axolotl (Ambystoma mex.).,X,X,X,agreement,no_paraphysis_link,"Mast cells in axolotl choroid plexus; generic choroid plexus cytology, paraphysis not named.",anatomy;histology,metadata_only
R083,1958,"Testut L, Latarjet A",Tratado de anatomía humana,U,X,X,adjudicated,insufficient_info,"Testut-Latarjet Spanish general anatomy textbook, catalogue record only; no 'parafisis' passage retrieved, so it cannot be shown to bear on the review question.",anatomy;terminology_history,metadata_only
R084,1958,Van De Kamer JC,[Histological and cytological study on the ependyma and its derivatives (particularly the pineal body and the saccus vasculosus) in lower vertebrates].,X,X,X,agreement,no_paraphysis_link,"Ependymal derivatives of lower vertebrates 'particularly pineal body and saccus vasculosus'; paraphysis not named, no evidence of explicit comparison.",histology;phylogeny,metadata_only
R085,1958,"Yenermen MH, Bowerman CI, Haymaker W",Colloid cyst of the third ventricle; a clinical study of 54 cases in the light of previous publications.,U,X,X,adjudicated,general_clinical,"Yenermen, Bowerman and Haymaker 1958 clinical study of 54 colloid cysts: clinical-series title, no abstract, nothing indicating a histogenesis or paraphyseal-origin analysis; excluded for lack of text.",pathology,metadata_only
R086,1959,"Heaven RC, Young EF",Paraphysial (colloid) cysts of the third ventricle: report of eight cases with special attention to diagnostic features.,A,A,A,agreement,clinical_origin,"Title names paraphysial (colloid) cysts of third ventricle, eight cases; content unverified (metadata only).",pathology;terminology_history,metadata_only
R087,1959,Holmgren U,"On the pineal area and adjacent structures of the brain of the dipnoan fish, Protopterus annectens (Owen)",A,A,A,agreement,historical,Holmgren 1959 on pineal area and adjacent structures of Protopterus; snippet documents Burckhardt's 'coronarium' (old lungfish term) and structure identified as paraphysis in front of velum transversum.,anatomy;phylogeny;terminology_history,web_snippet
R088,1959,Sharp JA,Developmental changes in the interventricular foramen.,X,X,X,agreement,no_paraphysis_link,"Developmental changes of the human interventricular foramen; title and notes give no paraphysis link (content unverified, no abstract).",anatomy;ontogeny,metadata_only
R089,1960,Gemperlein J,Paraphyseal cysts of the third ventricle. Report of two cases in infants.,A,A,A,agreement,clinical_origin,"Title names paraphyseal cysts of the third ventricle, two infant cases; content unverified (metadata only).",pathology;terminology_history,metadata_only
R090,1961,"Hullay J, Gal J",[On cysts of the foramen of Monro (para-physeal cysts of the 3d ventricle)].,A,A,A,agreement,clinical_origin,Title equates cysts of foramen of Monro with para-physeal cysts of the third ventricle; content unverified (metadata only).,pathology;terminology_history,metadata_only
R091,1962,Kenefick JN,Paraphysial cyst.,A,A,A,agreement,clinical_origin,Title 'Paraphysial cyst' case report; content unverified (metadata only).,pathology;terminology_history,metadata_only
R092,1962,Oksche A,"[Histological, histochemical and experimental studies on the subcommissural organ of Anura (with reference to the epiphysial complex)].",X,X,X,agreement,no_paraphysis_link,"Anuran subcommissural organ monograph (with reference to epiphysial complex); SCO paper, no stated comparison with paraphysis.",histology;physiology,metadata_only
R093,1962,Pontenagel M,[Electron microscope studies on the ependyma of the choroid plexus in Rana esculenta and Rana fusca (Roesel)].,X,X,X,agreement,no_paraphysis_link,"EM of frog choroid-plexus ependyma; generic choroid plexus, paraphysis not named.",histology,metadata_only
R094,1962,Wolff F,"[Functional histological studies on the choroid plexus of Rana temporaria L., with special reference to the problem of secretion].",X,X,X,agreement,no_paraphysis_link,"Secretory histology of frog choroid plexus; generic choroid plexus, paraphysis not named.",histology;physiology,metadata_only
R095,1963,"Cassinari V, Bernasconi V",[TUMORS OF THE ANTERIOR PART OF THE 3RD CEREBRAL VENTRICLE].,X,X,X,agreement,general_clinical,"Italian surgical/radiological survey of anterior third-ventricle tumours (PubMed MeSH: diagnosis, radiography); title does not name paraphysis or histogenesis; no abstract.",pathology,metadata_only
R096,1964,"Coxe WS, Luse SA",COLLOID CYST OF THIRD VENTRICLE. AN ELECTRON MICROSCOPIC STUDY.,B,B,B,agreement,context_clinical_histogenesis,"First EM study of a third-ventricle colloid cyst (ependymal/epithelial origin per citing literature); histogenesis evidence needed to weigh the paraphyseal-origin hypothesis (clinical question); paraphysis not named, content unverified.",histology;pathology,metadata_only
R097,1964,Kelly DE,AN ULTRASTRUCTURAL ANALYSIS OF THE PARAPHYSIS CEREBRI IN NEWTS.,A,A,A,agreement,paraphysis_principal,"Title: ultrastructural analysis of the paraphysis cerebri in newts; paraphysis is the principal subject (histology/ultrastructure, urodele); content unverified, no abstract.",anatomy;histology;phylogeny,metadata_only
R098,1964,"Krohn W, Wittstruck KP, Slade HW",PARAPHYSIAL CYST OF THIRD VENTRICLE.,A,A,A,agreement,clinical_origin,"Title names 'paraphysial cyst of third ventricle' (case report adopting paraphyseal-origin label); content unverified, no abstract.",pathology;terminology_history,metadata_only
R099,1965,,Vascular supply of the epiphysis and paraphysis in reptiles,A,U,A,adjudicated,paraphysis_data,"Title field (catalogue-summary wording, not verbatim) names the paraphysis: vascular supply of epiphysis and paraphysis in reptiles; included on the title rule, CONTENT UNVERIFIED. Same chapter as R103 (Lierse, PBR 10); German 'Paraepiphyse' may instead denote the parapineal - verify and drop if so.",anatomy;phylogeny,metadata_only
R100,1965,"Ariëns Kappers J, Schadé JP","Structure and function of the epiphysis cerebri (Kappers JA, Schadé JP, eds.)",X,X,X,agreement,no_paraphysis_link,Volume-level record of a pineal (epiphysis cerebri) proceedings book; not paraphysis-specific; any paraphysis chapter is captured by chapter-level records (R099/R103).,terminology_history,metadata_only
R101,1965,"Ariëns Kappers J, Schadé JP (eds)","Structure and Function of the Epiphysis Cerebri (Progress in Brain Research, vol. 10)",X,X,X,agreement,no_paraphysis_link,"Volume-level record (PBR vol 10, pineal); only one chapter touches the paraphysis and that chapter is screened separately (R099/R103); volume itself is generic pineal literature.",phylogeny,metadata_only
R102,1965,Breucker H,[Comparative electron microscopic studies on the saccus dorsalis of teleosts],X,X,X,agreement,no_paraphysis_link,Comparative EM of the teleost saccus dorsalis; no indication it compares itself with the paraphysis; title/MeSH give no paraphysis link.,histology;phylogeny,metadata_only
R103,1965,Lierse W,[THE BLOOD SUPPLY OF THE EPIPHYSIS AND PARA-EPIPHYSIS IN REPTILES].,U,U,A,adjudicated,paraphysis_data,"Same chapter as R099 (Lierse 1965, PBR 10:183-92, PMID 14281602); verified German-translated title says 'para-epiphysis' (MeSH pineal only), which may be parapineal, but R099 wording names the paraphysis; kept as a duplicate pair, CONTENT UNVERIFIED, merge records and verify chapter.",anatomy;terminology_history,metadata_only
R104,1965,"Meller K, Wechsler W",[ELECTRON MICROSCOPIC STUDY ON THE DEVELOPMENT OF THE CHOROID PLEXUS OF THE TELENCEPHALON IN POULTRY].,X,X,X,agreement,no_paraphysis_link,Generic EM development of chick telencephalic choroid plexus; no paraphysis link in title/MeSH; no abstract.,histology;ontogeny,metadata_only
R105,1965,NIEUWENHUYS R,THE FOREBRAIN OF THE CROSSOPTERYGIAN LATIMERIA CHALUMNAE SMITH,U,X,X,adjudicated,insufficient_info,"Nieuwenhuys 1965 Latimeria forebrain: PubMed shows no abstract, MeSH telencephalon/limbic system only; nothing indicates a paraphysis/roof description. Full-text check of the roof would reverse this.",anatomy;phylogeny,metadata_only
R106,1965,"Shuangshoti S, Roberts MP, Netsky MG",NEUROEPITHELIAL (COLLOID) CYSTS: PATHOGENESIS AND RELATION TO CHOROID PLEXUS AND EPENDYMA.,B,B,B,agreement,context_clinical_histogenesis,"Colloid (neuroepithelial) cyst pathogenesis and relation to choroid plexus/ependyma by the group that classed paraphysis as extraventricular choroid plexus; histogenesis paper needed to weigh paraphyseal hypothesis (clinical); paraphysis content unverified, no abstract.",ontogeny;pathology;terminology_history,metadata_only
R107,1965,Stockem W,[On ontogenesis and function of the paraphysis of Amphibia].,A,A,A,agreement,paraphysis_principal,"Title: ontogenesis and function of the amphibian paraphysis (MeSH: glycogen, CSF, metamorphosis, thyroid); principal subject; content unverified, no abstract.",ontogeny;physiology;phylogeny,metadata_only
R108,1965,Van De Kamer JC,"HISTOLOGICAL STRUCTURE AND CYTOLOGY OF THE PINEAL COMPLEX IN FISHES, AMPHIBIANS AND REPTILES.",X,X,X,agreement,no_paraphysis_link,Generic comparative pineal-complex histology review; title does not name paraphysis/dorsal sac; any paraphysis link is speculative.,histology;phylogeny,metadata_only
R109,1966,Carpenter SJ,An electron microscopic study of the choroid plexuses of Necturus maculosus.,X,X,X,agreement,no_paraphysis_link,Generic EM of Necturus choroid plexuses; no paraphysis comparison indicated in title/MeSH.,histology,metadata_only
R110,1966,"Shuangshoti S, Netsky MG",Choroid plexus and paraphysis in lower vertebrates.,A,A,A,agreement,paraphysis_principal,"Comparative histology of paraphysis and choroid plexus in amphibians, reptiles and sharks; concludes paraphysis is a modified (extraventricular) choroid plexus and that the velum transversum is an arbitrary boundary; principal homology/terminology paper.",anatomy;histology;phylogeny;terminology_history,abstract
R111,1966,"Shuangshoti S, Netsky MG",Histogenesis of choroid plexus in man,A,A,A,agreement,paraphysis_data,"Histogenesis of human choroid plexus; explicitly reanalyses the paraphysis as extraventricular choroid plexus (common neuroepithelial origin), rudimentary and inconstant in man; explicit analysis of the human paraphysis.",histology;ontogeny;phylogeny;terminology_history,abstract
R112,1966,Smith DE,Morphological changes occurring in the developing chick choroid plexus.,X,X,X,agreement,no_paraphysis_link,Generic chick choroid plexus morphological development; no paraphysis link.,histology;ontogeny,metadata_only
R113,1966,"Stockem W, Weber W",[On the comparative embryology of the paraphysis in birds].,A,A,A,agreement,paraphysis_principal,"Title: comparative embryology of the paraphysis in birds (canary, duck, chick per MeSH); principal ontogeny/phylogeny paper; content unverified, no abstract.",ontogeny;phylogeny,metadata_only
R114,1966,Vitale-Calpe R,Contribution to the study of the epithalamus of Bufo arenarum (Hensel). I. Histological observations on the epiphysis cerebri.,X,X,X,agreement,no_paraphysis_link,"Histology of the epiphysis cerebri (and associated choroid plexus) in Bufo arenarum; title names pineal only, no paraphysis link.",anatomy;histology,metadata_only
R115,1967,"D'Agostino AN, Maruyama S",Necrosis in the telencephalic roof plate in normal rat fetuses. A light and electron microscopic study.,X,X,X,agreement,no_paraphysis_link,Necrosis in the rat telencephalic roof plate; generic roof-plate development in a species without a paraphysis; no link to the paraphysis region indicated; no abstract.,histology;ontogeny,metadata_only
R116,1967,Srebro Z,The subfornical organ in frogs and its role in the regulation of the secretory activity of the paraphysis.,A,A,A,agreement,paraphysis_principal,"Title: frog subfornical organ and regulation of the secretory activity of the paraphysis; paraphysis physiology/function; content unverified, no abstract.",anatomy;physiology,metadata_only
R117,1968,Dempsey EW,"Fine-structure of the rat's intercolumnar tubercle and its adjacent ependyma and choroid plexus, with especial reference to the appearance of its sinusoidal vessels in experimental argyria.",U,X,X,adjudicated,no_paraphysis_link,"Dempsey 1968 fine structure of rat intercolumnar tubercle; Kappers' paraphysis link is secondary and absent from this record (MeSH: pineal, pituitary, blood-brain barrier); generic circumventricular ultrastructure.",anatomy;histology,metadata_only
R118,1968,"Oksche A, Kirschstein H",[Differences in the electron-microscopic structure of the sensory cells in the parietal eye and in the pineal body (epiphysis cerebri) of Lacertilia. A contribution to the problem of the epiphysis].,X,X,X,agreement,no_paraphysis_link,"EM of lizard parietal-eye vs pineal sensory cells; epithalamic photoreceptor structures, not paraphysis.",histology;phylogeny,metadata_only
R119,1968,Paul E,"[Histochemical, electron microscopic and quantitative studies of glycogen storage in the choroid plexus of Rana temporaria L].",X,X,X,agreement,no_paraphysis_link,Glycogen storage in frog choroid plexus (title/MeSH: choroid plexus only); same author as paraphysis histochemistry but no paraphysis named; no abstract.,histology,metadata_only
R120,1968,Paul E,"[Histochemical studies on the choroid plexuses, the paraphysis cerebri, and the ependyma of Rana temporaria L].",A,A,A,agreement,paraphysis_principal,"Title: histochemistry of choroid plexuses, paraphysis cerebri and ependyma of Rana temporaria (enzymes, glycogen, epinephrine per MeSH); histochemical data on the paraphysis; no abstract.",histology;physiology,metadata_only
R121,1968,"Rakic P, Yakovlev PI",Development of the corpus callosum and cavum septi in man.,X,X,X,agreement,no_paraphysis_link,"Classic human callosum/cavum septi development (commissural plate); no paraphysis link found or indicated, so not demonstrably necessary context; would become include_B only if the text locates the paraphysis relative to the lamina reuniens.",anatomy;ontogeny,metadata_only
R122,1968,Yakovlev PI,"Telencephalon ""impar"", ""semipar"" and ""totopar"". (Morphogenetic, tectogenetic and architectonic definitions).",B,B,B,agreement,context_anatomy,"Yakovlev's definitions of telencephalon impar/semipar/totopar (midline unpaired telencephalon where the paraphysis arises); terminology source for locating the paraphysis (anatomy/terminology); paraphysis not verified in text, no abstract.",anatomy;phylogeny;terminology_history,metadata_only
R123,1969,Hauser R,[Dependence of normal tail regeneration in Xenopus larvae upon a diencephalic factor in the central canal].,X,X,X,agreement,no_paraphysis_link,Xenopus tail-regeneration dependence on a diencephalic central-canal factor (SCO region); telencephalic ablation only as a control; no paraphysis.,physiology,abstract
R124,1969,"Kemali M, Braitenberg V",Atlas of the Frog's Brain,X,X,X,agreement,no_paraphysis_link,"Frog brain atlas; bibliographic entry only, no paraphysis content found.",anatomy,metadata_only
R125,1969,Petit A,[Embryogenesis of the epiphysis and subcommissural organ of the ring snake (Tropidonotus natrix L)].,X,X,X,agreement,no_paraphysis_link,Embryogenesis of epiphysis and subcommissural organ in a snake; no paraphysis named; speculative link only; no abstract.,histology;ontogeny,metadata_only
R126,1969,Ueck M,[Ultrastructural characteristics of the pineal sensory cells in Protopterus dolloi].,X,X,X,agreement,no_paraphysis_link,"Pineal sensory-cell ultrastructure in Protopterus; pineal only, no paraphysis/dorsal sac comparison indicated.",histology;phylogeny,metadata_only
R127,1970,"Agrawal RV, Gupta YP, Rajkondawar VL",Paraphyseal cyst (an autopsy report).,A,A,A,agreement,clinical_origin,"Title names 'paraphyseal cyst (autopsy report)'; colloid cyst labelled paraphyseal; content unverified, no abstract.",pathology;terminology_history,metadata_only
R128,1970,"Meiniel A, Collin P","[Monoamines of the pineal organ during the intra-uterine stages of development of an amniote. Studies in Lacerta vivipara (Jacquin), Reptile, Lacertilian].",X,X,X,agreement,no_paraphysis_link,Monoamines in the embryonic lizard pineal organ; pineal only.,ontogeny;physiology,metadata_only
R129,1970,Paul E,[Comparative lectron microscopy findings on inclusions in the choroid plexus].,X,X,X,agreement,no_paraphysis_link,Comparative EM of inclusions in anuran choroid plexus epithelium; no paraphysis named; no abstract.,histology,metadata_only
R130,1970,Paul E,[Lipid globes in the plexus epithelium of Rana temporaria L].,X,X,X,agreement,no_paraphysis_link,Lipid globules in frog choroid plexus epithelium; no paraphysis named.,histology,metadata_only
R131,1970,Quay WB,Pineral structure and composition in the orangutan (Pongo pygmaeus),X,X,X,agreement,no_paraphysis_link,"Orangutan pineal structure; mammalian dorsal sac (suprapineal recess) of the pineal, not the paraphysis/telencephalic roof.",anatomy,abstract
R132,1971,"Alay F, Sotomayor R",Morfogénesis del complejo epifisial en Liolaemus gravenhorsti (Cray),A,A,A,agreement,paraphysis_data,Lizard (Liolaemus) epiphyseal-complex morphogenesis; authors label a structure PAR as 'paraepifisis' and 'parafisis' (paraphysis) alongside pineal and parietal organ; data on authors' own paraphysis but terminology (parietal vs paraphysis) and depth unverified (snippet only).,anatomy;ontogeny;terminology_history,web_snippet
R133,1971,"Collin JP, Meiniel A","[The pineal body. Combined ultrastructural, cytochemical (monoamines) and experimental studies in Testudo mauritanica. Dense granules of cells of the ""sensory"" line in the vertebrates].",X,X,X,agreement,no_paraphysis_link,Pineal body ultrastructure and monoamine cytochemistry in a tortoise; no paraphysis.,histology;physiology,metadata_only
R134,1971,Hafeez MA,Light microscopic studies on the pineal organ in teleost fishes with special regard to its function,X,X,X,agreement,no_paraphysis_link,Teleost pineal light microscopy; notes pineal-dorsal sac proximity only; no paraphysis comparison.,anatomy;phylogeny,abstract
R135,1971,Paul E,[Experimental morphological studies of the glycogen body of the lumbar cord and of other glycogen-containing circumventricular organs].,X,X,X,agreement,no_paraphysis_link,"Glycogen body of lumbar cord and 'other glycogen-containing circumventricular organs'; MeSH lists choroid plexus and spinal cord only, paraphysis not indicated.",histology,metadata_only
R136,1971,"Quay WB, Millar R",Organization and histology of the pineal region in the hyrax (Procavia capensis),X,X,X,agreement,no_paraphysis_link,Hyrax pineal region and mammalian dorsal sac/pineal recess; no paraphysis link.,anatomy,abstract
R137,1972,Mehring G,[Light and electron microscopy studies on the pineal organ of Testudo hermanni].,X,X,X,agreement,no_paraphysis_link,LM/EM of tortoise pineal organ; no paraphysis.,histology,metadata_only
R138,1972,Paul E,[Enzyme histochemical and fluorescence microscopic studies of the choroid plexus and the paraphysus of Rana temporaria L].,A,A,A,agreement,paraphysis_principal,"Title: enzyme histochemical and fluorescence studies of choroid plexus and paraphysus of Rana temporaria (monoamine fluorescence, enzymes); histochemical data on the paraphysis; no abstract.",histology;physiology,metadata_only
R139,1973,,,A,A,A,agreement,clinical_origin,"Abstract fragment states the neuroepithelial (colloid) cyst arises from the anlage of the paraphysis (case report, 21-year-old man); author-endorsed paraphyseal origin, no histogenetic data seen; title/authors unverified, open the DOI to confirm.",pathology;terminology_history,web_snippet
R140,1973,Landolt-Weber UM,[Ultrastructure of a third ventricle colloid cyst (author's transl)],B,B,B,agreement,context_clinical_histogenesis,"EM of a third-ventricle colloid cyst (ciliated epithelium, mucin per MeSH): ultrastructural histogenesis evidence needed to weigh paraphyseal vs endodermal origin (clinical); paraphysis not named, no abstract.",histology;pathology,metadata_only
R141,1973,Meineil A,[Embryonic pineal and parietal organ of lacerta vivipara j. fluorescence microscopic study with special regard to monoamines and selective incorporation of 3h-5-htp in secretory rudimentary photoreceptors (author's transl)].,X,X,X,agreement,no_paraphysis_link,"Embryonic Lacerta pineal/parietal organ monoamine fluorescence; no paraphysis in title, no abstract available.",histology;ontogeny,metadata_only
R142,1973,"Vigh-Teichmann I, Vigh B, Aros B",CSF contacting axons and synapses in the lumen of the pineal organ.,X,X,X,agreement,no_paraphysis_link,"CSF-contacting axons in pineal lumen; pineal-only EM, no paraphysis link.",histology,metadata_only
R143,1974,"Danziger J, Bloch S",Paraphysial cysts of the third ventricle.,A,A,A,agreement,clinical_origin,"Title names paraphysial cysts of the third ventricle (radiological report); content unverified, no abstract.",pathology;terminology_history,metadata_only
R144,1974,"Fatzer R, Müller R, Fankhauser R",[Hyperplasia of epithalamic formations in a giant tortoise from the Seychelles].,X,U,X,adjudicated,no_paraphysis_link,Giant-tortoise epithalamic hyperplasia case report; MeSH indicates pineal gland/choroid plexus only and no abstract mentions the paraphysis; a veterinary case report of off-topic structures.,anatomy;pathology,metadata_only
R145,1974,"Hirano A, Ghatak NR",The fine structure of colloid cysts of the third ventricle.,B,B,B,agreement,context_clinical_histogenesis,"Ultrastructure of colloid cysts (MeSH Endoderm, Choroid Plexus, Cilia) bearing on endodermal vs neuroepithelial/paraphyseal origin; content unverified, no abstract.",histology;pathology,metadata_only
R146,1974,"Little JR, MacCarty CS",Colloid cysts of the third ventricle.,X,X,X,agreement,general_clinical,Mayo clinical series of colloid cysts; no abstract and no sign of histogenesis data.,pathology,metadata_only
R147,1974,"Sarnat HB, Netsky MG",Evolution of the Nervous System,X,U,X,adjudicated,no_paraphysis_link,"Sarnat and Netsky general textbook on nervous-system evolution, catalogue record only; no statement about the paraphysis, cannot be shown necessary.",phylogeny,metadata_only
R148,1974,Ueck M,"[Comparative aspects to the neuroendocrine activity of the pineal complex of fishes, amphibia and birds (author's transl)].",X,X,X,agreement,no_paraphysis_link,"Comparative neuroendocrine review of the pineal complex in fish, amphibians and birds; pineal-centred, no paraphysis link.",phylogeny;physiology,metadata_only
R149,1975,"Ciric I, Zivin I",Neuroepithelial (colloid) cysts of the septum pellucidum.,B,B,B,agreement,context_clinical_histogenesis,Colloid-cyst pathogenesis from diencephalic-roof neuroepithelium (invagination/evagination into velum interpositum); paraphysis not named in abstract but locates the origin relative to the paraphyseal hypothesis.,ontogeny;pathology;terminology_history,abstract
R150,1975,Diederen JH,A possible functional relationship between the subcommissural organ and the pineal complex and lateral eyes in Rana esculenta and Rana temporaria.,X,X,X,agreement,no_paraphysis_link,Frog SCO versus pineal/eyes ablation; SCO paper never relates to the paraphysis.,physiology,abstract
R151,1975,"Hirano A, Matsui T, Zimmerman HM",[The fine structure of epithelial cyst in the central nervous system (author's transl)].,B,B,B,agreement,context_clinical_histogenesis,"EM of CNS epithelial cysts; colloid cyst judged endodermal, evidence needed to weigh paraphyseal/neuroepithelial origin (paraphysis not named in abstract).",histology;pathology,abstract
R152,1975,"Meiniel A, Collin J-P, Roux M",[Pineal organ and parietal eye of Lacerta vivipara: a qualitative and quantitative microscopic study of the uptake of 3H-5-hydroxytryptophan during ontogenesis].,B,A,A,adjudicated,paraphysis_data,"Meiniel et al. 1975 abstract explicitly reports the paraphysis (with dorsal telencephalon, tectum) as showing only constant weak non-specific 3H-5-HTP uptake in Lacerta embryos, in contrast to the epiphysis; minor/negative autoradiographic datum, but explicit original labelling data on the paraphysis (histochemistry, ontogeny).",histology;ontogeny;physiology,abstract
R153,1975,"Shuangshoti S, Phonprasert C, Suwanwela N, Netsky MG",Combined neuroepithelial (colloid) cyst and xanthogranuloma (xanthoma) in the third ventricle.,B,B,B,agreement,context_clinical_histogenesis,"Colloid cyst case stating neuroepithelial origin from ependyma/choroid plexus, stomodeal origin possible near floor; paraphysis not named.",histology;pathology;terminology_history,abstract
R154,1975,Yoko Y,Early development of the cerebral vesicles in man.,X,X,X,agreement,no_paraphysis_link,"Human cerebral vesicle evagination staging; abstract covers pallium/foramen floor, no roof or paraphysis content.",ontogeny;anatomy,abstract
R155,1976,馬場元毅ほか5名,第3脳室Colloid Cystについて—1手術例と1剖検例の報告 (Colloid Cysts of the Third Ventricle: Report of One Operated and One Autopsied Case),A,A,A,agreement,clinical_origin,Japanese colloid-cyst case report with author keyword 'Paraphysis'; discussion of paraphyseal origin presumed but unverified (keywords only).,pathology;terminology_history,web_snippet
R156,1976,"Gundy GC, Wurst GZ",Parietal eye-pineal morphology in lizards and its physiological implications.,X,X,X,agreement,no_paraphysis_link,Lizard parietal eye-pineal morphology survey; abstract has no paraphysis data.,anatomy;phylogeny,abstract
R157,1976,"Jansen WF, de Weger RA, Woutersen RA, van Loveren H, van de Kamer JC","The saccus dorsalis of the rainbow trout, Salmo gairdneri Richardson: histological, cytochemical, electron microscopical and autoradiographical observations",X,X,X,agreement,no_paraphysis_link,"Teleost saccus dorsalis histology/EM (diencephalic roof evagination, CP analogue); abstract never compares with paraphysis.",anatomy;histology;physiology,abstract
R158,1976,"Jansen WF, van Loveren H, Woutersen RA, de Weger RA","Enzyme-cytochemistry of the saccus dorsalis of the rainbow trout, Salmo gairdneri Richardson",X,X,X,agreement,no_paraphysis_link,Enzyme cytochemistry of trout saccus dorsalis; no paraphysis comparison.,histology;physiology,abstract
R159,1976,"Kennaway D, Seamark RF","Proceedings: Pineal gland changes during the period of blastocyst activation in the tammar wallaby, Macropus eugenii.",X,X,X,agreement,homonym,"Wallaby pineal changes in pregnancy; proceedings, off-topic.",physiology,metadata_only
R160,1976,McNulty JA,A comparative study of the pineal complex in the deep-sea fishes Bathylagus Wesethi and Nezumia liolepis.,A,A,A,agreement,paraphysis_data,"Teleost pineal complex study reporting a paraphysis and dorsal sac present in Bathylagus, absent in Nezumia, with functional relation suggested.",anatomy;histology;phylogeny,abstract
R161,1976,"McNulty JA, Nafpaktitis BG",The structure and development of the pineal complex in the lanternfish Triphoturus mexicanus (family mycotphidae).,X,X,X,agreement,no_paraphysis_link,Lanternfish dorsal sac cell types and pineal development; abstract does not relate to paraphysis.,anatomy;histology;ontogeny,abstract
R162,1976,Meiniel A,[Embryonic pineal organ of Lacerta vivipara J. II. Electron microscopic study of 3H-5-hydroxytryptophan (3H-5-HTP) incorporation in the secretory rudimentary photoreceptor cells (SRP). The gradient of biochemical differentiation (author's transl)].,X,X,X,agreement,no_paraphysis_link,Embryonic Lacerta pineal 5-HTP EM autoradiography; pineal-only.,histology;ontogeny,abstract
R163,1976,Moller M,The ultrastructure of the human fetal pineal gland. II. Innervation and cell junctions.,X,X,X,agreement,no_paraphysis_link,Human fetal pineal innervation and junctions; no paraphysis link.,histology;ontogeny,abstract
R164,1976,"Palacios E, Azar-Kia B, Shannon M, Messina AV",Neuroepithelial (colloid) cysts. Pathogenesis and unusual features.,A,A,A,agreement,clinical_origin,"Reviews pathogenesis theories of neuroepithelial (colloid) cysts and argues an origin more diffuse than the paraphysis, with case support.",pathology;terminology_history,abstract
R165,1976,"Picard L, Leymarie F, Roland J, Sigiel M, Masson JP, André JM, Renard M",Cavum veli interpositi. Roentgen anatomy - pathology and physiology.,X,X,X,agreement,no_paraphysis_link,Radiological anatomy of cavum veli interpositi in infants; no paraphysis or telencephalic-roof link.,anatomy,abstract
R166,1976,"Stastný F, Rychter Z",Effect of hydrocortisone on the growth of choroid plexus and composition of cerebrospinal fluid in the developing chick embryo.,X,X,X,agreement,no_paraphysis_link,"Hydrocortisone effects on chick choroid plexus/CSF; generic choroid plexus, no paraphysis link.",ontogeny;physiology,abstract
R167,1976,"Welsch U, Schubert C, Tan SH","Histological and histochemical observations on the neurosecretory cells in the diencephalon of Chthonerpeton indistinctum and Ichthyophis paucisulcus (Gymnophiona, Amphibia).",X,X,X,agreement,no_paraphysis_link,Caecilian preoptic neurosecretory cell histology; abstract silent on paraphysis.,histology,abstract
R168,1977,"Ghatak NR, Kasoff I, Alexander E",Further observation on the fine structure of a colloid cyst of the third ventricle.,B,B,B,agreement,context_clinical_histogenesis,"EM of colloid cyst lining resembling respiratory epithelium, supporting endodermal origin (paraphysis not named in abstract); weighs against neuroepithelial/paraphyseal views.",histology;pathology,abstract
R169,1977,"Hafeez MA, Merhige ME","Light and electron microscopic study on the pineal complex of the coelacanth, Latimeria chalumnae Smith",X,X,X,agreement,no_paraphysis_link,Latimeria pineal/parapineal vesicles EM; abstract has no paraphysis or dorsal sac content.,anatomy;histology;phylogeny,abstract
R170,1977,"Haldar C, Thapliyal JP",Development of pineal complex in Calotes versicolor,A,A,A,agreement,paraphysis_data,"Embryonic development of pineal complex and paraphysis in Calotes versicolor, compared with Sphenodon and Lacerta; paraphysis histology described.",ontogeny;histology;phylogeny,abstract
R171,1977,"Holbach KH, Gullotta F",[Contribution to the pathogenesis of intrasellar and intraventricular cysts (author's transl)].,B,X,B,adjudicated,context_clinical_histogenesis,"Holbach and Gullotta 1977 abstract equates Rathke cysts with colloid cysts of the foramen of Monro and cites an ectopic upper-respiratory (endodermal) origin: an explicit histogenetic alternative needed to weigh the paraphyseal hypothesis (clinical origin). No paraphysis data and no original evidence, so limited weight.",histology;pathology,abstract
R172,1977,"McNulty JA, Nafpaktitis BG",Morphology of the pineal complex in seven species of lanternfishes (Pisces: Myctophidae).,X,X,X,agreement,no_paraphysis_link,Lanternfish dorsal-sac presence/absence and receptor cells; abstract never relates dorsal sac to paraphysis.,anatomy;phylogeny,abstract
R173,1977,Meiniel A,[5-hydroxytryptophan decarboxylase (5-HTPD) and monoamine oxidase (MAO) activities in the embryonic pineal organ of Lacerta vivipara J. A qualitative and quantitative microscopic study of the uptake of 3H-5-HTP under experimental conditions and the histochemistry of MAO (author's transl)].,X,X,X,agreement,no_paraphysis_link,Embryonic Lacerta pineal 5-HTPD/MAO histochemistry; pineal-only.,histology;ontogeny,abstract
R174,1977,"Nieuwenhuys R, Kremers JP, van Huijzen C",The brain of the crossopterygian fish Latimeria chalumnae: a survey of its gross structure,U,U,X,adjudicated,insufficient_info,"Nieuwenhuys, Kremers and van Huijzen 1977 Latimeria gross brain survey: no abstract, MeSH only telencephalon/diencephalon; no evidence it describes the paraphysis or dorsal sac. Full-text check would reverse this.",anatomy;phylogeny,metadata_only
R175,1977,"Powers JM, Dodds HM",Primary actinomycoma of the third ventricle--the colloid cyst. A histochemical and ultrastructural study.,X,X,X,agreement,general_clinical,Colloid cyst contents (hyphal-like structures) histochemistry; not about origin.,histology;pathology,abstract
R176,1977,"Sharpe JA, Deck JH",Neuroepithelial cyst of the fourth ventricle. Case report.,X,X,X,agreement,no_paraphysis_link,"Fourth-ventricle neuroepithelial cyst case; rhombencephalic roof mechanism, no third-ventricle or paraphysis link.",pathology,abstract
R177,1977,"Shuangshoti S, Phisitbutr M, Kasantikul V, Netsky MG",Multiple neuroepithelial (colloid) cysts: association with other congenital anomalies.,B,B,B,agreement,context_clinical_histogenesis,"Multiple neuroepithelial cysts: proposes neuroepithelial folding origin and Rathke-cleft origin for floor cysts; paraphysis not named, informs origin debate.",ontogeny;pathology,abstract
R178,1977,Striteský J,Normative development of the chick telencephalic choroid plexus,X,X,X,agreement,no_paraphysis_link,"Short item on chick telencephalic choroid plexus development; generic choroid plexus, no paraphysis link, no abstract.",ontogeny,metadata_only
R179,1977,"Zanetti G, Gordini G","[A case of autoptic colloid cyst of the 3rd ventricle. Anatomic, clinical and histogenetic considerations].",U,U,B,adjudicated,context_clinical_histogenesis,"Zanetti and Gordini 1977 autopsy colloid cyst whose title promises 'histogenetic considerations' (clinical origin); expected to weigh neuroepithelial/endodermal/paraphyseal origin, but no abstract so content unverified - confirm at full text.",pathology,metadata_only
R180,1978,"Calvo J, Boya J",Embryonic development of the pineal gland of the chicken (Gallus gallus).,X,X,X,agreement,no_paraphysis_link,Chick pineal embryonic development; no paraphysis link.,histology;ontogeny,abstract
R181,1978,"Challa VR, Markesbery WR",Infratentorial neuroepithelial cyst (colloid cyst). Case report.,A,A,A,agreement,clinical_origin,Infratentorial neuroepithelial cyst case explicitly discussing developmental relationship to colloid and paraphyseal cysts of third ventricle (discussion part of a case report).,pathology;terminology_history,abstract
R182,1978,Dellmann HD,Scanning and transmission electron microscopy of the subfornical organ of the grass frog (Rana pipiens).,X,X,X,agreement,no_paraphysis_link,Frog subfornical organ SEM/TEM; circumventricular organ without paraphysis link.,histology,abstract
R183,1978,"Owens DW, Ralph CL",The pineal-paraphyseal complex of sea turtles. I. Light microscopic description.,A,A,A,agreement,paraphysis_principal,"Sea turtle pineal-paraphyseal complex: paraphysis fused to distal pineal, no pineal-ventricle canal, light microscopy across age classes.",anatomy;histology;phylogeny,abstract
R184,1978,"Shuangshoti S, Netsky MG, Switter DJ",Combined congenital vascular anomalies and neuroepithelial (colloid) cysts.,X,X,X,agreement,general_clinical,"Two case reports (choroidal angioma, pineal-region cyst with choroid plexus) supporting congenital nature only; no origin analysis, no paraphysis.",pathology,abstract
R185,1979,Brocklehurst G,The significance of the evolution of the cerebrospinal fluid system.,B,A,B,adjudicated,context_function,"Brocklehurst 1979 abstract: comparative CSF-system morphology (amphioxus to mouse) naming the paraphysis among compared ependymal derivatives with choroid plexuses and proposing a CSF chemical-environment function; paraphysis not principal and PMC full text is unreadable scans, so context for phylogeny/physiology, not A.",phylogeny;anatomy;physiology,abstract
R186,1979,"De Waele G, Dierickx K",Scanning electron microscopy of the wall of the third ventricle in the brain of Rana temporaria. Part IV.,X,X,X,agreement,no_paraphysis_link,SEM of frog third-ventricle wall surface specialisations; no paraphysis link in abstract.,anatomy;histology,abstract
R187,1979,"Dellmann HD, Linner JG",Ultrastructure of the subfornical organ of the chicken (Gallus domesticus).,X,X,X,agreement,no_paraphysis_link,Chicken subfornical organ ultrastructure; circumventricular organ paper that never relates to the paraphysis.,histology;phylogeny,abstract
R188,1979,"Evans DC, Netsky MG, Allen VE, Kasantikul V",Empty sella secondary to suprasellar colloid cyst of foregut (respiratory) origin. Case report.,B,B,B,agreement,context_clinical_histogenesis,"Suprasellar/third-ventricle colloid cyst with foregut (respiratory) lining; reconsiders origin (endoderm vs neuroepithelium), needed to weigh the paraphyseal hypothesis; abstract does not name the paraphysis.",pathology;histology,abstract
R189,1979,Kappers JA,Short history of pineal discovery and research,X,X,X,agreement,no_paraphysis_link,Metadata-only history of pineal discovery; title and no abstract give no sign of paraphysis coverage (would need chapter text to check for epiphysis/paraphysis terminology).,terminology_history,metadata_only
R190,1979,"Kenny GC, Scheelings FT",Observations of the pineal region of non-eutherian mammals.,X,X,X,agreement,no_paraphysis_link,"Pineal region and SCO of marsupials/monotremes; full PubMed abstract checked, no paraphysis or telencephalic roof structure mentioned.",anatomy;phylogeny,abstract
R191,1979,Ling EA,Ultrastruct and origin of epiplexus cells in the telencephalic choroid plexus of postnatal rats studied by intravenous injection of carbon particles.,X,X,X,agreement,no_paraphysis_link,"Epiplexus cells of rat telencephalic choroid plexus (EM, carbon tracer); generic choroid plexus cell biology, no paraphysis link.",histology,abstract
R192,1979,McNulty JA,"A comparative light and electron microscopic study of the pineal complex in the deep-sea fishes, Cyclothone signata and C. acclinidens.",X,X,X,agreement,no_paraphysis_link,"Teleost (Cyclothone) pineal complex and dorsal sac ultrastructure; does not compare itself with the paraphysis and teleosts lack one, so not necessary context.",anatomy;histology;phylogeny,abstract
R193,1979,"O'Rahilly R, Gardner E",The initial development of the human brain.,B,B,B,agreement,context_embryology,"O'Rahilly & Gardner: early appearance of the telencephalon medium in human embryos and brain-subdivision terminology; defines the territory from which the paraphysis arises (ontogeny, terminology).",ontogeny;terminology_history,abstract
R194,1979,"Pardatscher K, Rigobello L, Fiore D, Andrioli G, D'Avella D",[Value of computerised tomography in the diagnosis of colloid cyst of the third ventricle (author's transl)].,X,X,X,agreement,general_clinical,"Italian CT case of colloid cyst; only a stock statement of diencephalic-roof neuroepithelial origin, no paraphysis, no histogenesis data.",pathology,abstract
R195,1979,Quay WB,The parietal eye-pineal complex,U,U,X,adjudicated,insufficient_info,"Metadata-only title 'The parietal eye-pineal complex' (Quay 1979 reptile chapter); no excerpt, title does not name the paraphysis, and paraphysis coverage rests only on its appearing in the gecko paraphysis paper's reference list; cannot support inclusion. Hand-check the chapter index for paraphysis/dorsal sac if the gecko paper's citing context is needed.",phylogeny;anatomy,metadata_only
R196,1979,"Welsch U, Tan SH","[Enzyme histochemical study of the brain of Chthonerpeton indistinctum (Gymnophiona, Amphibia)].",X,X,X,agreement,no_paraphysis_link,Enzyme histochemistry of caecilian brain; abstract silent on paraphysis or telencephalic roof.,histology;phylogeny,abstract
R197,1980,"Agnew WF, Yuen TG, Achtyl TR",Ultrastructural observations suggesting apocrine secretion in the choroid plexus: a comparative study,X,X,X,agreement,no_paraphysis_link,Apocrine-like blebbing in choroid plexus across vertebrates; generic choroid plexus paper with no paraphysis comparison.,histology;physiology,abstract
R198,1980,"Cserr HF, Bundgaard M, Ashby JK, Murray M",On the anatomic relation of choroid plexus to brain: a comparative study,X,X,X,agreement,no_paraphysis_link,"Comparative choroid plexus weight vs ventricular volume; generic choroid plexus, never relates to paraphysis.",anatomy;phylogeny,abstract
R199,1980,Mezerová M,"[Neuroepithelial (choroidal, colloid) cyst in the 3d ventricle of the brain].",X,X,X,agreement,general_clinical,"Czech single case report of neuroepithelial (choroidal, colloid) cyst; histogenesis only 'briefly discussed' in a one-sentence abstract, no paraphysis named, no histogenesis data.",pathology,abstract
R200,1980,"Pasquier DA, Cannata MA, Tramezzani JH",Central connections of the toad neural lobe as shown by retrograde neuronal labeling: classical and new connections.,X,X,X,agreement,no_paraphysis_link,"Toad neural lobe HRP connections; mentions bed nucleus of hippocampal commissure homologous to subfornical organ, no paraphysis.",anatomy;phylogeny,abstract
R201,1980,"Wegelin R, Sterba G",Extrahypothalamic peptidergic neurosecretion. II. Neurosecretion in the subfornical organ of Rana esculenta L.,X,X,X,agreement,no_paraphysis_link,"Neurosecretion in the frog subfornical organ; separate circumventricular organ, no paraphysis link in abstract.",histology;physiology,abstract
R202,1980,"Zaki W, Van der Loos H",[A new concept about the morphogenesis of the prosencephalon in mammals (author's transl)].,B,X,X,adjudicated,no_paraphysis_link,"Full abstract (checked on PubMed) covers mouse E8-E13 prosencephalon: necrosis at lamina terminalis/'choroid plate', telodiencephalic sulcus fusion; never names the paraphysis or the velum transversum/telencephalon medium roof, so it does not locate the paraphysis or bear on its homology.",ontogeny,abstract
R203,1981,"Calvo J, Boya J",Embryonic development of the rat pineal gland.,X,X,X,agreement,no_paraphysis_link,Rat pineal embryogenesis (diencephalic roof evagination); generic pineal ontogeny that never relates to the paraphysis region.,ontogeny;histology,abstract
R204,1981,"Calvo J, Boya J",Ultrastructural study of the embryonic development in the rat pineal gland.,X,X,X,agreement,no_paraphysis_link,"Ultrastructure of embryonic rat pineal; generic pineal paper, no paraphysis link.",ontogeny;histology,abstract
R205,1981,"Carrato-Ibañez A, Azcoitia-Elias I","[Periodically striated structures in the subcommissural organ of Clemmys caspica leprosa (Chelonia, Testudinidae) (author's transl)].",X,X,X,agreement,no_paraphysis_link,Periodically striated structures in turtle subcommissural organ; SCO paper with no paraphysis reference.,histology,abstract
R206,1981,el-Gammal S,The development of the diencephalic choroid plexus in the chick. A scanning electron-microscopic study,X,X,X,agreement,no_paraphysis_link,"SEM of chick diencephalic (third-ventricle) choroid plexus development; full abstract checked, no paraphysis or telencephalic roof structure discussed.",histology;ontogeny,abstract
R207,1981,"Engbretson GA, Reiner A, Brecha N",Habenular asymmetry and the central connections of the parietal eye of the lizard.,X,X,X,agreement,no_paraphysis_link,"Lizard parietal eye connections and habenular asymmetry; dorsal-sac tissue only as site of centrifugal somata, no comparison with paraphysis.",anatomy;physiology,fulltext
R208,1981,"Leestma JE, Konakci Y",Sudden unexpected death caused by neuroepithelial (colloid) cyst of the third ventricle.,X,X,X,agreement,general_clinical,"Four forensic sudden-death cases of colloid cyst; full abstract shows only a general review of histogenesis, no paraphysis named and no original histogenesis data.",pathology,abstract
R209,1981,"New PF, Davis KR",Intraventricular noncolloid neuroepithelial cysts.,X,X,X,agreement,general_clinical,"Noncolloid neuroepithelial cysts of lateral/fourth ventricles; clinical-radiologic series, histogenesis theories reviewed only generally, not colloid cyst or paraphysis.",pathology,abstract
R211,1981,"Sastry VK, Sathyanesan AG",A comparative study of the pineal complex of nineteen species of Indian freshwater fishes.,X,X,X,agreement,no_paraphysis_link,"Survey of teleost pineal complex and dorsal sac (introverted or extroverted); no comparison with paraphysis, not necessary context.",anatomy;phylogeny,abstract
R212,1981,Vollrath L,The Pineal Organ,X,U,X,adjudicated,insufficient_info,Web snippet is only a preface sentence of Vollrath's 'The Pineal Organ' handbook chapter (mammalian/human emphasis); title does not name the paraphysis and no paraphysis passage is visible; generic pineal paper without demonstrated link.,anatomy;histology,web_snippet
R213,1981,"Zilles K, Welsch U, Schleicher A","The telencephalon of Ichthyophis paucisulcus (Amphibia, Gymnophiona (= Caecilia)). A quantitative cytoarchitectonic study.",X,X,X,agreement,no_paraphysis_link,Quantitative cytoarchitecture of caecilian telencephalon; abstract does not touch the roof or paraphysis.,anatomy;phylogeny,abstract
R214,1982,"Bundgaard M, van Deurs B",Brain barrier systems in the lamprey. II. Ultrastructure and permeability of the choroid plexus,X,X,X,agreement,no_paraphysis_link,Lamprey choroid plexus ultrastructure and permeability; generic choroid plexus.,histology;physiology;phylogeny,abstract
R215,1982,"Cole WC, Youson JH","Morphology of the pineal complex of the anadromous sea lamprey, Petromyzon marinus L",X,X,X,agreement,no_paraphysis_link,Lamprey pineal and parapineal organs; no paraphysis or dorsal sac described in abstract.,anatomy;histology;phylogeny,abstract
R216,1982,"Engbretson GA, Brecha N, Reiner A",Substance P-like immunoreactivity in the parietal eye visual system of the lizard Uta stansburiana.,X,X,X,agreement,no_paraphysis_link,"Substance P in lizard parietal eye system; dorsal sac mentioned only as site of fibres, no paraphysis.",histology;molecular,abstract
R217,1982,"Fernández-Llebrez P, Becerra J, Marín-Girón F",Ultrastructure of the paraphysis cerebri of the water snake Natrix maura L.,A,A,A,agreement,paraphysis_principal,"Light and EM ultrastructure of the paraphysis cerebri of the snake Natrix maura (polarity, microvilli, fenestrated sinusoids, CSF-blood exchange role).",anatomy;histology;physiology;phylogeny,fulltext
R218,1982,Heinzmann U,X-ray induced dysplasia in the developing telencephalic choroid plexus of mice exposed in utero.,X,X,X,agreement,no_paraphysis_link,"X-ray induced dysplasia of mouse telencephalic choroid plexus; teratology of choroid plexus, no paraphysis link.",histology;pathology,abstract
R219,1982,"Jacobsen M, Clausen PP, Jacobsen GK, Saunders NR, Møllgård K","Intracellular plasma proteins in human fetal choroid plexus during development. I. Developmental stages in relation to the number of epithelial cells which contain albumin in telencephalic, diencephalic and myelencephalic choroid plexus.",X,X,X,agreement,no_paraphysis_link,Developmental stages and albumin content of human fetal choroid plexus epithelium; generic choroid plexus that never addresses the paraphysis region.,histology;ontogeny,abstract
R220,1982,Kemali M,Third ventricle suprachoroidal cells.,X,X,X,agreement,no_paraphysis_link,Suprachoroidal (Kolmer-like) cells on frog third-ventricle choroid plexus; abstract does not mention the paraphysis.,anatomy;histology,abstract
R221,1982,"Leech RW, Freeman T, Johnson R",Colloid cyst of the third ventricle. A scanning and transmission electron microscopic study.,B,B,B,agreement,context_clinical_histogenesis,"SEM/TEM of three colloid cysts (ciliated and non-ciliated cells, apocrine activity, surface like normal ventricle) bearing on cyst derivation; original ultrastructural data to weigh the paraphyseal hypothesis; abstract does not name the paraphysis.",histology;pathology,abstract
R222,1982,"Silver J, Lorenz SE, Wahlsten D, Coughlin J","Axonal guidance during development of the great cerebral commissures: descriptive and experimental studies, in vivo, on the role of preformed glial pathways.",X,X,X,agreement,no_paraphysis_link,"Glial pathways for callosal axon guidance in mouse and opossum; commissure development, no paraphysis link.",anatomy;ontogeny;phylogeny,abstract
R223,1982,"Van den Dungen HM, Buijs RM, Pool CW, Terlou M",The distribution of vasotocin and isotocin in the brain of the rainbow trout.,X,X,X,agreement,no_paraphysis_link,"Vasotocin/isotocin distribution in trout brain; saccus dorsalis only an innervation target, no paraphysis comparison.",anatomy;histology,abstract
R224,1982,Witzig EP,[Statistical study of the colloid cyst of the 3rd ventricle (so-called cyst of the paraphysis). Clinico-anatomical series of 75 cases].,A,A,A,agreement,clinical_origin,Series of 75 colloid cysts of the 3rd ventricle explicitly framed as 'so-called cyst of the paraphysis'; concludes embryological hypotheses do not clarify the origin.,pathology;terminology_history,abstract
R225,1983,el-Gammal S,Regional surface changes during the development of the telencephalic choroid plexus in the chick. A scanning-electron microscopic study,X,X,X,agreement,no_paraphysis_link,"SEM of chick telencephalic choroid plexus; full abstract checked, the 'blunt evagination' rostral to the foramen of Monro is the plexus anlage and no paraphysis is mentioned.",histology;ontogeny,abstract
R226,1983,"Nelson SR, Foltz FM",Hypocalcemia and motor neuron degeneration in paraphysectomized frogs.,A,A,A,agreement,paraphysis_data,"Experimental paraphysectomy in bullfrogs causing hypocalcemia, tetany and motor neuron degeneration; direct functional data on the paraphysis.",physiology;pathology,abstract
R227,1983,"Smeets WJAJ, Nieuwenhuys R, Roberts BL",The central nervous system of cartilaginous fishes: structural and functional correlations,U,U,X,adjudicated,insufficient_info,Metadata-only monograph on the chondrichthyan CNS; no passage on paraphysis/dorsal sac retrieved and title is generic; cannot support inclusion without the telencephalic roof/index text.,anatomy;phylogeny,metadata_only
R228,1983,"Williams JP, Joslyn JN",Lissencephaly: computed tomographic diagnosis.,X,X,X,agreement,no_paraphysis_link,"CT of lissencephaly; 'calcification in the region of paraphysis' is a passing radiological descriptor, not a study of the structure.",pathology,abstract
R229,1984,"Cserr HF, Bundgaard M",Blood-brain interfaces in vertebrates: a comparative approach.,X,X,X,agreement,no_paraphysis_link,"Comparative review of vertebrate blood-brain interfaces (BBB, choroid plexus, meninges); generic, no paraphysis.",phylogeny;physiology,abstract
R230,1984,"Müller F, O'Rahilly R",Cerebral dysraphia (future anencephaly) in a human twin embryo at stage 13,X,X,X,agreement,no_paraphysis_link,Anencephaly-precursor twin embryo at stage 13; neuropore closure site (commissural plate vs lamina terminalis) is a teratology point not needed to locate or interpret the paraphysis.,ontogeny;pathology,abstract
R231,1984,"Pfeiffer G, Friede RL",Unilateral hydrocephalus from early developmental occlusion of one foramen of Monro.,X,X,X,agreement,general_clinical,Necropsy case of unilateral hydrocephalus from foramen of Monro occlusion; no paraphysis or histogenesis data.,pathology,abstract
R232,1984,"Shimizu T, Waga S",Intraventricular noncolloid epithelial cyst in an infant.,X,X,X,agreement,general_clinical,Clinical report of a giant noncolloid epithelial cyst in an infant; no origin data and not colloid cyst.,pathology,abstract
R233,1984,"Ueno S, Umar H, Bambauer HJ, Ueck M","Ultracytochemical localization of Ca++-ATPase activity in the paraphyseal epithelial cells of the frog, Rana esculenta.",A,A,A,agreement,paraphysis_data,Ultracytochemical localization of Ca-ATPase on apical microvilli of frog paraphyseal cells; histochemistry and proposed Ca regulation of CSF.,histology;physiology,abstract
R234,1984,"Yagishita S, Itoh Y, Shiozawa T, Tanaka T",Ultrastructural observation on a colloid cyst of the third ventricle. A contribution to its pathogenesis.,B,B,B,agreement,context_clinical_histogenesis,"Single-case EM of colloid cyst wall (squamous plus mucin-secreting columnar epithelium) argues non-neuroepithelial origin, weighing against a paraphyseal/neuroepithelial origin (clinical).",histology;pathology,abstract
R235,1985,"Ling EA, Gopalakrishnakone P, Voon FC","Epiplexus cells in the embryos of the turtle, Trionyx sinensis.",X,X,X,agreement,no_paraphysis_link,"Epiplexus cells on turtle embryonic choroid epithelium; generic choroid plexus cytology, no paraphysis link.",histology,abstract
R236,1985,"Matsushima T, Fukui M, Kitamura K, Soejima T, Ohta M, Okano H",Mixed colloid cyst-xanthogranuloma of the third ventricle. A light and electron microscopic study.,X,X,X,agreement,general_clinical,Case of mixed colloid cyst-xanthogranuloma; EM describes epithelial cell types but abstract gives no histogenetic conclusion or paraphysis reference.,histology;pathology,abstract
R237,1985,"Nelson SR, Foltz FM, Camarata P, Sarras MP",Occurrence of bone fractures and parathyroid hyperplasia in paraphysectomized frogs (Rana catesbeiana).,A,A,A,agreement,paraphysis_data,Paraphysectomy of bullfrog tadpoles: parathyroid hyperplasia and fractures 22 months later; experimental data on paraphysis function (calcium metabolism).,physiology;pathology,abstract
R239,1986,"Ando K, Tagawa T, Ishikawa K, Takamura H, Yasuzumi F",A comparative study of the innervation of the choroid plexus in amphibia,X,X,X,agreement,no_paraphysis_link,Aminergic/cholinergic innervation of amphibian choroid plexus in three species; no paraphysis or dorsal-midline roof comparison in abstract.,histology;phylogeny,abstract
R240,1986,"Ibrahim AW, Farag H, Naguib M, Ibrahim E",Neuroepithelial (colloid) cyst of the third ventricle in identical twins. Case report.,X,X,X,agreement,general_clinical,Case report of colloid cysts in twins; no histogenesis or paraphysis content.,pathology,abstract
R242,1986,"Müller F, O'Rahilly R",The development of the human brain and the closure of the rostral neuropore at stage 11.,B,B,B,agreement,context_embryology,"Human stage 11: defines telencephalon medium as the embryonic lamina terminalis (rostral neuropore closure); terminology baseline for locating the human paraphysis (ontogeny); weak link, no paraphysis mention.",ontogeny;terminology_history,abstract
R243,1986,"Mahapatra MS, Mahata SK, Maiti BR","Circadian rhythms in serotonin, norepinephrine, and epinephrine contents of the pineal-paraphyseal complex of the soft-shelled turtle (Lissemys punctata punctata).",B,B,B,agreement,context_function,"Circadian amine rhythms in the turtle 'pineal-paraphyseal complex' measured as combined tissue; paraphysis not analysed separately, so only contextual physiology.",physiology,abstract
R244,1986,"Massi M, De Caro G, Mazzarella L, Epstein AN",The role of the subfornical organ in the drinking behavior of the pigeon.,X,X,X,agreement,no_paraphysis_link,"Pigeon subfornical organ lesion and drinking; functional circumventricular organ study, no paraphysis link.",physiology;phylogeny,abstract
R245,1986,"Sarras MP, Trune DR, Merisko EM, Foltz FM, Nelson SR",Paraphysectomy-induced stimulation of parathyroid glands in mature frogs (Rana catesbeiana): evidence for telencephalic regulation of parathyroid gland function.,A,A,A,agreement,paraphysis_data,Paraphysectomy (paraphyseal-choroid plexus complex removal) in adult bullfrogs stimulates parathyroids; experimental physiology/histology of the paraphysis.,physiology;histology,abstract
R246,1986,Tsuneki K,A survey of occurrence of about seventeen circumventricular organs in brains of various vertebrates with special reference to lower groups.,A,A,A,agreement,paraphysis_data,Comparative survey of circumventricular organs: states paraphysis present in dogfish and osteoglossomorph teleosts and that the lungfish 'paraphysis' is a dorsal sac (phylogeny/terminology).,phylogeny;anatomy;terminology_history,abstract
R247,1987,"Fernández-Llebrez P, Pérez J, Nadales AE, Pérez-Fígares JM, Rodríguez EM","Vascular and leptomeningeal projections of the subcommissural organ in reptiles. Lectin-histochemical, immunocytochemical, and ultrastructural studies.",X,X,X,agreement,no_paraphysis_link,Subcommissural organ vascular/leptomeningeal projections in snake and turtle; SCO paper with no comparison to paraphysis.,histology;phylogeny,abstract
R248,1987,"Hochmeister M, Denk W, Lipowec W, Schratter I",[Fatal intracranial increase in pressure caused by a colloid cyst of the 3d ventricle not diagnosed intra vitam].,X,X,X,agreement,general_clinical,"Fatal colloid cyst case; 'paraphyseal cyst' appears only as a synonym, no analysis or argument on paraphyseal origin.",pathology,abstract
R249,1987,"Müller F, O'Rahilly R","The development of the human brain, the closure of the caudal neuropore, and the beginning of secondary neurulation at stage 12.",X,X,X,agreement,no_paraphysis_link,"Human stage 12 brain; only notes telencephalon medium enlarged, nothing locating the paraphysis.",ontogeny,abstract
R250,1987,"Mack A, Neuhaus J, Wolburg H",Relationship between orthogonal arrays of particles and tight junctions as demonstrated in cells of the ventricular wall of the rat brain.,X,X,X,agreement,no_paraphysis_link,Freeze-fracture of rat ependyma and circumventricular organs; no paraphysis link.,histology,abstract
R251,1987,"Mahapatra MS, Mahata SK, Maiti BR","Effects of reserpine and chlorpromazine on the serotonin, norepinephrine, and epinephrine levels in the pineal-paraphyseal complex of soft-shelled turtles (Lissemys punctata punctata).",B,B,B,agreement,context_function,"Reserpine/chlorpromazine effects on amines in turtle 'pineal-paraphyseal complex' (combined tissue, paraphysis not separated); contextual physiology only.",physiology,abstract
R252,1987,"Reiner A, Northcutt RG","An immunohistochemical study of the telencephalon of the African lungfish, Protopterus annectens.",X,X,X,agreement,no_paraphysis_link,"Immunohistochemical subdivisions of lungfish telencephalon (pallium/subpallium homologies); abstract has no roof, dorsal sac or paraphysis content.",anatomy;phylogeny,abstract
R253,1987,"Shibata T, Burger PC, Kleihues P",[Origin of colloid cyst: immunoperoxidase study],B,B,B,agreement,context_clinical_histogenesis,"Immunoperoxidase of 8 colloid cysts supports endodermal origin, bearing on whether a paraphyseal (neuroepithelial) origin is tenable (clinical).",histology;pathology,abstract
R255,1988,"Hirano A, Hirano M",Benign cystic lesions in the central nervous system. Light and electron microscopic observations of cyst walls.,B,X,X,adjudicated,general_clinical,"Abstract is a general classification of benign CNS cysts (arachnoid, dermoid, Rathke, etc.); colloid cyst gets a single sentence ('usually neuroectodermal ... certain features suggest endodermal origin') with no colloid-cyst-specific histogenesis data or paraphysis mention; not necessary to weigh the paraphyseal hypothesis.",clinical,abstract
R256,1988,"Inoue T, Matsushima T, Fukui M, Iwaki T, Takeshita I, Kuromatsu C",Immunohistochemical study of intracranial cysts.,X,X,X,agreement,general_clinical,"Immunohistochemical panel of 14 intracranial cysts for diagnosis; only one colloid cyst, no histogenesis argument or paraphysis link.",histology;molecular,abstract
R257,1988,"Kimura H, Fukushima T, Ohta T, Tomonaga M, Ishii K, Gotou K, Okudera T",[A case of colloid cyst of the third ventricle].,B,X,X,adjudicated,general_clinical,"Japanese case report of colloid cyst with cavum veli interpositi; full abstract is clinical/MRI, with a one-line EM-based suggestion of endodermal origin (microvilli with coating) and no paraphysis mention; single-case aside, not needed for the clinical-origin question.",clinical,abstract
R258,1988,"Kuenzel WJ, McMurtry J",Neuropeptide Y: brain localization and central effects on plasma insulin levels in chicks.,X,X,X,agreement,no_paraphysis_link,"NPY mapping in chick brain; 'subseptal (subfornical) organ' terminology only, no paraphysis link.",anatomy,abstract
R259,1988,"Kulshreshtha VV, Khan RA",Effect of masking of parietal eye on cloacal temperature in Varanus monitor.,X,X,X,agreement,no_paraphysis_link,"Parietal eye masking and body temperature in Varanus; parietal eye is not the paraphysis (metadata only, title unambiguous).",physiology,metadata_only
R260,1988,"Müller F, O'Rahilly R",The development of the human brain from a closed neural tube at stage 13.,X,X,X,agreement,no_paraphysis_link,Human stage 13 brain; names adult lamina terminalis and commissural plate but nothing locating the paraphysis or roof.,ontogeny,abstract
R261,1988,"Müller F, O'Rahilly R",The first appearance of the future cerebral hemispheres in the human embryo at stage 14.,B,B,B,agreement,context_embryology,Human stage 14: telencephalon medium and site of the velum transversum (roof thickness change) define the boundary region where the human paraphysis would arise (ontogeny).,ontogeny;anatomy,abstract
R262,1988,"Mahapatra MS, Mahata SK, Maiti BR","Circadian rhythms and influence of light on serotonin, norepinephrine, and epinephrine contents in the pineal-paraphyseal complex of soft-shelled turtles (Lissemys punctata punctata).",B,B,B,agreement,context_function,"Circadian and photoperiod effects on amines in turtle 'pineal-paraphyseal complex' (combined tissue, paraphysis not separated); contextual physiology only.",physiology,abstract
R263,1988,"Ohshima K, Matsuo S","Cytodifferentiation of the chick pineal gland, with special reference to the photosensory and secretory elements.",X,X,X,agreement,no_paraphysis_link,"Chick pineal cytodifferentiation; pineal only, no paraphysis link.",histology;ontogeny,abstract
R265,1988,"Simon-Oppermann C, Simon E, Gray DA",Central and systemic antidiuretic hormone and angiotensin II in salt and fluid balance of birds as compared to mammals.,X,X,X,agreement,no_paraphysis_link,Bird vs mammal ADH/ANGII review including subfornical organ; no paraphysis link.,physiology,abstract
R266,1988,"Weiger T, Lametschwandtner A, Kotrschal K, Krautgartner WD",Vascularization of the telencephalic choroid plexus of a ganoid fish [Acipenser ruthenus (L.)].,X,X,X,agreement,no_paraphysis_link,Sturgeon telencephalic choroid plexus vascular casting incl. dorsal-sac vessels; abstract never relates dorsal sac to paraphysis or homology.,anatomy;histology;phylogeny,abstract
R268,1989,"Hirunagi K, Uryu K, Fujioka T",Supraependymal cells and fibers in the third ventricle of the domestic chicken. A scanning electron microscopic study.,X,X,X,agreement,no_paraphysis_link,SEM of supraependymal cells in chicken third ventricle; no paraphysis link.,histology,abstract
R269,1989,"Jan M, Ba Zeze V, Velut S",Colloid cyst of the fourth ventricle: diagnostic problems and pathogenic considerations.,B,X,X,adjudicated,general_clinical,Fourth-ventricle colloid cyst case; the only origin statement is one speculative sentence (common neuroepithelial origin via similar prosencephalic/rhombencephalic roof development) with no histogenesis data and no paraphysis link; histology was only diagnostic.,clinical,abstract
R270,1989,"Kondziolka D, Bilbao JM",An immunohistochemical study of neuroepithelial (colloid) cysts.,A,B,B,adjudicated,context_clinical_histogenesis,"Immunohistochemistry of 12 colloid cysts (cytokeratin, vimentin, NF, GFAP, EMA, lu-5): epithelium distinct from choroid plexus/ependyma/glia, concluded to be a primitive-neuroectoderm anomaly 'in any ventricular location'; abstract names the embryonic-paraphysis theory among proposed origins but does not itself test it, so B (clinical: weighs paraphyseal vs tela choroidea vs choroid plexus origin), not A.",clinical;histology,abstract
R271,1989,"Müller F, O'Rahilly R","Mediobasal prosencephalic defects, including holoprosencephaly and cyclopia, in relation to the development of the human forebrain.",X,X,X,agreement,no_paraphysis_link,"Holoprosencephaly/cyclopia embryos with absent mediobasal telencephalon; ventral midline, not the roof or paraphysis.",ontogeny;pathology,abstract
R272,1989,"Müller F, O'Rahilly R","The human brain at stage 16, including the initial evagination of the neurohypophysis.",X,X,X,agreement,no_paraphysis_link,"Human stage 16 brain; hemispheres and interventricular foramen, no roof or paraphysis content in abstract.",ontogeny,abstract
R273,1989,"Müller F, O'Rahilly R","The human brain at stage 17, including the appearance of the future olfactory bulb and the first amygdaloid nuclei.",B,B,B,agreement,context_embryology,"Human stage 17: choroid plexus anlage begins in the roof of telencephalon medium (vessels, necrosis, anterior choroid artery); locates the tela choroidea region adjoining the paraphysis (ontogeny).",ontogeny;histology,abstract
R274,1989,"Mahapatra MS, Mahata SK, Maiti BR","Effect of ambient temperature on serotonin, norepinephrine, and epinephrine contents in the pineal-paraphyseal complex of the soft-shelled turtle (Lissemys punctata punctata).",B,B,B,agreement,context_function,"Ambient temperature effects on amines in turtle 'pineal-paraphyseal complex' (combined tissue, paraphysis not separated); contextual physiology only.",physiology,abstract
R275,1989,"Shuangshoti S, Kasantikul V, Taecholarn C, Wangsuphachart S",Symptomatic intraspinal genuine endodermal epithelial cyst.,X,X,X,agreement,no_paraphysis_link,"Intraspinal genuine endodermal epithelial cyst; spinal case, no link to third-ventricle or paraphyseal origin.",histology;pathology,abstract
R276,1989,"Ueck M, Wake K, Kobayashi H",Nervous Organization of the Pineal Complex in Lower Vertebrates,X,X,X,agreement,no_paraphysis_link,"Review of intrapineal neuronal organisation in fish and amphibians (snippet only); pineal complex, no paraphysis content seen.",anatomy;physiology,web_snippet
R277,1990,"Albrecht U, Seulberger H, Schwarz H, Risau W",Correlation of blood-brain barrier function and HT7 protein distribution in chick brain circumventricular organs.,X,X,X,agreement,no_paraphysis_link,HT7 blood-brain-barrier marker in chick circumventricular organs; no paraphysis link.,histology;molecular,abstract
R278,1990,"Bengtson BP, Hedeman LS, Bauserman SC",Symptomatic neuroepithelial (colloid) cysts of the third ventricle. A unique case report in nontwin brothers.,X,X,X,agreement,general_clinical,"Familial colloid cysts in two brothers; cell-of-origin controversy only mentioned, no histogenesis data or paraphysis discussion.",pathology,abstract
R279,1990,"Engbretson GA, Anderson KJ","Neuronal structure of the lacertilian parietal eye, I: A retrograde label and electron-microscopic study of the ganglion cells in the photoreceptor layer.",X,X,X,agreement,no_paraphysis_link,"Lacertilian parietal eye ganglion cells; parietal eye, not paraphysis.",histology,abstract
R280,1990,"Hinton DA, Nelson SR, Gattone VH",Vasculature of the paraphysis cerebri of the frog.,A,A,A,agreement,paraphysis_principal,"Vascular casting and TEM of frog paraphysis: sinusoidal portal bed fed by choroid plexus, fenestrated endothelium, possible calcium-metabolism role.",anatomy;histology;physiology,abstract
R281,1990,"Kemnitz CP, Fox LM, McNulty JA","Ultrastructure and organization of circumventricular organs and endolymphatic tubules in the treefrog, Hyla versicolor.",A,A,A,agreement,paraphysis_principal,"Ultrastructure of treefrog paraphysis, anterior choroid plexus and endolymphatic tubules; proposed functional unit regulating CSF composition.",anatomy;histology;phylogeny;physiology,abstract
R282,1990,Kondziolka D,Ontogenesis of colloid cysts.,U,U,X,adjudicated,insufficient_info,"Letter 'Ontogenesis of colloid cysts' (Kondziolka 1990); PubMed has no abstract (MeSH only: choroid plexus, immunohistochemistry), title does not name the paraphysis, so cannot tell whether it argues for or against a paraphyseal origin; content unverified. Letter text would resolve it.",clinical,metadata_only
R283,1990,"Müller F, O'Rahilly R","The human brain at stages 18-20, including the choroid plexuses and the amygdaloid and septal nuclei.",U,X,X,adjudicated,insufficient_info,"Full abstract (checked on PubMed) of human stages 18-20 mentions only fourth and lateral ventricle choroid plexuses, septum, amygdala and cerebellum; no roof of telencephalon medium, velum transversum or paraphysis is mentioned. Coverage of the paraphysis is only inferred from the 7th-week timing, so not supportable; full text would resolve it.",ontogeny,abstract
R284,1990,"Nieuwenhuys R, Meek J",The Telencephalon of Sarcopterygian Fishes,U,U,X,adjudicated,insufficient_info,"Web snippet is only the title of the Nieuwenhuys & Meek 1990 sarcopterygian telencephalon chapter (authorship/pagination partly unconfirmed); no text on the roof, dorsal sac or paraphysis was seen; generic title, cannot support inclusion. Chapter text on the lungfish roof would resolve it.",anatomy;phylogeny,web_snippet
R285,1990,"O'Rahilly R, Müller F",Ventricular system and choroid plexuses of the human brain during the embryonic period proper.,B,B,B,agreement,context_embryology,Staged human embryos (CS 11-23): states paraphysis is appearing at stage 18 alongside telencephalon medium and choroid plexus sequence; ontogeny/staging anchor only (single clause on paraphysis; full PubMed abstract checked).,ontogeny;anatomy,abstract
R286,1990,"Schröder R, Sanker P, Thun F, Richard KE",Cysts of the third ventricle.,B,X,B,adjudicated,context_clinical_histogenesis,"Original immunohistochemistry (KL1, EMA, S100, GFAP) of 14 third-ventricle colloid cysts: epithelium clearly differs from neuroepithelium, supporting the presumed bronchogenic/endodermal origin; direct histogenesis data against a neuroepithelial/paraphyseal origin, needed for the clinical-origin question (paraphysis not named in abstract).",clinical;histology,abstract
R287,1990,"Uematsu Y, Komai N, Hirano A, Corona-Rojas RR, Llena JF",[Epithelial cyst in the central nervous system--characteristic expression of cytokeratin].,B,X,X,adjudicated,general_clinical,"Japanese-language report of the same Uematsu/Hirano cytokeratin series (21 CNS epithelial cysts, 6 colloid); abstract has no paraphysis or neuroepithelial-origin analysis and the data are redundant with R288 (English) and R318, so not necessary as a separate record.",clinical,abstract
R288,1990,"Uematsu Y, Rojas-Corona RR, Llena JF, Hirano A","Epithelial cysts in the central nervous system, characteristic expression of cytokeratins in an immunohistochemical study.",B,X,B,adjudicated,context_clinical_histogenesis,"Original cytokeratin/GFAP immunohistochemistry of 19 CNS epithelial cysts including 6 third-ventricle colloid cysts: complex-type cytokeratins in colloid cysts vs simple-type only in neuroectodermal cysts, discussed for origin; histogenesis data needed to weigh a neuroepithelial/paraphyseal vs endodermal origin (paraphysis not named). Kept as the primary data report of this series.",clinical;histology,abstract
R289,1990,"von Bartheld CS, Collin SP, Meyer DL","Dorsomedial telencephalon of lungfishes: a pallial or subpallial structure? Criteria based on histology, connectivity, and histochemistry.",X,X,X,agreement,no_paraphysis_link,"Lungfish dorsomedial telencephalon pallial vs subpallial (ependymal thickenings, AChE, paraventricular organ); full abstract checked, no roof/paraphysis/coronarium content.",anatomy;phylogeny,abstract
R290,1991,Bjerring HC,Two Intracranial Ligaments Supporting the Brain of the Brachiopterygian Fish Polypterus senegalus,X,X,X,agreement,no_paraphysis_link,"Polypterus intracranial ligaments; velum transversum only a passage landmark, not defined or related to the paraphysis.",anatomy,abstract
R291,1991,"Harms PJ, Tu GF, Richardson SJ, Aldred AR, Jaworowski A, Schreiber G",Transthyretin (prealbumin) gene expression in choroid plexus is strongly conserved during evolution of vertebrates,X,X,X,agreement,no_paraphysis_link,Choroid plexus transthyretin expression across vertebrates; no paraphysis or dorsal midline roof link.,molecular,abstract
R292,1991,"Jones CM, Lyons KM, Hogan BL",Involvement of Bone Morphogenetic Protein-4 (BMP-4) and Vgr-1 in morphogenesis and neurogenesis in the mouse.,X,X,X,agreement,no_paraphysis_link,"BMP-4/Vgr-1 expression in CNS roof plate to forebrain in mouse; generic roof plate, no telencephalic dorsal midline/paraphysis territory content.",molecular,abstract
R293,1991,"Mackenzie IR, Gilbert JJ",Cysts of the neuraxis of endodermal origin.,B,X,B,adjudicated,context_clinical_histogenesis,"Five third-ventricle colloid cysts vs spinal enterogenous cysts (cytokeratin, EMA, CEA positive; GFAP/vimentin negative) with explicit conclusion of primitive foregut endodermal origin, including a fourth-ventricle case; competing-hypothesis histogenesis evidence needed to weigh the paraphyseal origin (paraphysis not named in abstract).",clinical;histology,abstract
R294,1991,"Mahapatra MS, Mahata SK, Maiti B","Effect of stress on serotonin, norepinephrine, epinephrine and corticosterone contents in the soft-shelled turtle.",B,B,B,agreement,context_function,"Stress effects on amines in the turtle pineal-paraphyseal complex; paraphysis included but not analysed separately, so data cannot be assigned to it; only marginal functional context.",physiology,abstract
R295,1991,"Mancera JM, López Avalos MD, Pérez-Fígares JM, Fernández-Llebrez P","The distribution of corticotropin-releasing factor--immunoreactive neurons and nerve fibers in the brain of the snake, Natrix maura. Coexistence with arginine vasotocin and mesotocin.",X,X,X,agreement,no_paraphysis_link,CRF-immunoreactive neuron mapping in snake brain; subfornical organ listed only as a perikaryal site.,anatomy,abstract
R296,1991,"Sener RN, Jinkins JR",CT of intrasellar colloid cyst.,X,X,X,agreement,general_clinical,"Case report of intrasellar colloid cyst; remark on neuroepithelial origin of sellar cysts, not on third-ventricle/paraphyseal origin.",pathology,abstract
R297,1992,"Achen MG, Harms PJ, Thomas T, Richardson SJ, Wettenhall RE, Schreiber G",Protein synthesis at the blood-brain barrier. The major protein secreted by amphibian choroid plexus is a lipocalin.,X,X,X,agreement,no_paraphysis_link,Amphibian choroid plexus lipocalin secretion; generic choroid plexus protein biochemistry.,molecular,abstract
R298,1992,"Ho KL, Garcia JH",Colloid cysts of the third ventricle: ultrastructural features are compatible with endodermal derivation.,B,B,B,agreement,context_clinical_histogenesis,"Ultrastructure of 4 colloid cysts favours respiratory/endodermal origin; abstract names paraphysis only in listing of competing neuroepithelial origins, so evaluates it only indirectly (full abstract checked).",histology;pathology;terminology_history,abstract
R299,1992,"Kchir N, Haouet S, Chatti S, Boudaouara MA, Chadly A, Boubaker S, Khaldi M, Zitouna MM",[Colloid cyst of the fourth ventricle. Apropos of a case].,X,X,X,agreement,general_clinical,"Single case of fourth-ventricle colloid cyst; neuroepithelial origin argued from roof embryology, no third-ventricle/paraphyseal data.",pathology,abstract
R300,1992,"Kuchelmeister K, Bergmann M",Colloid cysts of the third ventricle: an immunohistochemical study.,B,B,B,agreement,context_clinical_histogenesis,"11 colloid cysts differ immunohistochemically (cytokeratins, transthyretin) from choroid plexus and ependyma; favours non-neuroepithelial origin, weighing the paraphyseal hypothesis; paraphysis not named in abstract.",histology;pathology;molecular,abstract
R301,1992,"Lach B, Scheithauer BW",Colloid cyst of the third ventricle: a comparative ultrastructural study of neuraxis cysts and choroid plexus epithelium.,B,B,B,agreement,context_clinical_histogenesis,"Ultrastructure of 13 colloid cysts matches endodermal cysts/respiratory mucosa, not choroid plexus or ependyma; weighs neuroepithelial/paraphyseal hypothesis.",histology;pathology,abstract
R302,1992,"Mahata M, Mahata SK","Effect of steroid hormones on serotonin, norepinephrine and epinephrine contents in the pineal-paraphyseal complex of the soft-shelled turtle (Lissemys punctata punctata).",B,B,B,agreement,context_function,Steroid effects on amines in turtle pineal-paraphyseal complex; paraphysis not analysed separately from pineal; marginal functional context only.,physiology,abstract
R303,1992,"O'Rahilly R, Müller F",Human Embryology & Teratology,U,U,X,adjudicated,insufficient_info,"Metadata-only entry for the O'Rahilly & Muller embryology textbook; no excerpt or index entry on the paraphysis seen, generic title; the paraphysis staging is better sourced from the specific stage papers. Chapter/index check on the CNS roof would resolve it.",ontogeny;anatomy,metadata_only
R304,1992,"Tsuchida T, Hruban RH, Carson BS, Phillips PC",Colloid cysts of the third ventricle: immunohistochemical evidence for nonneuroepithelial differentiation.,B,B,B,agreement,context_clinical_histogenesis,"Immunohistochemistry (cytokeratins, GST-pi) of colloid cysts vs fetal/adult choroid plexus, ependyma and nasal mucosa: non-neuroepithelial differentiation; weighs paraphyseal hypothesis.",histology;pathology;molecular,abstract
R305,1992,"Volmert RF, Firman JD",Response to angiotensin II after selective lesioning of brain regions believed to be involved in water intake regulation.,X,X,X,agreement,no_paraphysis_link,Avian subfornical organ lesion and angiotensin II drinking in chicks; physiology unrelated to paraphysis.,physiology,abstract
R306,1992,"Wolfsohn AL, Lach B, Benoit BG",Suprasellar xanthomatous Rathke's cleft cyst.,X,X,X,agreement,general_clinical,Case report of suprasellar xanthomatous Rathke cleft cyst; similarity to colloid cyst noted but no third-ventricle histogenesis data.,pathology,abstract
R307,1993,"Achen MG, Duan W, Pettersson TM, Harms PJ, Richardson SJ, Lawrence MC, Wettenhall RE, Aldred AR, Schreiber G",Transthyretin gene expression in choroid plexus first evolved in reptiles.,X,X,X,agreement,no_paraphysis_link,Lizard choroid plexus transthyretin cDNA; generic choroid plexus molecular evolution.,molecular,abstract
R308,1993,"Baumel J (ed.), committee of the World Association of Veterinary Anatomists",Nomina Anatomica Avium: an annotated anatomical dictionary of birds,U,U,X,adjudicated,insufficient_info,"Metadata-only entry for Nomina Anatomica Avium; no paraphysis term or entry was confirmed by the finder, title is a generic nomenclature work; cannot support inclusion without the nervous-system index.",anatomy,metadata_only
R309,1993,"Coca S, Martínez A, Vaquero J, Moreno M, Martos JA, Rodríguez J, Mata P",Immunohistochemical study of intracranial cysts.,B,X,B,adjudicated,context_clinical_histogenesis,"Immunohistochemistry of 11 intracranial cysts: choroidal and ependymal cysts keep neuroepithelial markers (prealbumin, GFAP, S-100) whereas colloid cysts show only epithelial markers (cytokeratins, EMA) like endodermal cysts; explicit neuroepithelial comparators make it needed to weigh the paraphyseal/neuroepithelial hypothesis (paraphysis not named; 3 colloid cysts only).",clinical;histology,abstract
R310,1993,"Gaertner HJ, Prager B, Hinkel GK",Colloid cyst of the third ventricle with XYY-syndrome.,B,X,B,adjudicated,context_clinical_histogenesis,"Intrauterine-diagnosed third-ventricle colloid cyst: histology (ciliated cuboidal/columnar epithelium) and immunohistology interpreted as histogenesis from primitive neuroepithelial structures; single case but gives a fetal/congenital, neuroepithelial data point for the clinical-origin question (paraphysis not named; low weight).",clinical;histology;ontogeny,abstract
R311,1993,"Hansen PE, Ballesteros MC, Soila K, Garcia L, Howard JM",MR imaging of the developing human brain. Part 1. Prenatal development.,X,X,X,agreement,no_paraphysis_link,Prenatal MRI of human brain (pineal recess at 11 weeks); no telencephalic roof/paraphysis information.,anatomy,abstract
R312,1993,"Inagaki H, Hori T, Ohama E",Immunohistochemical studies on choroidal epithelial cyst and neuroepithelial cyst: in comparison with normal choroid plexus and ependyma.,X,X,X,agreement,general_clinical,Choroidal epithelial and neuroepithelial cysts vs choroid plexus/ependyma; not colloid cysts and no paraphysis link in abstract.,histology;pathology,abstract
R313,1993,"Lach B, Scheithauer BW, Gregor A, Wick MR",Colloid cyst of the third ventricle. A comparative immunohistochemical study of neuraxis cysts and choroid plexus epithelium.,B,B,B,agreement,context_clinical_histogenesis,"Immunohistochemistry of 21 colloid cysts vs Rathke, enterogenous cysts and choroid plexus; immunophenotype argues endodermal not neuroepithelial nature; weighs paraphyseal hypothesis.",histology;pathology;molecular,abstract
R314,1993,"Roth G, Nishikawa KC, Naujoks-Manteuffel C, Schmidt A, Wake DB",Paedomorphosis and simplification in the nervous system of salamanders.,X,X,X,agreement,no_paraphysis_link,Cladistic analysis of salamander brain paedomorphosis; no roof/paraphysis information.,phylogeny,abstract
R315,1993,"Schreiber G, Pettersson TM, Southwell BR, Aldred AR, Harms PJ, Richardson SJ, Wettenhall RE, Duan W, Nicol SC",Transthyretin expression evolved more recently in liver than in brain.,X,X,X,agreement,no_paraphysis_link,Transthyretin synthesis in choroid plexus across vertebrates; generic choroid plexus.,molecular,abstract
R316,1993,"Smith MS, Upfold JB, Shiota K",Neural tube defects in the parietal region of human embryos: failure to close or closure-reopening?,X,X,X,agreement,no_paraphysis_link,Neural tube defects in parietal region (roof of third ventricle) of Kyoto human embryos; abstract has no paraphysis or telencephalon impar content (full abstract checked).,ontogeny,abstract
R317,1993,"Teo EH, Carati C, Firth BT, Barbour RA, Gannon B",Vascularization of the pineal complex in the lizard Tiliqua rugosa.,X,X,X,agreement,no_paraphysis_link,Vascular casts of lizard pineal complex; dorsal sac shares vessels with pineal but paraphysis not examined and dorsal sac not compared or defined relative to it (full abstract checked).,anatomy,abstract
R318,1993,"Uematsu Y, Komai N, Hirano A, Shimizu M, Tanaka Y, Naka D, Yukawa S, Itakura T, Hayashi S",Cytokeratin immunohistochemical study of epithelial cysts in the central nervous system: with special reference to origins of colloid cyst of the third ventricle and Rathke's cleft cyst in the sella.,B,X,B,adjudicated,context_clinical_histogenesis,Cytokeratin immunohistochemistry 'with special reference to origins of colloid cyst of the third ventricle': colloid cysts resemble upper respiratory tract (endodermal) and differ from neuroectodermal cysts (simple-type keratins only); direct histogenesis argument against a neuroepithelial/paraphyseal origin (paraphysis not named).,clinical;histology,abstract
R319,1994,"Ali QM, al-Shafei KT",Echogenicity of the foetal telencephalic choroid plexus as a developmental landmark: a preliminary report.,X,X,X,agreement,no_paraphysis_link,"Ultrasound echogenicity of fetal telencephalic choroid plexus; generic plexus, no paraphysis link.",ontogeny,abstract
R320,1994,"Farnesi RM, Tei S, Vagnetti D, Santarella B, Pollacci P",Ultrastructure of the paraphysis in Bufo bufo larvae.,A,A,A,agreement,paraphysis_principal,"Ultrastructure of the paraphysis in Bufo bufo larvae: tubular-ramified gland, glycoprotein secretion into CSF, proposed role in ionic/osmotic homeostasis.",anatomy;histology;ontogeny;physiology,abstract
R321,1994,"Grondona JM, Pérez J, Cifuentes M, López-Avalos MD, Nualart FJ, Peruzzo B, Fernández-LLebrez P, Rodríguez EM",Analysis of the secretory glycoproteins of the subcommissural organ of the dogfish (Scyliorhinus canicula).,X,X,X,agreement,no_paraphysis_link,Lectin/immunocytochemistry of dogfish subcommissural organ glycoproteins; no comparison with the paraphysis.,histology;molecular,abstract
R322,1994,Hirano A,[Benign intracranial cysts and certain congenital neoplasms].,X,X,X,agreement,general_clinical,"Japanese review of benign intracranial cysts, abstract generic with no colloid cyst histogenesis or paraphysis content.",pathology,abstract
R323,1994,"Krause WJ, Saunders NR",Brain growth and neocortical development in the opossum.,X,X,X,agreement,no_paraphysis_link,Opossum brain growth and neocortical development; no midline roof data.,ontogeny,abstract
R324,1994,"Lakos SF, Thormodsson FR, Grafstein B","Immunolocalization of exoglycoproteins (""ependymins"") in the goldfish brain.",X,X,X,agreement,no_paraphysis_link,"Ependymin immunostaining in goldfish incl. saccus dorsalis and choroid plexus; adjacent structure staining only, no paraphysis comparison (full abstract checked).",histology,abstract
R325,1994,"Müller AR, Gerstberger R",Ontogenesis of the angiotensin II (ANGII) receptor system in the duck brain.,X,X,X,agreement,no_paraphysis_link,"Ontogeny of angiotensin II receptors in duck brain (SFO, choroid plexus); unrelated.",physiology,abstract
R326,1994,"Masuda H, Oishi T, Ohtani M, Michinomae M, Fukada Y, Shichida Y, Yoshizawa T","Visual pigments in the pineal complex of the Japanese quail, Japanese grass lizard and bullfrog: immunocytochemistry and HPLC analysis.",X,X,X,agreement,no_paraphysis_link,"Opsin immunocytochemistry in quail, lizard and bullfrog pineal complex; no paraphysis.",molecular,abstract
R327,1994,"Morimura T, Maeda Y, Tani E, Nishigami T",Immunohistochemical differential diagnosis of benign cysts in the central nervous system.,A,A,A,agreement,clinical_origin,"Immunohistochemistry of CNS cysts documents a neuroepithelial cyst 'of paraphyseal origin' (keratin+, S-100+) against enterogenous, Rathke and arachnoid cysts; single-case paraphyseal cyst data.",histology;pathology;molecular,abstract
R328,1994,"Richardson SJ, Bradley AJ, Duan W, Wettenhall RE, Harms PJ, Babon JJ, Southwell BR, Nicol S, Donnellan SC, Schreiber G",Evolution of marsupial and other vertebrate thyroxine-binding plasma proteins.,X,X,X,agreement,no_paraphysis_link,"Evolution of vertebrate thyroxine-binding proteins, transthyretin in choroid plexus; generic.",molecular,abstract
R329,1995,"Ali QM, al-Shafei KT, Ali TO",Echogenicity of the fetal telencephalic choroid plexus as a second trimester developmental landmark: a preliminary report.,X,X,X,agreement,no_paraphysis_link,Ultrasound echogenicity of fetal telencephalic choroid plexus; generic plexus.,ontogeny,abstract
R330,1995,"Duan W, Richardson SJ, Babon JJ, Heyes RJ, Southwell BR, Harms PJ, Wettenhall RE, Dziegielewska KM, Selwood L, Bradley AJ",Evolution of transthyretin in marsupials.,X,X,X,agreement,no_paraphysis_link,Transthyretin gene expression in marsupial choroid plexus; generic.,molecular,abstract
R331,1995,"Graziani N, Dufour H, Figarella-Branger D, Donnet A, Bouillot P, Grisoli F","Do the suprasellar neurenteric cyst, the Rathke cleft cyst and the colloid cyst constitute a same entity?",B,B,B,agreement,context_clinical_histogenesis,"Immunohistological comparison of neurenteric, Rathke and colloid cysts with a common endodermal-remnant origin hypothesis; needed to weigh endodermal vs paraphyseal origin of colloid cyst (clinical).",histology;pathology,abstract
R332,1995,"Kleiter N, Lametschwandtner A","Microvascularization of the pineal gland in the freshwater turtle, Pseudemys scripta elegans (Reptilia): a scanning electron microscopic study of vascular corrosion casts.",B,B,B,agreement,context_anatomy,"Turtle vascular corrosion casts of pineal and its vascular relations with dorsal sac, paraphysis and third-ventricle choroid plexus; paraphysis named as studied structure but abstract gives no paraphysis-specific result (full text could upgrade to A); helps anatomy/physiology.",anatomy;physiology,abstract
R333,1995,"Monnerie H, Boespflug-Tanguy O, Dastugue B, Meiniel A",Reissner's fibre supports the survival of chick cortical neurons in primary mixed cultures.,X,X,X,agreement,no_paraphysis_link,Reissner's fibre (SCO product) and chick cortical neuron survival in culture; no paraphysis link.,physiology,abstract
R334,1995,Schmid HA,Regional differences in the blood-brain-barrier of the subfornical organs of rats and ducks (Anas platyrhynchos).,X,X,X,agreement,no_paraphysis_link,Blood-brain barrier mapping in subfornical organ of rat and duck; circumventricular organ not related to paraphysis.,anatomy,abstract
R335,1995,"Vandertop WP, Gosselaar PH, van Nesselrooij B",Three sisters with colloid cyst of third ventricle.,X,X,X,agreement,general_clinical,Letter on familial colloid cysts (three sisters); title and metadata show no paraphyseal or histogenesis content.,pathology,metadata_only
R336,1996,"Akins PT, Roberts R, Coxe WS, Kaufman BA",Familial colloid cyst of the third ventricle: case report and review of associated conditions.,X,X,X,agreement,general_clinical,"Familial colloid cyst case report; only generic statement of developmental origin, no paraphyseal or histogenesis analysis.",pathology,abstract
R337,1996,"Bendon RW, Dungy-Poythress L, Miodovnik M, Siddiqi TA",Perinatal pathology of interhemispheric cyst with thinned posterior corpus callosum: four cases.,X,X,X,agreement,no_paraphysis_link,Perinatal interhemispheric cysts with tela-choroidea-like lining; no link to paraphysis in abstract.,pathology,abstract
R338,1996,"Cifuentes M, Pérez J, Grondona JM, Fernández-Llebrez P",Seasonal variation in the secretory activity of the subcommissural organ (SCO) of reptiles.,X,X,X,agreement,no_paraphysis_link,Seasonal secretory activity of reptilian subcommissural organ; no comparison with paraphysis.,histology;physiology,abstract
R339,1996,"Heisenberg CP, Brand M, Jiang YJ, Warga RM, Beuchle D, van Eeden FJ, Furutani-Seiki M, Granato M, Haffter P, Hammerschmidt M, Kane DA, Kelsh RN, Mullins MC, Odenthal J, Nusslein-Volhard C","Genes involved in forebrain development in the zebrafish, Danio rerio.",X,X,X,agreement,no_paraphysis_link,Zebrafish forebrain mutant screen (kas roof plate differentiation); generic roof-plate genetics with no paraphysis connection.,molecular,abstract
R340,1996,"Schmidt A, Roth G",Differentiation processes in the amphibian brain with special emphasis on heterochronies.,X,X,X,agreement,no_paraphysis_link,General review of amphibian brain differentiation and heterochrony; abstract gives no paraphysis or roof content.,ontogeny,abstract
R341,1997,"Büttner A, Winkler PA, Weis S",Endodermal cyst of the third ventricle: case report.,X,X,X,agreement,general_clinical,Case report of third-ventricle endodermal cyst; full abstract has no histogenesis argument about colloid cyst or paraphysis.,pathology,abstract
R343,1997,"Kier EL, Truwit CL","The lamina rostralis: modification of concepts concerning the anatomy, embryology, and MR appearance of the rostrum of the corpus callosum.",X,X,X,agreement,no_paraphysis_link,Lamina rostralis and callosal rostrum anatomy/embryology; abstract does not locate or mention the paraphysis.,anatomy;ontogeny,abstract
R344,1997,"Macaulay RJ, Felix I, Jay V, Becker LE",Histological and ultrastructural analysis of six colloid cysts in children.,B,B,B,agreement,context_clinical_histogenesis,Histology/ultrastructure of six paediatric colloid cysts with glial-ependymal envelope read as supporting a supraventricular (neuroepithelial) origin; informs the histogenesis debate relevant to paraphyseal hypothesis (clinical).,histology;pathology,abstract
R345,1997,"Richardson SJ, Hunt JL, Aldred AR, Licht P, Schreiber G","Abundant synthesis of transthyretin in the brain, but not in the liver, of turtles.",X,X,X,agreement,no_paraphysis_link,Transthyretin synthesis in turtle choroid plexus; generic choroid plexus biochemistry.,molecular,abstract
R346,1997,"Schmidt A, Wake MH",Cellular migration and morphological complexity in the caecilian brain.,X,X,X,agreement,no_paraphysis_link,Caecilian tectum and medial pallium morphology; no paraphysis or roof-midline content.,anatomy,abstract
R347,1998,"Aronica PA, Ahdab-Barmada M, Rozin L, Wecht CH",Sudden death in an adolescent boy due to a colloid cyst of the third ventricle.,X,X,X,agreement,general_clinical,Forensic sudden-death case with colloid cyst; no histogenesis or paraphysis content.,pathology,abstract
R348,1998,Catala M,"Embryonic and fetal development of structures associated with the cerebro-spinal fluid in man and other species. Part I: The ventricular system, meninges and choroid plexuses.",X,X,X,agreement,no_paraphysis_link,"General review of ventricle, meninges and choroid plexus development (full abstract checked); no telencephalic roof or paraphysis content.",ontogeny,abstract
R349,1998,"Fernandez AS, Pieau C, Repérant J, Boncinelli E, Wassef M","Expression of the Emx-1 and Dlx-1 homeobox genes define three molecularly distinct domains in the telencephalon of mouse, chick, turtle and frog embryos: implications for the evolution of telencephalic subdivisions in amniotes.",X,X,X,agreement,no_paraphysis_link,"Emx-1/Dlx-1 pallium/DVR/striatum domains in amniotes; generic telencephalic subdivision patterning, not the dorsal midline roof.",molecular,abstract
R350,1998,"Grove EA, Tole S, Limon J, Yip L, Ragsdale CW",The hem of the embryonic cerebral cortex is defined by the expression of multiple Wnt genes and is compromised in Gli3-deficient mice,B,X,X,adjudicated,no_paraphysis_link,"Cortical hem Wnt/Bmp/Msx expression and Gli3 mutant loss of telencephalic choroid plexus (full abstract read); hem lies at the medial hemispheric edge, and the abstract never relates to the paraphysis, velum transversum or telencephalon medium roof; generic hem/choroid plexus patterning paper per the exclusion rule.",molecular;ontogeny,abstract
R351,1998,Nieuwenhuys R,Lungfishes,U,U,X,adjudicated,insufficient_info,"Metadata-only entry for Nieuwenhuys 1998 'Lungfishes' chapter; the coronarium/paraphysis discussion the finder saw came from a different paper (Holmgren 1959 via a MRI atlas), not from this chapter, and the title does not name the paraphysis; content unverified. Chapter text (coronarium/paraphysis/dorsal sac) would resolve it.",phylogeny;anatomy,metadata_only
R352,1998,"Nieuwenhuys R, ten Donkelaar HJ, Nicholson C (eds)",The Central Nervous System of Vertebrates,U,U,X,adjudicated,insufficient_info,Metadata-only entry for the three-volume Central Nervous System of Vertebrates; no passage on the paraphysis or telencephalon impar retrieved and the whole-work citation is not specific; cite specific chapters only if they are verified.,phylogeny;anatomy,metadata_only
R353,1998,"Nualart F, Hein S, Yulis CR, Zárraga AM, Araya A, Rodríguez EM",Partial sequencing of Reissner's fiber glycoprotein I (RF-Gly I).,X,X,X,agreement,no_paraphysis_link,Partial sequencing of SCO glycoprotein RF-Gly I; no paraphysis link.,molecular,abstract
R354,1998,"Raybaud C, Girard N",[Anatomic MRI study of commissural agenesis and dysplasia of the Telencephalon (Agenesis of the corpus callosum and related anomalies). Clinical correlations and morphogenetic interpretation].,X,X,X,agreement,no_paraphysis_link,MRI model of commissural agenesis (lamina terminalis as telencephalic velum homologue); full abstract never mentions paraphysis or roof.,anatomy;terminology_history,abstract
R355,1998,"Regodón S, Franco A, Masot J, Redondo E",Structure of the ovine pineal gland during prenatal development.,X,X,X,agreement,no_paraphysis_link,"Ovine prenatal pineal histology; pineal-only, no paraphysis.",ontogeny;histology,abstract
R356,1998,"Vígh B, Szél A, Debreceni K, Fejér Z, Manzano e Silva MJ, Vígh-Teichmann I",Comparative histology of pineal calcification.,X,X,X,agreement,no_paraphysis_link,Comparative histology of pineal calcification; no paraphysis link.,histology,abstract
R357,1998,"van Gelder JM, Dahlstrom JE, Newcombe RL","Colloid cyst of the third ventricle in opposite sex, non-twin siblings.",X,X,X,agreement,general_clinical,"Sibling colloid cysts with immunophenotype listed (cytokeratin/EMA+, GFAP-) but abstract draws no origin argument; case report.",pathology;histology,abstract
R358,1998,"Veerman EC, Go KG, Molenaar WM, Amerongen AV, Vissink A",On the chemical characterization of colloid cyst contents.,B,B,B,agreement,context_clinical_histogenesis,Mucin and sulfo-Lewis epitope characterization of colloid cyst contents interpreted as not inconsistent with endodermal origin; histochemical evidence to weigh endodermal vs paraphyseal origin (clinical/histology).,histology;pathology;molecular,abstract
R359,1998,"Vigh B, Vigh-Teichmann I",Actual problems of the cerebrospinal fluid-contacting neurons.,X,X,X,agreement,no_paraphysis_link,"Review of CSF-contacting neurons (paraventricular organ, vascular sac, telencephalic CSF-contacting area); full abstract does not relate to or mention paraphysis.",histology;phylogeny,abstract
R360,1998,"Wakabayashi Y, Isono M, Hori S, Oka K",Third ventricular neuroepithelial cyst originating from the massa intermedia--case report.,X,X,X,agreement,general_clinical,"Neuroepithelial cyst from massa intermedia, case report; not a colloid cyst or paraphyseal origin.",pathology,abstract
R361,1999,,A estrutura e a ultra-estrutura da paráfise da tartaruga Trachemys scripta dorbigni,A,A,A,agreement,paraphysis_principal,"Master's dissertation on structure and ultrastructure of the turtle (Trachemys scripta dorbigni) paraphysis; circumventricular organ, Evans blue, links to colloid cysts. Snippet only.",anatomy;histology;physiology;phylogeny;ontogeny,web_snippet
R362,1999,"Aggarwal A, Corbett A, Graham J",Familial colloid cyst of the third ventricle.,X,X,X,agreement,general_clinical,Familial colloid cyst mother-son report discussing inheritance; no histogenesis or paraphysis.,pathology,abstract
R363,1999,"Bernier B, Bar I, Pieau C, Lambert De Rouvroit C, Goffinet AM",Reelin mRNA expression during embryonic brain development in the turtle Emys orbicularis.,X,X,X,agreement,no_paraphysis_link,"Reelin mRNA in embryonic turtle brain; generic cortical/olfactory expression, no roof midline.",molecular,abstract
R364,1999,"Cheng ML, Chang SD, Pang D, Adler JR",Intracranial nasal dermoid sinus cyst associated with colloid cyst of the third ventricle. Case report and new concepts.,B,U,X,adjudicated,general_clinical,Case of nasal dermoid sinus plus colloid cyst; full abstract (checked on PubMed) proposes 'anterior neuropore corridor defects' as embryological explanation but offers no histogenesis data and does not name or evaluate a paraphyseal origin; clinical case report.,clinical,abstract
R365,1999,Kier,The evolutionary and embryologic basis for the development and anatomy of the cavum veli interpositi.,U,U,X,adjudicated,insufficient_info,"Kier 1999 letter on the evolutionary/embryologic basis of the cavum veli interpositi; PubMed has no abstract (MeSH: pineal gland, pia mater), title does not name the paraphysis or velum transversum, so no link can be shown; content unverified. Letter text would resolve it.",anatomy;ontogeny;phylogeny,metadata_only
R366,1999,"Maślińska D, Kaliszek A, Opertowska J, Toborowicz J, Deregowski K, Szukiewicz D",Constitutive expression of cyclooxygenase-2 (COX-2) in developing brain. A. Choroid plexus in human fetuses.,X,X,X,agreement,no_paraphysis_link,COX-2 and morphology of human fetal choroid plexus; generic choroid plexus.,histology;molecular,abstract
R367,1999,"Ohshima K, Hirai S, Nishida A, Hiramatsu K","Ultrastructure and serotonin immunocytochemistry of the parietal-pineal complex in the Japanese grass lizard, Takydromus tachydromoides.",X,X,X,agreement,no_paraphysis_link,Ultrastructure of lizard parietal eye and pineal; no paraphysis link in excerpt.,histology,abstract
R368,1999,"Stoodley MA, Nguyen TP, Robbins P",Familial fatal and near-fatal third ventricle colloid cysts.,X,X,X,agreement,general_clinical,Familial fatal colloid cysts clinical report; no histogenesis or paraphysis analysis.,pathology,abstract
R369,1999,"Theil T, Alvarez-Bolado G, Walter A, Rüther U",Gli3 is required for Emx gene expression during dorsal telencephalon development,B,X,X,adjudicated,no_paraphysis_link,"Gli3 required for Emx expression (hippocampus and lateral-ventricle choroid plexus loss, Fgf8/Bmp4 changes at dorsal midline; abstract read); primarily a cortical-patterning paper that never relates to the paraphysis region or the telencephalon medium roof.",molecular;ontogeny,abstract
R370,2000,"Armao D, Castillo M, Chen H, Kwock L",Colloid cyst of the third ventricle: imaging-pathologic correlation.,A,A,A,agreement,clinical_origin,"Colloid cyst imaging-pathologic correlation; quoted text gives human paraphysis timetable (7th week outgrowth, degeneration ~3.5 months) and origin of colloid cysts from nondegenerating vesicles; places paraphysis on diencephalic roof (terminology point). Quoted text via web snippet only.",pathology;ontogeny;anatomy;terminology_history,web_snippet
R371,2000,Gontier MF,[Pathological anatomy of tumors of the third ventricle].,X,X,X,agreement,general_clinical,"General review of third-ventricle tumour pathology; single remark on bronchial-like epithelium suggesting endodermal origin, not a histogenesis analysis.",pathology,abstract
R372,2000,Kier LE,The evolutionary and embryologic basis for the development and anatomy of the cavum veli interpositi.,U,U,X,adjudicated,insufficient_info,"Second Kier letter (2000) on the cavum veli interpositi; PubMed has no abstract (MeSH: biological evolution, pia mater), title does not name the paraphysis or velum transversum, so no link can be shown; content unverified. Letter text would resolve it.",anatomy;ontogeny;phylogeny,metadata_only
R373,2000,"Le Gars D, Foulon P",[Fundamental anatomy of the third ventricle].,X,X,X,agreement,no_paraphysis_link,"Surgical anatomy of third ventricle (full abstract checked); roof diverticles noted generically, no mention of paraphysis.",anatomy,abstract
R374,2000,Lepperdinger G,"Amphibian choroid plexus lipocalin, Cpl1.",X,X,X,agreement,no_paraphysis_link,Amphibian choroid plexus lipocalin Cpl1; generic choroid plexus secretory protein.,molecular,abstract
R375,2000,"Louvi A, Wassef M","Ectopic engrailed 1 expression in the dorsal midline causes cell death, abnormal differentiation of circumventricular organs and errors in axonal pathfinding",X,X,X,agreement,no_paraphysis_link,"Ectopic En1 in diencephalic roof affects choroid plexus, SCO and pineal (full abstract checked); no telencephalic roof or paraphysis link.",molecular,abstract
R376,2000,"Nader-Sepahi A, Hamlyn PJ",Familial colloid cysts of the third ventricle: case report.,X,X,X,agreement,general_clinical,Familial colloid cyst family with normal cytogenetics; no histogenesis or paraphysis.,pathology,abstract
R377,2000,"Puelles L, Kuwana E, Puelles E, Bulfone A, Shimamura K, Keleher J, Smiga S, Rubenstein JL","Pallial and subpallial derivatives in the embryonic chick and mouse telencephalon, traced by the expression of the genes Dlx‐2, Emx‐1, Nkx‐2.1, Pax‐6, and Tbr‐1",B,X,X,adjudicated,no_paraphysis_link,"Passage seen only mentions the non-evaginated forebrain 'telencephalon impar of some authors' in passing within a chick/mouse pallial-subpallial gene-expression study; it does not locate the paraphysis or analyse the impar, so the term is not defined in a way that bears on paraphysis homology.",ontogeny,fulltext
R379,2000,"Tole S, Ragsdale CW, Grove EA",Dorsoventral patterning of the telencephalon is disrupted in the mouse mutant extra-toes(J).,X,X,X,agreement,no_paraphysis_link,"Gli3 Xt-J mutant, loss of Bmp/Wnt in cortical hem and dorsal telencephalon ventralisation; generic cortical-hem/cortex patterning in mouse, no link to the rostral midline roof or paraphysis territory.",,abstract
R380,2000,"Williams Z, Herrick MK, Tse V",Ependyma-lined cysts.,X,X,X,agreement,general_clinical,Two posterior fossa ependyma-lined cysts and common pathogenesis of epithelial/ependymal cysts; not third-ventricle colloid cyst and no paraphyseal argument.,,abstract
R381,2001,"Bulchand S, Grove EA, Porter FD, Tole S",LIM-homeodomain gene Lhx2 regulates the formation of the cortical hem.,X,X,X,agreement,no_paraphysis_link,"Lhx2 restricts cortical hem extent in mouse; hem/cortex patterning only, does not address the telencephalic midline roof rostral to the choroid plexus.",,abstract
R382,2001,"Dziegielewska KM, Ek J, Habgood MD, Saunders NR",Development of the choroid plexus.,X,X,X,agreement,no_paraphysis_link,"General review of choroid plexus development at four roof sites; generic choroid plexus, no treatment of the paraphysis region, telencephalon impar or tela choroidea boundary.",,abstract
R383,2001,Hansen GN,Vascularization of the pituitary of the Australian lungfish and Neoceratodus forsteri,U,X,X,adjudicated,no_paraphysis_link,Neoceratodus pituitary vascularisation paper; the only paraphysis item retrieved is the figure abbreviation 'Pa paraphysis' (listed beside 'SD saccus dorsalis'); a landmark label without text discussion is not substantive data on the structure. Figure legends could show how the author distinguishes paraphysis and dorsal sac.,anatomy,fulltext
R384,2001,"Inci S, Al-Rousan N, Söylemezoglu F, Gurçay O",Intrapontomesencephalic colloid cyst: an unusual location. Case report.,X,X,X,agreement,general_clinical,Case report of intrapontomesencephalic (brainstem) colloid cyst with brief review of brainstem neuroepithelial cyst origin; not third-ventricle and no paraphyseal discussion.,,abstract
R385,2001,"Meléndez-Ferro M, Villar-Cheda B, Manoel Abalo X, Pérez-Costas E, Rodríguez-Muñoz R, Degrip WJ, Yáñez J, Rodicio MC, Anadón R",Early development of the retina and pineal complex in the sea lamprey: Comparative immunocytochemical study,X,X,X,agreement,no_paraphysis_link,Lamprey retina and pineal complex immunocytochemistry (pineal/parapineal photoreceptive organs); no paraphysis or dorsal-sac territory.,,fulltext
R386,2001,"Miranda E, Almonacid JA, Rodriguez S, Perez J, Hein S, Cifuentes M, Fernández-Llebrez P, Rodríguez EM",Searching for specific binding sites of the secretory glycoproteins of the subcommissural organ.,X,X,X,agreement,no_paraphysis_link,"SCO secretory glycoprotein binding sites on choroid plexus; generic SCO/choroid plexus, no comparison with the paraphysis.",,abstract
R387,2001,"Monuki ES, Porter FD, Walsh CA",Patterning of the dorsal telencephalon and cerebral cortex by a roof plate-Lhx2 pathway.,X,X,X,agreement,no_paraphysis_link,"Roof plate ablation and Lhx2 regulation in mouse dorsal telencephalon/cortical size; cortex-patterning focus, not the midline derivative territory (the roof-plate question is covered by Cheng 2006 R426).",,abstract
R388,2001,"Sundaram C, Paul TR, Raju BV, Ramakrishna Murthy T, Sinha AK, Prasad VS, Purohit AK",Cysts of the central nervous system : a clinicopathologic study of 145 cases.,X,X,X,agreement,general_clinical,Clinicopathologic series of 145 CNS cysts (38 colloid) with generic histogenesis remark; abstract gives no paraphyseal or colloid-specific origin argument.,,abstract
R389,2002,"Ahmed SK, Stanworth PA",Colloid cysts of the third ventricle in identical twins.,X,X,X,agreement,general_clinical,"Colloid cysts in identical twins, genetic implications only; no histogenesis or paraphyseal origin data.",,abstract
R390,2002,"Garda AL, Puelles L, Rubenstein JL, Medina L",Expression patterns of Wnt8b and Wnt7b in the chicken embryonic brain suggest a correlation with forebrain patterning centers and morphogenesis.,X,X,X,agreement,no_paraphysis_link,"Chick Wnt8b/Wnt7b expression in cortical hem, zli and medial pallium; hem/pallial patterning, not the rostral roof/paraphysis region.",,abstract
R391,2002,"Hébert JM, Mishina Y, McConnell SK",BMP signaling is required locally to pattern the dorsal telencephalic midline.,B,B,B,agreement,context_molecular,Bmpr1a conditional knockout shows BMP signalling is required locally to pattern the dorsal telencephalic midline and to specify the telencephalic choroid plexus (most dorsomedial derivative); helps with the molecular patterning of the roof that borders the paraphysis territory (ontogeny/molecular).,molecular;ontogeny,abstract
R392,2002,Korzhevskiĭ DE,[Structural organization of choroid plexus primordium in human telencephalon].,X,X,X,agreement,no_paraphysis_link,Full abstract checked: structure and apoptosis markers of the human telencephalic choroid plexus primordium at weeks 5-6; no mention of paraphysis or adjoining rostral roof landmarks.,,abstract
R393,2002,"Motoyama Y, Hashimoto H, Ishida Y, Iida J",Spontaneous rupture of a presumed colloid cyst of the third ventricle--case report.,X,X,X,agreement,general_clinical,"Case report of spontaneous rupture of presumed colloid cyst with wall remnants at anterior third-ventricle roof; imaging/natural history only, no histogenesis.",,abstract
R394,2002,"Parwani AV, Fatani IY, Burger PC, Erozan YS, Ali SZ",Colloid cyst of the third ventricle: cytomorphologic features on stereotactic fine-needle aspiration.,X,X,X,agreement,general_clinical,FNA cytomorphology of 10 colloid cysts; restates the misplaced endodermal origin as background but offers no histogenesis analysis weighing a paraphyseal origin.,,abstract
R395,2002,Schreiber G,The evolution of transthyretin synthesis in the choroid plexus,X,X,X,agreement,no_paraphysis_link,"Evolution of transthyretin synthesis in the choroid plexus; generic choroid plexus physiology, no paraphysis link.",,abstract
R396,2002,"Socin HV, Born J, Wallemacq C, Betea D, Legros JJ, Beckers A",Familial colloid cyst of the third ventricle: neuroendocrinological follow-up and review of the literature.,X,X,X,agreement,general_clinical,"Familial colloid cysts (half sisters), inheritance and endocrine follow-up; no histogenesis or paraphyseal argument.",,abstract
R397,2002,"Vigh B, Manzano MJ, Zádori A, Frank CL, Lukáts A, Röhlich P, Szél A, Dávid C","Nonvisual photoreceptors of the deep brain, pineal organs and retina.",X,X,X,agreement,no_paraphysis_link,"Review of nonvisual photoreceptors of deep brain, pineal organs and retina; abstract does not address the paraphysis or telencephalic roof, pineal-complex topic only.",,abstract
R398,2003,"Awatramani R, Soriano P, Rodriguez C, Mai JJ, Dymecki SM",Cryptic boundaries in roof plate and choroid plexus identified by intersectional gene activation.,X,X,X,agreement,no_paraphysis_link,"Hindbrain roof plate and choroid plexus lineage mapping (rhombencephalic), not telencephalic.",,abstract
R399,2003,"Bhattacharya S, Dey R, Basu A, Maitra SK, Banerji TK","The structure of the pineal complex in a common Indian teleost, Catla catla: evidence for pineal-induced inhibition of testicular function within an annual reproductive cycle.",X,X,X,agreement,no_paraphysis_link,Teleost (Catla) pineal complex with dorsal sac epithelium columnar/ciliated and pineal-gonad endocrinology; no paraphysis data and no comparison with it.,,abstract
R400,2003,Catala M,[Neurosurgical Embryology. Part 3: Molecular control of corpus callosum development].,X,X,X,agreement,no_paraphysis_link,"Review of corpus callosum development from commissural plate and BMP/holoprosencephaly; full abstract checked, no paraphysis or localisation of roof derivatives rostral to the choroid plexus.",,abstract
R401,2003,"Dávid C, Frank CL, Lukáts A, Szél A, Vígh B","Cerebrospinal fluid contacting neurons in the reduced brain ventricular system of the atlantic hagfish, Myxine glutinosa",X,X,X,agreement,no_paraphysis_link,"Hagfish reduced ventricular system with CSF-contacting neurons, choroid plexus absent; no paraphysis discussion.",,abstract
R402,2003,"Dey R, Bhattacharya S, Maitra SK, Banerji TK","The morpho-anatomy and histology of the pineal complex in a major Indian carp, Catla catla: identification of the pineal photoreceptor cells and their responsiveness to constant light and constant darkness during different phases of the annual reproductive cycle.",X,X,X,agreement,no_paraphysis_link,"Carp pineal complex (end vesicle, stalk, dorsal sac) and photoperiod response; teleost pineal dorsal sac with no paraphysis comparison.",,abstract
R404,2003,"Plouhinec JL, Sauka-Spengler T, Germot A, Le Mentec C, Cabana T, Harrison G, Pieau C, Sire JY, Véron G, Mazan S","The mammalian Crx genes are highly divergent representatives of the Otx5 gene family, a gnathostome orthology class of orthodenticle-related homeogenes involved in the differentiation of retinal photoreceptors and circadian entrainment.",X,X,X,agreement,no_paraphysis_link,Crx/Otx5 gene-family phylogeny (retina and epiphysis); off-topic for the paraphysis.,,abstract
R405,2004,"Alicelebić S, Mornjaković Z, Kundurović Z",Morphogenesis of the rat forebrain.,B,B,B,agreement,context_embryology,"Full abstract checked: rat E12-E16 forebrain morphogenesis names the telencephalon impar between the vesicles and places choroid plexus origins there at E15; useful for locating the midline roof/impar territory (ontogeny, anatomy); mammal, no paraphysis mentioned.",ontogeny;anatomy,abstract
R406,2004,"Hirano A, Hirano M",Benign cysts in the central nervous system: Neuropathological observations of the cyst walls,X,X,X,agreement,general_clinical,"Review of benign CNS cyst walls; excerpt only says colloid cyst origin remains obscure, no evaluation of paraphyseal or other histogenesis (full text unseen, verified from the excerpt only).",,fulltext
R407,2004,"Meyer G, Cabrera Socorro A, Perez Garcia CG, Martinez Millan L, Walker N, Caput D",Developmental roles of p73 in Cajal-Retzius cells and cortical patterning.,X,X,X,agreement,no_paraphysis_link,"p73 in Cajal-Retzius cells, cortical hem and choroid plexus in mouse; cortical patterning, no paraphysis.",,abstract
R408,2004,"Shinozaki K, Yoshida M, Nakamura M, Aizawa S, Suda Y",Emx1 and Emx2 cooperate in initial phase of archipallium development.,X,X,X,agreement,no_paraphysis_link,"Emx1/Emx2 double mutant converts archipallium to roof without hem or choroid plexus; archipallium/hem specification, not the rostral roof territory.",,abstract
R409,2004,Striedter GF,Principles of Brain Evolution,X,X,X,agreement,no_paraphysis_link,"General book on brain evolution (regional scaling); metadata only, finder found no passage on paraphysis, dorsal sac or telencephalon impar.",,metadata_only
R410,2004,"Ung CY, Molteno AC",An enigmatic eye: the histology of the tuatara pineal complex.,A,A,A,agreement,paraphysis_data,"Tuatara pineal complex histology: describes the paraphysis as an evagination of the lamina supraneuroporica, multisaccular, presumed secretory, opening shifted to the dorsal sac (Dendy), with its position relative to pineal eye and dorsal sac.",anatomy;histology;phylogeny;physiology;terminology_history,fulltext
R411,2004,"Winkelmann EC, Fernandes MC, Jackowski AP, Severino AG, Schneider FL","Microscopic studies of the paraphysis of the turtle Trachemys (scripta) dorbigni (Duméril & Bibron, 1835)",A,A,A,agreement,paraphysis_principal,"Light/EM microscopy of the turtle Trachemys dorbigni paraphysis (vascular neuroepithelial structure, cuboidal epithelium, dense bodies); paraphysis is the sole subject. Not in PubMed; authorship conflict and probable duplicate of R412.",anatomy;histology;phylogeny,web_snippet
R412,2004,Winkelmann et al.,Microscopic studies of the paraphysis of the turtle Trachemys (scripta) dorbigni,A,A,A,agreement,paraphysis_principal,"Same turtle paraphysis paper as R411 (light, SEM, TEM, Evans blue shows fenestrated endothelium and no blood-brain barrier; circumventricular absorptive/secretory organ); paraphysis is the principal subject. Treat as duplicate of R411 on merging.",histology;phylogeny;physiology,web_snippet
R413,2005,"Butler AB, Hodos W",Comparative Vertebrate Neuroanatomy: Evolution and Adaptation,U,U,X,adjudicated,insufficient_info,"Metadata-only entry for the Butler & Hodos comparative neuroanatomy textbook; no passage or index entry on the paraphysis seen, generic title; cannot support inclusion without an index check.",anatomy;phylogeny,metadata_only
R414,2005,Carden SM,The pineal eye of the tuatara,X,X,X,agreement,no_paraphysis_link,"Two-page Comment on the tuatara pineal eye (no abstract; MeSH only pineal gland, photoreceptors, evolution); title and indexing point to the pineal eye, not the paraphysis.",,metadata_only
R415,2005,"Currle DS, Cheng X, Hsu CM, Monuki ES",Direct and indirect roles of CNS dorsal midline cells in choroid plexus epithelia formation.,B,B,B,agreement,context_molecular,"Gdf7 fate-map and dorsal midline ablation distinguish a small anterior from a large posterior telencephalic choroid plexus epithelial domain with different lineage and apoptosis; bears on how the telencephalic midline roof is subdivided rostrally (ontogeny/molecular); mouse, paraphysis not mentioned.",molecular;ontogeny,abstract
R416,2005,"Gaston-Massuet C, Henderson DJ, Greene NDE, Copp AJ","Zic4, a zinc-finger transcription factor, is expressed in the developing mouse nervous system.",B,B,B,agreement,context_molecular,"Zic4 expression at the dorsal forebrain midline, telencephalon-diencephalon boundary, lamina terminalis and third-ventricle choroid plexus; candidate marker for the territory in which the paraphysis forms (molecular/ontogeny); mouse, paraphysis not mentioned.",molecular;ontogeny,abstract
R417,2005,"Hoyo-Becerra C, López-Avalos MD, Alcaide-Gavilán M, Gómez-Roldán MC, Pérez J, Fernández-Llebrez P, Grondona JM",Reissner's fiber formation depends on developmentally regulated factors extrinsic to the subcommissural organ.,X,X,X,agreement,no_paraphysis_link,"Chick SCO grafts and Reissner's fibre formation; glycoprotein binding to choroid plexus, no comparison with paraphysis.",,abstract
R418,2005,"Joshi SM, Gnanalingham KK, Mohaghegh P, Wilson A, Elsmore A",A case of familial third ventricular colloid cyst.,X,X,X,agreement,general_clinical,Clinical case of familial colloid cyst presenting with cardiorespiratory arrest; no histogenesis.,,abstract
R420,2005,"Kimura J, Suda Y, Kurokawa D, Hossain ZM, Nakamura M, Takahashi M, Hara A, Aizawa S",Emx2 and Pax6 function in cooperation with Otx2 and Otx1 to develop caudal forebrain primordium that includes future archipallium.,X,X,X,agreement,no_paraphysis_link,"Emx2/Pax6/Otx cooperation in caudal forebrain primordium giving archipallium, hem, choroid plexus and choroidal roof; fate-mapping of caudal forebrain, not the rostral midline roof or paraphysis.",,abstract
R421,2005,"Kuwamura M, Muraguchi T, Matsui T, Ueno M, Takenaka S, Yamate J, Kotani T, Kuramoto T, Guénet JL, Kitada K, Serikawa T",Mutation at the Lmx1a locus provokes aberrant brain development in the rat.,X,X,X,agreement,no_paraphysis_link,"Rat Lmx1a mutant with choroid plexus and callosum maldevelopment; generic roof-plate derivative pathology, no paraphysis link.",,abstract
R422,2005,"Montecinos HA, Richter H, Caprile T, Rodríguez EM",Synthesis of transthyretin by the ependymal cells of the subcommissural organ.,X,X,X,agreement,no_paraphysis_link,Transthyretin synthesis in SCO ependyma versus choroid plexus; no comparison with the paraphysis.,,abstract
R424,2006,"Alponti RF, Mancera JM, Martín-del-Río MP, Silveira PF",Galanin-like immunoreactivity in the brain of the snake Bothrops jararaca.,X,X,X,agreement,no_paraphysis_link,"Galanin-like immunoreactivity mapping in the snake brain (subfornical, subcommissural organs); no paraphysis.",,abstract
R425,2006,"Cabrera-Socorro A, Hernandez-Acosta NC, Gonzalez-Gomez M, Meyer G","Comparative aspects of p73 and Reelin expression in Cajal-Retzius cells and the cortical hem in lizard, mouse and human",X,X,X,agreement,no_paraphysis_link,"p73/Reelin in Cajal-Retzius cells and rudimentary cortical hem in lizard, mouse and human; hem comparison only, paraphysis not addressed.",,abstract
R426,2006,"Cheng X, Hsu CM, Currle DS, Hu JS, Barkovich AJ, Monuki ES",Central roles of the roof plate in telencephalic development and holoprosencephaly.,B,B,B,agreement,context_molecular,"Genetic ablation shows telencephalic roof plate is needed for dorsal midline induction and its loss causes holoprosencephaly; defines roof-plate role in the telencephalic dorsal midline from which choroid plexus and rostral roof structures derive (ontogeny/molecular); mouse, paraphysis not mentioned.",molecular;ontogeny,abstract
R427,2006,"Deyts C, Casane D, Vernier P, Bourrat F, Joly J",Morphological and gene expression similarities suggest that the ascidian neural gland may be osmoregulatory and homologous to vertebrate peri‐ventricular organs,X,X,X,agreement,no_paraphysis_link,Ascidian neural gland homology with vertebrate peri-ventricular organs and choroid plexus; no mention of the paraphysis in the excerpt.,,fulltext
R428,2006,"Goren O, Adorján I, Kálmán M",Heterogeneous occurrence of aquaporin-4 in the ependyma and in the circumventricular organs in rat and chicken.,X,X,X,agreement,no_paraphysis_link,Aquaporin-4 map of rat/chicken circumventricular organs; paraphysis not among the organs studied.,histology;molecular,abstract
R429,2006,"Hoyo-Becerra C, López-Avalos MD, Pérez J, Miranda E, Rojas-Ríos P, Fernández-Llebrez P, Grondona JM",Continuous delivery of a monoclonal antibody against Reissner's fiber into CSF reveals CSF-soluble material immunorelated to the subcommissural organ in early chick embryos.,X,X,X,agreement,no_paraphysis_link,SCO-related soluble glycoprotein in early chick CSF binding choroid plexus primordia; no paraphysis.,molecular;physiology,abstract
R431,2006,"Regodón S, Pozo D, Roncero V",Histomorphogenesis and immunohistochemical study of the bovine pineal gland (Bos taurus) during prenatal development (160 days of gestation to birth).,X,X,X,agreement,no_paraphysis_link,"Bovine fetal pineal histogenesis; pineal only, no paraphysis.",histology;ontogeny,abstract
R432,2006,"Striedter GF, Northcutt RG",Head size constrains forebrain development and evolution in ray‐finned fishes,X,X,X,agreement,no_paraphysis_link,"Head-size constraint on eversion of ray-finned fish telencephalon (roof thins to tela choroidea); generic roof plate, paraphysis never addressed.",ontogeny;phylogeny,fulltext
R433,2006,"von Frowein J, Wizenmann A, Götz M",The transcription factors Emx1 and Emx2 suppress choroid plexus development and promote neuroepithelial cell fate.,X,X,X,agreement,no_paraphysis_link,"Emx1/2 restrict choroid plexus fate at chick telencephalic midline; generic choroid plexus specification, paraphysis not mentioned.",molecular;ontogeny,abstract
R434,2007,"Alexiou GA, Zigouris A, Pahaturidis D, Goussia A, Tsiouris S, Fotopoulos AD, Zagorianakou P, Voulgaris S",Olfactory colloid cyst.,X,X,X,agreement,general_clinical,"Case report of olfactory-groove colloid cyst (CT/MRI/SPECT, histology confirms colloid cyst); full abstract has no histogenesis or paraphysis discussion.",pathology,abstract
R435,2007,"Bavil MS, Vahedi P","Familial colloid cyst of the third ventricle in non-twin sisters: case report, review of the literature, controversies, and screening strategies.",X,X,X,agreement,general_clinical,Familial third-ventricle colloid cyst case/review (screening strategies); no histogenesis or paraphysis content in abstract.,pathology,abstract
R436,2007,"Duvernoy HM, Risold PY",The circumventricular organs: an atlas of comparative anatomy and vascularization.,X,X,X,agreement,no_paraphysis_link,"Atlas of CVO vascularization in mammals and birds (NVOLT, SFO, pineal, SCO, area postrema); paraphysis not among organs, no comparison with it.",anatomy;histology,abstract
R437,2007,"Hanashima C, Fernandes M, Hebert JM, Fishell G",The role of Foxg1 and dorsal midline signaling in the generation of Cajal-Retzius subtypes.,X,X,X,agreement,no_paraphysis_link,"Foxg1 and hem-derived Cajal-Retzius subtypes in mouse; generic cortical hem, no paraphysis.",molecular;ontogeny,abstract
R438,2007,"Huang X, Litingtung Y, Chiang C",Ectopic sonic hedgehog signaling impairs telencephalic dorsal midline development: implication for human holoprosencephaly.,X,X,X,agreement,no_paraphysis_link,"Ectopic Shh and dorsal midline (roof plate, hem, choroid plexus) in mouse/holoprosencephaly; generic roof-plate paper, no paraphysis.",molecular;ontogeny,abstract
R439,2007,"Joly JS, Osório J, Alunni A, Auger H, Kano S, Rétaux S",Windows of the brain: towards a developmental biology of circumventricular and other neurohemal organs.,X,X,X,agreement,no_paraphysis_link,Review of CVO developmental biology focused on lamprey and ascidian; abstract does not mention paraphysis or compare with it.,phylogeny;ontogeny,abstract
R440,2007,"Periakaruppan A, Kesavadas C, Radhakrishnan VV, Thomas B, Rao RM",Unique MR spectroscopic finding in colloid-like cyst.,X,X,X,agreement,general_clinical,"MRS of ectopic colloid-like cysts (pontomedullary, prepontine, suprasellar); imaging report, no histogenesis argument bearing on paraphysis.",pathology,abstract
R441,2007,"Sahara S, Kawakami Y, Izpisua Belmonte JC, O'Leary DD",Sp8 exhibits reciprocal induction with Fgf8 but has an opposing effect on anterior-posterior cortical area patterning.,X,X,X,agreement,no_paraphysis_link,"Sp8/Fgf8 reciprocal induction in cortical area patterning (mouse); generic patterning centres, no paraphysis.",molecular,abstract
R442,2008,"Aurboonyawat T, Suthipongchai S, Pereira V, Ozanne A, Lasjaunias P","Patterns of cranial venous system from the comparative anatomy in vertebrates. Part I, introduction and the dorsal venous system.",X,X,X,agreement,no_paraphysis_link,Comparative cranial venous system (dorsal venous drainage); no paraphysis data in abstract.,anatomy;phylogeny,abstract
R443,2008,"Bill BR, Balciunas D, McCarra JA, Young ED, Xiong T, Spahn AM, Garcia-Lecea M, Korzh V, Ekker SC, Schimmenti LA",Development and Notch signaling requirements of the zebrafish choroid plexus.,X,X,X,agreement,no_paraphysis_link,"Zebrafish (hindbrain) choroid plexus development and Notch; generic choroid plexus, no paraphysis.",molecular;ontogeny,abstract
R444,2008,"García-Lecea M, Kondrychyn I, Fong SH, Ye ZR, Korzh V",In vivo analysis of choroid plexus morphogenesis in zebrafish.,X,X,X,agreement,no_paraphysis_link,"Zebrafish fourth-ventricle choroid plexus/tela choroidea morphogenesis; hindbrain only, no paraphysis.",ontogeny;molecular,abstract
R445,2008,"Hingwala DR, Sanghvi DA, Shenoy AS, Dange NN, Goel AH",Colloid cyst of the velum interpositum: a common lesion at an uncommon site.,X,U,X,adjudicated,general_clinical,"Case report of colloid cyst confined to the velum interpositum; full PubMed abstract only says location 'gives additional information on pathogenesis' and briefly reviews pathogenesis, never naming a paraphyseal or other specific origin; no histogenesis data shown. Excluded as clinical case without verifiable paraphysis/histogenesis content (full text would show whether paraphyseal origin is argued).",clinical,abstract
R446,2008,"Ormond DR, Omeis I, Mohan A, Murali R, Narayan P",Obstructive hydrocephalus due to a third ventricular neuroepithelial cyst.,X,X,X,agreement,general_clinical,"Paediatric third-ventricle neuroepithelial cyst with hydrocephalus; lists generic arachnoidal/endodermal/neuroepithelial origins, no paraphysis, not a colloid cyst histogenesis paper.",pathology,abstract
R447,2008,"Pombero A, Martinez S",Telencephalic morphogenesis during the process of neurulation: An experimental study using quail–chick chimeras,A,A,A,agreement,paraphysis_data,Quail-chick chimera fate mapping of telencephalic roof/neurulation: places velum transversum at p3/p2 roof limit and states the paraphysis lies in p3 (original data on paraphysis position/ontogeny).,ontogeny;molecular;anatomy,fulltext
R448,2008,"Romani R, Niemelä M, Korja M, Hernesniemi JA",Dizygotic twins with a colloid cyst of the third ventricle: case report.,X,X,X,agreement,general_clinical,"Dizygotic twins with colloid cyst (familial case); only restates endodermal origin, no histogenesis analysis or paraphysis.",pathology,abstract
R449,2008,"Willaredt MA, Hasenpusch-Theil K, Gardner HAR, Kitanovic I, Hirschfeld-Warneken VC, Gojak CP, Gorgas K, Bradford CL, Spatz J, Wölfl S, Theil T, Tucker KL",A crucial role for primary cilia in cortical morphogenesis.,X,X,X,agreement,no_paraphysis_link,"Primary cilia (Ift88) and cortical morphogenesis, mouse; generic dorsomedial structures, no paraphysis.",molecular;ontogeny,abstract
R450,2009,"D'Addario V, Pinto V, Rossi AC, Pintucci A, Di Cagno L",Cavum veli interpositi cyst: prenatal diagnosis and postnatal outcome.,X,X,X,agreement,general_clinical,"Prenatal ultrasound series of cavum veli interpositi cysts; imaging/outcome only, no histogenesis or paraphysis.",anatomy;pathology,abstract
R451,2009,"Danesin C, Peres JN, Johansson M, Snowden V, Cording A, Papalopulu N, Houart C",Integration of telencephalic Wnt and hedgehog signaling center activities by Foxg1.,X,X,X,agreement,no_paraphysis_link,"Foxg1 and Wnt/Hh signalling centres in zebrafish telencephalon; generic roof-plate signalling, no paraphysis.",molecular;ontogeny,abstract
R452,2009,"Dunham CP, Curry B, Hamilton M",Malignant transformation of an intraaxial-supratentorial neurenteric cyst - case report and review of the literature.,X,X,X,agreement,general_clinical,"Malignant neurenteric cyst case; only notes resemblance to colloid cysts, no colloid-cyst histogenesis or paraphysis analysis.",pathology;histology,abstract
R453,2009,"Huang X, Ketova T, Fleming JT, Wang H, Dey SK, Litingtung Y, Chiang C",Sonic hedgehog signaling regulates a novel epithelial progenitor domain of the hindbrain choroid plexus.,X,X,X,agreement,no_paraphysis_link,"Shh signalling in hindbrain choroid plexus epithelium; hindbrain only, no paraphysis.",molecular;ontogeny,abstract
R454,2009,Johnson AK,Circumventricular Organs in Neuroendocrine Control,X,X,X,agreement,no_paraphysis_link,Encyclopedia chapter on mammalian CVOs in neuroendocrine control; paraphysis not listed in excerpt.,physiology,web_snippet
R455,2009,"Khonsari RH, Li B, Vernier P, Northcutt RG, Janvier P",Agnathan brain anatomy and craniate phylogeny,B,A,B,adjudicated,context_anatomy,"Craniate character 93 'Paraphysis' is explicitly applied to the left epithalamic (parapineal) diverticulum vs right epiphysis, not the telencephalic paraphysis; kept as necessary context for the phylogeny/terminology section because this homonymous usage would contaminate any reported distribution of 'paraphysis' (lampreys, actinopterygians, sarcopterygians). No data on the telencephalic paraphysis.",phylogeny;anatomy;terminology,fulltext
R456,2009,"Medina L, Abellán A",Development and evolution of the pallium.,X,X,X,agreement,no_paraphysis_link,"Review of pallial development/homology across tetrapods; generic pallium, no paraphysis.",molecular;phylogeny,abstract
R457,2009,Nieuwenhuys R,On old and new comparative neurological sinners: the evolutionary importance of the membranous parts of the actinopterygian forebrain and their sites of attachment.,X,X,X,agreement,no_paraphysis_link,"Actinopterygian forebrain eversion and membranous roof-plate attachments; generic roof, paraphysis not addressed.",anatomy;phylogeny,abstract
R458,2009,Nieuwenhuys R,The forebrain of actinopterygians revisited.,X,X,X,agreement,no_paraphysis_link,Actinopterygian forebrain eversion; roof plate becomes wide membrane with taeniae; no paraphysis.,anatomy;phylogeny,abstract
R459,2009,Northcutt RG,"Telencephalic organization in the spotted African Lungfish, Protopterus dolloi: a new cytological model.",X,X,X,agreement,no_paraphysis_link,Cytoarchitectonic model of lungfish telencephalon; abstract silent on dorsal sac/paraphysis.,anatomy;phylogeny,abstract
R460,2009,"Redshaw N, Wheeler G, Hajihosseini MK, Dalmay T",microRNA-449 is a putative regulator of choroid plexus development and function.,X,X,X,agreement,no_paraphysis_link,"miR-449 in roof plate and choroid plexus epithelium (mouse); generic choroid plexus, no paraphysis.",molecular,abstract
R461,2009,"Sánchez-Arrones L, Ferrán JL, Rodríguez-Gallardo L, Puelles L",Incipient forebrain boundaries traced by differential gene expression and fate mapping in the chick neural plate.,X,X,X,agreement,no_paraphysis_link,"Chick neural plate fate map and early roof plate gene domains (HH4-11); stage precedes any paraphysis, none mentioned.",molecular;ontogeny,abstract
R462,2009,"Subramanian L, Tole S","Mechanisms underlying the specification, positional regulation, and function of the cortical hem.",X,X,X,agreement,no_paraphysis_link,"Review of cortical hem specification and position; generic hem, no paraphysis.",molecular;ontogeny,abstract
R463,2010,"Abellán A, Vernier B, Rétaux S, Medina L",Similarities and differences in the forebrain expression of Lhx1 and Lhx5 between chicken and mouse: Insights for understanding telencephalic development and evolution.,X,X,X,agreement,no_paraphysis_link,"Lhx1/Lhx5 forebrain expression chicken vs mouse (hem, Cajal-Retzius); no paraphysis.",molecular;phylogeny,abstract
R464,2010,Charvet CJ,"A reduced progenitor pool population accounts for the rudimentary appearance of the septum, medial pallium and dorsal pallium in birds.",X,X,X,agreement,no_paraphysis_link,Ventricular zone thickness of septum/medial and dorsal pallium in birds and mammals; no paraphysis.,ontogeny;phylogeny,abstract
R465,2010,"Chizhikov VV, Lindgren AG, Mishima Y, Roberts RW, Aldinger KA, Miesegaes GR, Currle DS, Monuki ES, Millen KJ",Lmx1a regulates fates and location of cells originating from the cerebellar rhombic lip and telencephalic cortical hem.,X,X,X,agreement,no_paraphysis_link,"Lmx1a fate of hem and rhombic lip cells in mouse; generic hem, no paraphysis.",molecular;ontogeny,abstract
R466,2010,Federative International Committee on Anatomical Terminology,Terminologia Embryologica,U,U,X,adjudicated,insufficient_info,Metadata-only official embryological nomenclature; no paraphysis or telencephalon impar entry confirmed and title is non-specific. Cannot support inclusion; checking TE2 telencephalon/roof entries for 'paraphysis' would resolve.,ontogeny;terminology,metadata_only
R467,2010,"Hasunuma I, Toyoda F, Kadono Y, Yamamoto K, Namiki H, Kikuyama S",Localization of three types of arginine vasotocin receptors in the brain and pituitary of the newt Cynops pyrrhogaster.,A,A,A,agreement,paraphysis_data,"Newt (Cynops) AVT receptor localization: paraphysis shows only V2-type receptor mRNA and immunoreactivity, and is proposed as a main site of CSF production (histochemical/molecular and functional data on paraphysis).",histology;molecular;physiology,abstract
R468,2010,"Himmelstein DS, Bi C, Clark BS, Bai B, Kohtz JD",Balanced Shh signaling is required for proper formation and maintenance of dorsal telencephalic midline structures.,X,X,X,agreement,no_paraphysis_link,"Shh dosage and roof plate/hem/choroid plexus boundaries in mouse; generic midline patterning, no paraphysis.",molecular;ontogeny,abstract
R469,2010,Meyer G,Building a human cortex: the evolutionary differentiation of Cajal-Retzius cells and the cortical hem.,X,X,X,agreement,no_paraphysis_link,Review of cortical hem and Cajal-Retzius cells in human cortex evolution; no paraphysis.,ontogeny;phylogeny,abstract
R470,2010,"Moldrich RX, Gobius I, Pollak T, Zhang J, Ren T, Brown L, Mori S, De Juan Romero C, Britanova O, Tarabykin V, Richards LJ",Molecular regulation of the developing commissural plate.,X,X,X,agreement,no_paraphysis_link,"Molecular delineation of mouse commissural plate and Fgf8; generic commissural patterning, no link to paraphysis stated.",molecular;ontogeny,abstract
R471,2010,"Nagaraju S, O'Donovan DG, Cross J, Fernandes H",Colloid cyst of the third cerebral ventricle with an embryological remnant consistent with paraphysis cerebri in an adult human.,A,A,A,agreement,clinical_origin,Adult colloid cyst of third ventricle with an embryological remnant interpreted as paraphysis cerebri; explicitly evaluates paraphyseal origin in histogenesis debate.,pathology;ontogeny;anatomy;terminology_history,abstract
R472,2010,Nieuwenhuys R,"The development and general morphology of the telencephalon of actinopterygian fishes: synopsis, documentation and commentary",X,X,X,agreement,no_paraphysis_link,Actinopterygian telencephalon development synopsis (eversion makes roof plate a tela choroidea); paraphysis not addressed.,anatomy;ontogeny;phylogeny,abstract
R473,2010,Raybaud C,"The corpus callosum, the other great forebrain commissures, and the septum pellucidum: anatomy, development, and malformation.",X,X,X,agreement,no_paraphysis_link,"Review of corpus callosum, commissures and septum pellucidum; no paraphysis.",anatomy;ontogeny,abstract
R474,2010,"Richardson MK, Admiraal J, Wright GM",Developmental anatomy of lampreys,X,X,X,agreement,no_paraphysis_link,"Lamprey developmental anatomy review; excerpt covers pineal/parapineal complex, no telencephalic paraphysis.",ontogeny;phylogeny,fulltext
R476,2011,"Herrera-Pérez P, Servili A, Rendón MC, Sánchez-Vázquez FJ, Falcón J, Muñoz-Cueto JA","The pineal complex of the European sea bass (Dicentrarchus labrax): I. histological, immunohistochemical and qPCR study.",X,X,X,agreement,no_paraphysis_link,"Sea bass pineal complex (pineal, parapineal, convoluted dorsal sac); descriptive teleost histology with no paraphysis comparison or homology argument.",anatomy;histology,abstract
R477,2011,"Morona R, López JM, González A",Localization of calbindin-d28k and calretinin in the brain of dermophis mexicanus (amphibia: gymnophiona) and its bearing on the interpretation of newly recognized neuroanatomical regions.,X,X,X,agreement,no_paraphysis_link,Calbindin/calretinin chemoarchitecture of caecilian brain; abstract silent on paraphysis or telencephalic roof (full text not checked).,anatomy;histology,abstract
R478,2011,Northcutt RG,The central nervous system of lungfishes,U,U,X,adjudicated,insufficient_info,Only a table-of-contents line seen for a general lungfish CNS chapter; title does not name the paraphysis/dorsal sac/coronarium and coverage is unverified. Excluded for lack of evidence (chapter text or index for paraphysis/dorsal sac/telencephalic roof would resolve).,anatomy;phylogeny,web_snippet
R479,2011,"Northcutt RG, González A",A reinterpretation of the cytoarchitectonics of the telencephalon of the comoran coelacanth.,X,X,X,agreement,no_paraphysis_link,"Coelacanth telencephalic cytoarchitecture; telencephalon impar reinterpreted as medial amygdala, a grey-matter question that does not locate or bear on the roof-derived paraphysis.",anatomy;phylogeny,abstract
R480,2011,"Northcutt RG, Westhoff G",Connections of the medial telencephalic wall in the spotted African Lungfish.,X,X,X,agreement,no_paraphysis_link,"Lungfish medial telencephalic wall connections / pallial extent debate; abstract concerns hemispheric wall and pallium, no paraphysis or dorsal sac.",anatomy;phylogeny,abstract
R481,2011,"Saarinen I, Karppinen A, Saarinen P, Hytönen M, Klockars T",Inheritance of nasal dermoid sinus cyst and evidence for association with third ventricle colloid cyst.,X,X,X,agreement,general_clinical,"Pedigree associating nasal dermoid sinus with third-ventricle colloid cyst; genetic/clinical, no paraphyseal origin argument in abstract.",pathology;molecular,abstract
R482,2012,"Domínguez L, Morona R, González A, Moreno N",Characterization of the hypothalamus of Xenopus laevis during development. I. The alar regions,X,X,X,agreement,no_paraphysis_link,"Xenopus alar hypothalamus development; telencephalon impar mentioned only as part of secondary prosencephalon definition, nothing on roof or paraphysis.",ontogeny,fulltext
R483,2012,"Folgueira M, Bayley P, Navratilova P, Becker TS, Wilson SW, Clarke JD",Morphogenesis underlying the development of the everted teleost telencephalon,X,X,X,agreement,no_paraphysis_link,"Zebrafish eversion morphogenesis; thin tela choroidea of teleost pallium, no paraphysis (absent in teleosts) or comparison with it.",ontogeny;anatomy,abstract
R484,2012,"Hofmeister W, Devine CA, Rothnagel JA, Key B",Frizzled-3a and slit2 genetically interact to modulate midline axon crossing in the telencephalon.,X,X,X,agreement,no_paraphysis_link,Zebrafish frizzled-3a/slit2 axon midline crossing and commissural plate; no roof or paraphysis content.,molecular;ontogeny,abstract
R485,2012,"Joven A, Morona R, González A, Moreno N","Expression patterns of Pax6 and Pax7 in the adult brain of a urodele amphibian, Pleurodeles waltl",A,A,A,agreement,paraphysis_data,"Adult Pleurodeles Pax6/Pax7 atlas whose discussion explicitly treats the paraphysis (telencephalic derivative vs roof of p3; AVT receptor, CSF uptake); Pax7 labelling of paraphysis inferred from discussion, not seen in the excerpt.",molecular;phylogeny;terminology_history,fulltext
R486,2012,"Konno D, Iwashita M, Satoh Y, Momiyama A, Abe T, Kiyonari H, Matsuzaki F",The mammalian DM domain transcription factor Dmrta2 is required for early embryonic development of the cerebral cortex.,X,X,X,agreement,no_paraphysis_link,"Mouse Dmrta2 mutants lose cortical hem and choroid plexus; generic hem/choroid plexus genetics, never relates to the paraphysis region.",molecular;ontogeny,abstract
R487,2012,"O'Rahilly R, Müller F",The longitudinal growth of the neuromeres and the resulting brain in the human embryo.,X,X,X,agreement,no_paraphysis_link,"Neuromere length growth in staged human embryos; telencephalon medium named as T1 but no roof, paraphysis or its staging.",ontogeny,abstract
R488,2012,"Robertshaw E, Kiecker C, Bush KT, Rossi F, Volk T",Phylogenetic Origins of Brain Organisers,X,X,X,agreement,no_paraphysis_link,"Review of phylogenetic origins of brain organisers (Bmp/Wnt, choroid plexus induction); no link to paraphysis.",molecular;phylogeny,fulltext
R489,2012,"Salaud C, Hamel O, Buffenoir-Billet K, Nguyen JP",[Familial colloid cyst of the third ventricle: case report and review of the literature].,X,X,X,agreement,general_clinical,Familial third-ventricle colloid cyst case report and review of familial cases; no histogenesis or paraphyseal argument.,pathology,abstract
R490,2012,"Saulnier A, Keruzore M, De Clercq S, Bar I, Moers V, Magnani D, Walcher T, Filippis C, Kricha S, Parlier D, Viviani L, Matson CK, Nakagawa Y, Theil T, Götz M, Mallamaci A, Marine JC, Zarkower D, Bellefroid EJ",The doublesex homolog Dmrt5 is required for the development of the caudomedial cerebral cortex in mammals.,X,X,X,agreement,no_paraphysis_link,"Mouse Dmrt5 loss: hem/choroid plexus and hippocampal agenesis; generic dorsomedial patterning centre paper, no paraphysis.",molecular;ontogeny,abstract
R491,2012,"Turillazzi E, Bello S, Neri M, Riezzo I, Fineschi V","Colloid cyst of the third ventricle, hypothalamus, and heart: a dangerous link for sudden death.",X,X,X,agreement,general_clinical,"Forensic sudden-death colloid cyst case; mentions endodermal malformation only in passing, no histogenesis data or paraphyseal discussion.",pathology,abstract
R492,2013,"Bandín S, Morona R, Moreno N, González A",Regional expression of Pax7 in the brain of Xenopus laevis during embryonic and larval development,A,A,A,agreement,paraphysis_data,Xenopus Pax7 development: full text reports weak Pax7 in membranous structures containing the paraphysis and discusses it as the only telencephalic structure that might express Pax7 (telencephalic vs velum-transversum boundary).,molecular;ontogeny;phylogeny;terminology_history,fulltext
R493,2013,"Bender B, Honegger JB, Beschorner R, Ernemann U, Horger M",MR imaging findings in colloid cysts of the sellar region: comparison with colloid cysts of the third ventricle and Rathke's cleft cysts.,X,X,X,agreement,general_clinical,"MRI comparison of sellar colloid cysts, third-ventricle colloid cysts and Rathke cysts; imaging only, no histogenesis argument.",pathology,abstract
R494,2013,"Benoiton LA, Correia J, Kamat AS, Wickremesekera A",Familial colloid cyst.,X,X,X,agreement,general_clinical,Familial colloid cyst (mother-daughter) with review of inheritance/screening; no paraphyseal origin discussion in abstract.,pathology,abstract
R495,2013,"Choi JE, Seol HJ, Cho YS",Giant petroclival endodermal cyst with xanthogranulomatous changes.,X,X,X,agreement,general_clinical,"Giant petroclival endodermal cyst; colloid cyst cited only as a comparison entity, no bearing on paraphysis.",pathology;histology,abstract
R496,2013,"Hagenlocher C, Walentek P, M Ller C, Thumberger T, Feistel K",Ciliogenesis and cerebrospinal fluid flow in the developing Xenopus brain are regulated by foxj1.,X,X,X,agreement,no_paraphysis_link,"Xenopus foxj1, ciliogenesis and CSF flow (ZLI, SCO, choroid plexus); no paraphysis.",histology;ontogeny,abstract
R497,2013,"Joven A, Morona R, González A, Moreno N","Spatiotemporal patterns of Pax3, Pax6, and Pax7 expression in the developing brain of a urodele amphibian, Pleurodeles waltl.",A,A,A,agreement,paraphysis_data,"Pleurodeles Pax3/6/7 development: Pax7+ cells in paraphysis and explicit conclusion that the paraphysis is a roof-plate derivative at the p3/telencephalon limit, contrasting with the prosomeric model.",histology;molecular;ontogeny;phylogeny;terminology_history,fulltext
R499,2013,"Kurwale N, Kumar R, Sharma MC, Sharma BS",Suprasellar dermoid cyst associated with colloid cyst of the third ventricle: Disordered embryogenesis or a mere coincidence?,A,A,A,agreement,clinical_origin,"Colloid cyst case whose discussion explicitly reviews neuroepithelial (paraphysis) vs endodermal origin, Nagaraju's paraphysis-remnant claim and the vacuolated-paraphysis model.",pathology;ontogeny;terminology_history,fulltext
R501,2013,"Shiraishi N, Nakashima T, Yamada S, Uwabe C, Kose K, Takakuwa T",Morphogenesis of Lateral Choroid Plexus During Human Embryonic Period,A,A,A,agreement,paraphysis_data,Human embryo (Carnegie stage) study of lateral choroid plexus reporting original observation of paraphysis at roof of dorsal ventricle after CS19 and its relation to the CP primordium.,ontogeny;anatomy;terminology_history,fulltext
R502,2013,"Stephen LA, Davis GM, McTeir KE, James J, McTeir L, Kierans M, Bain A, Davey MG",Failure of centrosome migration causes a loss of motile cilia in talpid(3) mutants.,X,X,X,agreement,no_paraphysis_link,Chick talpid3 centrosome migration and FOXJ1 ciliogenesis; choroid plexus primordia mentioned only generically.,histology;molecular,abstract
R503,2014,"Azab WA, Salaheddin W, Alsheikh TM, Nasim K, Nasr MM",Colloid cysts posterior and anterior to the foramen of Monro: Anatomical features and implications for endoscopic excision.,X,X,X,agreement,general_clinical,Surgical anatomy of colloid cysts relative to foramen of Monro and fornices; no histogenesis or paraphysis content.,anatomy;pathology,abstract
R504,2014,"Bandín S, Morona R, López JM, Moreno N, González A",Immunohistochemical analysis of Pax6 and Pax7 expression in the CNS of adult Xenopus laevis,X,U,X,adjudicated,no_paraphysis_link,"Full abstract checked: adult Xenopus Pax6/Pax7 map, only Pax6 in telencephalon (olfactory bulbs, septum, striatum, amygdala); no mention of paraphysis, telencephalic roof or midline; generic marker map with no link to the paraphysis region.",histology,abstract
R505,2014,"Bill BR, Korzh V",Choroid plexus in developmental and evolutionary perspective,X,X,X,agreement,no_paraphysis_link,General choroid plexus development/evolution review; paraphysis not mentioned in PMC text per finder check.,molecular;phylogeny,fulltext
R506,2014,"Birba A, Ramallo MR, Morandini L, Villafañe V, Tubert C, Guimarães Moreira R, Pandolfi M",The pineal complex in the cichlid Cichlasoma dimerus: effect of different photoperiods on its cell morphology.,X,X,X,agreement,no_paraphysis_link,"Cichlid pineal complex with dorsal sac under photoperiod; teleost pineal histology, no paraphysis comparison.",anatomy;histology,abstract
R507,2014,"Dirian L, Galant S, Coolen M, Chen W, Bedu S, Houart C, Bally-Cuif L, Foucher I",Spatial regionalization and heterochrony in the formation of adult pallial neural stem cells.,X,X,X,agreement,no_paraphysis_link,Zebrafish lineage tracing of posterior telencephalic roof progenitors for adult pallial stem cells; no paraphysis.,molecular;ontogeny,abstract
R508,2014,"Henson HE, Parupalli C, Ju B, Taylor MR",Functional and genetic analysis of choroid plexus development in zebrafish.,X,X,X,agreement,no_paraphysis_link,"Zebrafish choroid plexus enhancer trap line and function; generic choroid plexus, no paraphysis.",molecular;ontogeny,abstract
R509,2014,"Jacob MK, Anand SK, George P",Colloid cyst of the third ventricle presenting with features of Terson's syndrome.,X,X,X,agreement,general_clinical,"Ophthalmic Terson syndrome case; only a one-line mention that colloid cysts may derive from persistent embryonic paraphysis, no analysis.",pathology,fulltext
R510,2014,"Kurokawa D, Ohmura T, Sakurai Y, Inoue K, Suda Y, Aizawa S",Otx2 expression in anterior neuroectoderm and forebrain/midbrain is directed by more than six enhancers.,X,X,X,agreement,no_paraphysis_link,"Mouse Otx2 enhancers (choroid plexus, hem, choroidal roof expression); no paraphysis.",molecular;ontogeny,abstract
R511,2014,"Moreno N, Joven A, Morona R, Bandín S, López JM, González A",Conserved localization of Pax6 and Pax7 transcripts in the brain of representatives of sarcopterygian vertebrates during development supports homologous brain regionalization,A,A,A,agreement,paraphysis_data,"Pax6/Pax7 in six sarcopterygians incl. lungfish: full text reports conspicuous Pax7 labelling in the paraphysis as the only rostral prosencephalic Pax7 signal, next to telencephalic choroid plexus.",molecular;ontogeny;phylogeny,fulltext
R512,2014,"Ronne-Engström E, Popek E",Symptomatic colloid cysts in the third ventricle of monozygotic twins.,X,X,X,agreement,general_clinical,Symptomatic colloid cysts in monozygotic twins with review of familial cases; no histogenesis or paraphyseal discussion.,pathology,abstract
R513,2014,"Suárez R, Gobius I, Richards LJ",Evolution and development of interhemispheric connections in the vertebrate forebrain.,X,X,X,agreement,no_paraphysis_link,Review of evolution/development of forebrain commissures and commissural plate; abstract does not locate or discuss the paraphysis.,anatomy;ontogeny;phylogeny,abstract
R514,2015,"Guerra MM, González C, Caprile T, Jara M, Vío K, Muñoz RI, Rodríguez S, Rodríguez EM",Understanding How the Subcommissural Organ and Other Periventricular Secretory Structures Contribute via the Cerebrospinal Fluid to Neurogenesis.,X,X,X,agreement,no_paraphysis_link,SCO/choroid plexus/tanycyte CSF signalling and neurogenesis review; abstract has no explicit comparison with the paraphysis.,physiology;molecular,abstract
R515,2015,"Gupta S, Sen J",Retinoic acid signaling regulates development of the dorsal forebrain midline and the choroid plexus in the chick,X,X,X,agreement,no_paraphysis_link,"Chick RA signalling in dorsal forebrain roof plate invagination and choroid plexus; generic roof-plate patterning, no paraphysis.",molecular;ontogeny,abstract
R516,2015,"Montiel JF, Aboitiz F",Pallial patterning and the origin of the isocortex.,X,X,X,agreement,no_paraphysis_link,"Pallial patterning and isocortex origin review (cortical hem, anterior signalling centre); no paraphysis.",molecular;phylogeny,abstract
R517,2015,"Niknejad HR, Samii A, Shen SH, Samii M",Huge familial colloid cyst of the third ventricle: An extraordinary presentation.,A,A,A,agreement,clinical_origin,"Familial giant colloid cyst whose discussion gives an explicit historiography of origin: Sjovall paraphysis, Fulton and Bailey against paraphyseal origin, Kappers, Coxe and Luse, Shuangshoti, endodermal theory.",pathology;terminology_history;ontogeny,fulltext
R518,2015,"Yadav YR, Yadav N, Parihar V, Kher Y, Ratre S",Management of colloid cyst of third ventricle.,X,X,X,agreement,general_clinical,"Neurosurgical management review; origin only stated as neuroepithelium vs endoderm, paraphysis not named.",pathology,abstract
R519,2016,"Caronia-Brown G, Anderegg A, Awatramani R",Expression and functional analysis of the Wnt/beta-catenin induced mir-135a-2 locus in embryonic forebrain development.,X,X,X,agreement,no_paraphysis_link,"Mouse miR-135a/Rmst in Wnt-driven hem and choroid plexus; generic, no paraphysis.",molecular;ontogeny,abstract
R520,2016,"Ibañez Rodriguez MP, Noctor SC, Muñoz EM",Cellular Basis of Pineal Gland Development: Emerging Role of Microglia as Phenotype Regulator.,X,X,X,agreement,no_paraphysis_link,"Rat pineal ontogeny (Pax6+ precursors, microglia); pineal only, no comparison with paraphysis.",histology;ontogeny,abstract
R521,2016,"Koshida R, Oishi H, Hamada M, Takei Y, Takahashi S",MafB is required for development of the hindbrain choroid plexus.,X,X,X,agreement,no_paraphysis_link,"MafB and hindbrain choroid plexus in mouse; fourth ventricle, unrelated to telencephalic roof.",molecular;ontogeny,abstract
R522,2016,"Lavrador JP, Brogna C, Vergani F, Hasegawa H, Aizpurua M, Bhangoo R",Third-ventricle enterogenous cyst presentation mimicking a colloid cyst: uncommon presentation of a rare disease and literature review.,X,X,X,agreement,general_clinical,"Third-ventricle enterogenous cyst mimicking colloid cyst; case report with diagnostic differential, no test of paraphyseal origin.",pathology;histology,abstract
R523,2016,"Rincón Camacho L, Morandini L, Birba A, Cavallino L, Alonso F, LoNostro FL, Pandolfi M",The pineal complex: a morphological and immunohistochemical comparison between a tropical (Paracheirodon axelrodi) and a subtropical (Aphyocharax anisitsi) characid species.,X,X,X,agreement,no_paraphysis_link,"Characid teleost pineal complex (pineal, parapineal, dorsal sac) comparison; no paraphysis data or comparison.",anatomy;histology,fulltext
R524,2016,"Ten Donkelaar HJ, Broman J, Neumann PE, Puelles L, Riva A, Tubbs RS, Kachlik D",Towards a Terminologia Neuroanatomica,B,B,B,agreement,context_anatomy,"Terminologia Neuroanatomica review: defines telencephalon medium (T) as the part rostral to D1 in the prosomeric scheme; needed to locate the paraphysis territory in current terminology (terminology question), though paraphysis itself is not named in the excerpt.",anatomy;terminology_history,fulltext
R525,2016,"Watanabe M, Fung ES, Chan FB, Wong JS, Coutts M, Monuki ES",BMP4 acts as a dorsal telencephalic morphogen in a mouse embryonic stem cell culture system.,X,X,X,agreement,no_paraphysis_link,"In vitro mESC model of BMP4 specification of cortical hem vs choroid plexus fate; never relates to the paraphysis region, not necessary to interpret it.",molecular;ontogeny,abstract
R526,2017,Emerling CA,"Archelosaurian Color Vision, Parietal Eye Loss, and the Crocodylian Nocturnal Bottleneck.",X,X,X,agreement,no_paraphysis_link,"Opsin gene loss and parietal eye loss in archelosaurs; pineal-complex photoreception, no paraphysis content.",molecular;phylogeny,abstract
R527,2017,Federative International Programme for Anatomical Terminology (FIPAT),Terminologia Neuroanatomica,U,U,X,adjudicated,insufficient_info,Metadata-only official neuroanatomical nomenclature; finder confirmed unit pages for tela choroidea and suprapineal recess but no paraphysis entry; nothing verifiable to support inclusion (direct TNA term search for paraphysis would resolve).,terminology,metadata_only
R528,2017,"Gaillard F, Kang O, Knipe H",Paraphysis elements,A,A,A,agreement,paraphysis_principal,Radiopaedia entry titled 'Paraphysis elements': describes the embryonic paraphysis as a strand between telencephalon and diencephalon and as the believed precursor of third-ventricle colloid cysts (non-peer-reviewed secondary source).,ontogeny;pathology;terminology_history,web_snippet
R529,2017,"García-Lecea M, Gasanov E, Jedrychowska J, Kondrychyn I, Teh C, You MS, Korzh V",Development of Circumventricular Organs in the Mirror of Zebrafish Enhancer-Trap Transgenics,X,X,X,agreement,no_paraphysis_link,"Zebrafish enhancer-trap lines for pineal, parapineal, SCO and choroid plexus CVOs; paraphysis not mentioned.",anatomy;molecular;ontogeny,abstract
R530,2017,International Committee on Veterinary Embryological Nomenclature,"Nomina Embryologica Veterinaria (2nd ed., revised 2017)",U,U,X,adjudicated,insufficient_info,"Metadata-only veterinary embryological nomenclature PDF; no excerpt, paraphysis entry unverified and title non-specific. Excluded (text search of the NEV PDF for paraphysis/telencephalon impar would resolve).",ontogeny;terminology,metadata_only
R531,2017,Kaas JH (ed),Evolution of Nervous Systems,X,X,X,agreement,insufficient_info,"Generic multi-volume reference work (Evolution of Nervous Systems), metadata only; no chapter on the paraphysis or forebrain roof located, edition unclear.",phylogeny,metadata_only
R532,2017,Kiecker C,The origins of the circumventricular organs.,X,X,X,agreement,no_paraphysis_link,"Review of development of seven CVOs (AP, ME, NH, OVLT, pineal, SCO, SFO); paraphysis not among them and no comparison with it.",molecular;ontogeny;phylogeny,fulltext
R533,2017,Korzh V,Development of brain ventricular system.,X,X,X,agreement,no_paraphysis_link,General review of brain ventricular system development and choroid plexus; no paraphysis link.,anatomy;ontogeny,abstract
R534,2017,"Manzano AS, Herrel A, Fabre A, Abdala V",Variation in brain anatomy in frogs and its possible bearing on their locomotor ecology,A,A,A,agreement,paraphysis_data,"Frog brain anatomy paper describing the paraphysis cerebri (glandular organ at the third ventricle) and comparing its size/shape across anuran species (larger in climber-walkers, cord-like in hopper-walker): original comparative gross-anatomy data.",anatomy;phylogeny,fulltext
R535,2017,"Mukherjee B, Malur PR, Pilli GS, Bannur HB",COLLOID CYST OF THE THIRD VENTRICLE: A Case Report.,X,X,X,agreement,general_clinical,"Colloid cyst case report; only a single passing sentence that origin is postulated from paraphysis, ependyma or choroid plexus (web summary, unverified); no documentation or evaluation of paraphyseal origin.",pathology,web_snippet
R536,2017,"Shahjouei S, Habibi Z, Naderi S, Mahmoodi R, Nejat F",Congenital obstruction of foramen of Monro: report of 10 patients and literature review.,X,X,X,agreement,general_clinical,Clinical series of congenital foramen of Monro occlusion with a tentative embryological pathogenesis; no paraphysis or colloid-cyst histogenesis data.,pathology;ontogeny,abstract
R537,2017,"Sugahara F, Murakami Y, Pascual-Anaya J, Kuratani S",Reconstructing the ancestral vertebrate brain,X,X,X,agreement,no_paraphysis_link,"Review of ancestral vertebrate brain; excerpt concerns lamprey epiphysis/pineal homology, not the paraphysis.",phylogeny,fulltext
R538,2017,World Association of Veterinary Anatomists (WAVA),Nomina Anatomica Veterinaria,X,X,X,agreement,insufficient_info,"Nomina Anatomica Veterinaria (domestic mammals), metadata only; no paraphysis entry confirmed and adult domestic mammals lack a paraphysis.",terminology_history,metadata_only
R540,2018,"Cuoco JA, Rogers CM, Busch CM, Benko MJ, Apfel LS, Elias Z",Postexercise Death Due to Hemorrhagic Colloid Cyst of Third Ventricle: Case Report and Literature Review.,X,X,X,agreement,general_clinical,"Fatal haemorrhagic colloid cyst case report; asserts neuroepithelial origin only, no paraphysis data.",pathology,abstract
R541,2018,"Eymann R, Kiefer M","[Rathke cysts, craniopharyngioma, and colloid cysts : What are the differences between these pathologies?].",X,X,X,agreement,general_clinical,"Radiological review of Rathke cyst, craniopharyngioma and colloid cyst; only a generic ecto/endodermal boundary argument, no paraphysis or colloid-cyst histogenesis specific enough to weigh the paraphyseal hypothesis.",pathology;ontogeny,abstract
R543,2018,"Hoops D, Desfilis E, Ullmann JFP, Janke AL, Stait-Gardner T, Devenyi GA, Price WS, Medina L, Whiting MJ, Keogh JS",A 3D MRI-based atlas of a lizard brain,X,X,X,agreement,no_paraphysis_link,"3D MRI atlas of a lizard brain; full abstract does not mention paraphysis, telencephalon impar or roof structures.",anatomy;phylogeny,abstract
R544,2018,"Jay SM, MacFarlane MR",Case Report: Paired/Dual Colloid Cysts in the Third Ventricle - A Discussion of Embryological Origin,U,U,B,adjudicated,context_clinical_histogenesis,"Case of paired third-ventricle colloid cysts whose stated purpose is a discussion of embryological origin ('re-ignites the debate' on origin); this is the histogenesis debate (endodermal/neuroepithelial/paraphyseal) needed to weigh the paraphyseal hypothesis for the clinical correlate. Whether paraphysis is explicitly argued is unverified (web snippet only), so B rather than A.",clinical;ontogeny,web_snippet
R545,2018,"Lametschwandtner A, Minnich B","Microvascular anatomy of the brain of the adult pipid frog, Xenopus laevis (Daudin): A scanning electron microscopic study of vascular corrosion casts",A,A,A,agreement,paraphysis_data,Xenopus vascular-corrosion-cast study reporting that the choroidal artery supplies the paraphysis and third-ventricle choroid plexus (with venous drainage): original data on paraphysis vascularisation.,anatomy;physiology,fulltext
R546,2018,"Lecumberri B, Pozo-Kreilinger JJ, Esteban I, Gomes M, Royo A, Gómez de la Riva Á, Pérez de Nanclares G",Head and neck manifestations of an undiagnosed McCune-Albright syndrome: clinicopathological description and literature review.,X,X,X,agreement,general_clinical,McCune-Albright syndrome case with incidental colloid cyst material; no paraphysis or histogenesis discussion.,pathology;molecular,abstract
R548,2018,"O'Neill AH, Gragnaniello C, Lai LT",Natural history of incidental colloid cysts of the third ventricle: A systematic review.,X,X,X,agreement,general_clinical,Systematic review of natural history/progression of incidental colloid cysts; clinical correlate only.,pathology,abstract
R549,2018,"Robles LA, Paez JM, Ayala D, Boleaga-Duran B",Intracranial glioependymal (neuroglial) cysts: a systematic review.,X,X,X,agreement,general_clinical,"Systematic review of glioependymal cysts (neuroectodermal origin, terminology confusion); no paraphysis link.",pathology;terminology_history,abstract
R550,2018,"Smith KT, Bhullar BS, Köhler G, Habersetzer J",The Only Known Jawed Vertebrate with Four Eyes and the Bauplan of the Pineal Complex,X,X,X,agreement,no_paraphysis_link,Fossil lizard with pineal and parapineal eyes and pineal-complex bauplan; paraphysis not part of the abstract.,anatomy;phylogeny,abstract
R551,2018,"Suárez R, Paolino A, Fenlon LR, Morcom LR, Kozulin P, Kurniawan ND, Richards LJ",A pan-mammalian map of interhemispheric brain connections predates the evolution of the corpus callosum.,X,X,X,agreement,no_paraphysis_link,Interhemispheric connectivity in monotremes/marsupials via anterior commissure; no paraphysis content.,anatomy;phylogeny,abstract
R552,2018,"ten Donkelaar HJ, Kachlik D, Tubbs RS",An Illustrated Terminologia Neuroanatomica: A Concise Encyclopedia of Human Neuroanatomy,X,X,X,agreement,insufficient_info,"Illustrated companion book to the TNA focused on human neuroanatomy, metadata only; no evidence of a paraphysis entry.",terminology_history,metadata_only
R553,2019,"Bhatt AS, Mhatre R, Nadeesh BN, Mahadevan A, Yasha TC, Santosh V",Nonneoplastic Cystic Lesions of the Central Nervous System-Histomorphological Spectrum: A Study of 538 Cases.,X,X,X,agreement,general_clinical,"NIMHANS histological series of 538 non-neoplastic CNS cysts (126 colloid cysts); descriptive frequencies only, no histogenesis or paraphysis data.",histology;pathology,abstract
R554,2019,"Chizhikov VV, Iskusnykh IY, Steshina EY, Fattakhov N, Lindgren AG, Shetty AS, Roy A, Tole S, Millen KJ",Early dorsomedial tissue interactions regulate gyrification of distal neocortex.,X,X,X,agreement,no_paraphysis_link,Mouse Lmx1a/Lmx1b study of dorsal-midline Bmp/Wnt output and neocortical gyrification; does not relate to the paraphysis region.,molecular;ontogeny,abstract
R555,2019,"Korzh V, Kondrychyn I",Origin and development of circumventricular organs in living vertebrate,X,X,X,agreement,no_paraphysis_link,"Zebrafish enhancer-trap review of CVO origin (roof plate, low Wnt); abstract does not name paraphysis or dorsal sac.",molecular;ontogeny;phylogeny,abstract
R556,2019,"López JM, Morona R, Moreno N, Lozano D, Jiménez S, González A","Pax6 expression highlights regional organization in the adult brain of lungfishes, the closest living relatives of land vertebrates",X,X,X,agreement,no_paraphysis_link,"Pax6 distribution map in adult lungfish pallium/subpallium etc.; full abstract mentions no paraphysis, dorsal sac or roof structures.",anatomy;molecular;phylogeny,abstract
R557,2019,"Meyer G, González-Arnay E, Moll U, Nemajerova A, Tissir F, González-Gómez M",Cajal-Retzius neurons are required for the development of the human hippocampal fissure.,X,X,X,agreement,no_paraphysis_link,"Human fetal hippocampal fissure and Cajal-Retzius cells; caudal hem and choroid plexus context only, no paraphysis link.",anatomy;ontogeny,abstract
R558,2019,"Moradi B, Rahmani M, Kia K, Kazemi MA, Tahmasebpour AR",Cavum velum interpositum cysts in normal and anomalous fetuses in second trimester of pregnancy: Comparison of its size and prevalence.,X,X,X,agreement,no_paraphysis_link,Prevalence of cavum veli interpositi cysts in fetal ultrasound; no bearing on paraphysis.,anatomy;pathology,abstract
R559,2019,Raybaud C,Corpus Callosum: Molecular Pathways in Mice and Human Dysgeneses.,X,X,X,agreement,no_paraphysis_link,"Molecular pathways of corpus callosum formation; lamina reuniens only incidental, no paraphysis relevance.",molecular;ontogeny;pathology,abstract
R560,2019,"Ringler E, Coates M, Cobo-Cuan A, Harris NG, Narins PM",MEMRI for visualizing brain activity after auditory stimulation in frogs.,A,A,A,agreement,paraphysis_data,"Manganese-enhanced MRI in frogs reporting the greatest signal change in torus semicircularis, habenula and the paraphysis after conspecific calls: original experimental functional data on the paraphysis (not the study focus).",physiology,abstract
R561,2019,"Ten Donkelaar HJ, Puelles L",Editorial: Recent Developments in Neuroanatomical Terminology,X,X,X,agreement,no_paraphysis_link,"Editorial on TNA and prosomeric terminology; metadata only, no paraphysis content known.",terminology_history,metadata_only
R562,2019,"Uno T, Hayashi Y, Sasagawa Y, Miyamori T, Oishi M, Nakada M",Suprasellar Colloid Cyst over 11-Year Follow-up: Case Report and Literature Review.,X,X,X,agreement,general_clinical,"Suprasellar colloid cyst case; only a generic statement of endodermal derivation and unclear development, no paraphysis discussion.",pathology;ontogeny,abstract
R563,2019,"Waschke J, et al.",Sobotta Lehrbuch Anatomie,X,X,X,agreement,insufficient_info,"General anatomy textbook (Sobotta), metadata only; cited only for a 'Telencephalon impar' dictionary entry, no known paraphysis statement.",anatomy;terminology_history,metadata_only
R564,2019,"Yang C, Li L, Kou Z, Zhang H, Wang L, Zhao Y, Zhu N",Telencephalon Cytoarchitecture of tsinling dwarf skinks (Scincella tsinlingensis).,X,X,X,agreement,no_paraphysis_link,Skink telencephalon cytoarchitecture; abstract only lists 'telencephalon medium or impar' as a component and describes cortex and olfactory bulb; no paraphysis data.,anatomy;histology;phylogeny,abstract
R565,2020,"Calderón C, Fernandez-de Thomas RJ, De Jesus O",Familial Colloid Cysts of the Third Ventricle: Case Report and Literature Review.,X,X,X,agreement,general_clinical,"Familial colloid cysts case report and tabulation; genetic hypothesis only, no paraphysis.",pathology,abstract
R566,2020,"Casoni F, Croci L, Vincenti F, Podini P, Riba M, Massimino L, Cremona O, Consalez GG",ZFP423 regulates early patterning and multiciliogenesis in the hindbrain choroid plexus.,X,X,X,agreement,no_paraphysis_link,Hindbrain choroid plexus specification by Zfp423; no relation to the telencephalic roof or paraphysis.,histology;molecular;ontogeny,abstract
R567,2020,"Cosgrove ME, Saadon J, Chesler DA",Colloid cyst curtailed: A case report of spontaneous colloid cyst regression.,X,X,X,agreement,general_clinical,Spontaneous colloid cyst regression case; introduction merely states cysts are 'thought to be derived from the paraphysis' without evidence or evaluation.,pathology,fulltext
R568,2020,"Khanpara SD, Day AL, Bhattacharjee MB, Riascos RF, Fernelius JP, Westmark KD",The Variable Appearance of Third Ventricular Colloid Cysts: Correlation with Histopathology and the Risk of Obstructive Ventriculomegaly.,X,X,X,agreement,general_clinical,Imaging-histopathology series of colloid cysts for obstruction risk; no embryological or paraphysis content.,pathology,abstract
R569,2020,"Lannon M, Mackenzie J, Reddy K",Genetics of Colloid Cyst in Monozygotic Twins: Case Report and Review of Literature.,X,X,X,agreement,general_clinical,"Colloid cysts in monozygotic twins, genetic etiology discussion; no paraphysis.",pathology;molecular,abstract
R570,2020,"Musa G, Simfukwe K, Gots A, Chmutin G, Chmutin E, Chaurasia B",Clinical and radiological characteristics in fatal third ventricle colloid cyst. Literature review.,X,X,X,agreement,general_clinical,Review of fatal colloid cyst cases; clinical correlates only.,pathology,abstract
R573,2021,"Alvarez Cuevas G, Sciarra M, De Battista JC, Coca H, Campos G, Toscano M",[Microscopic excision of a colloyd cyst of the third ventricle assisted by endoscopy. Case report and literature analysis.].,X,X,X,agreement,general_clinical,"Spanish case report of endoscopy-assisted colloid cyst excision; only 'probably derived from the endoderm', no paraphysis mention in full abstract.",pathology,abstract
R574,2021,"Birnbaum R, Barzilay R, Brusilov M, Wolman I, Malinger G",Normal cavum veli interpositi at 14-17 gestational weeks: three-dimensional and Doppler transvaginal neurosonographic study.,X,X,X,agreement,no_paraphysis_link,Ultrasound study of normal cavum veli interpositi at 14-17 weeks (tela choroidea fluid space); does not locate or bear on the paraphysis.,anatomy;ontogeny,abstract
R575,2021,"Bk P, Shrivastava A, Goel G, Panwar H, Kapoor N","A Rare, yet Classic Case of Colloid Cyst of Third Ventricle.",X,X,X,agreement,general_clinical,"Colloid cyst case report restating endodermal vs tela-choroidea neuroepithelial origin; paraphysis not mentioned in full text, no histogenesis data.",pathology,fulltext
R576,2021,"D'Gama PP, Qiu T, Cosacak MI, Rayamajhi D, Konac A, Hansen JN, Ringers C, Acuña-Hinrichsen F, Hui SP, Olstad EW, Chong YL, Lim CKA, Gupta A, Ng CP, Nilges BS, Kashikar ND, Wachten D, Liebl D, Kikuchi K, Kizil C, Yaksi E, Roy S, Jurisch-Yaksi N",Diversity and function of motile ciliated cell types within ependymal lineages of the zebrafish brain.,X,X,X,agreement,no_paraphysis_link,"Zebrafish ependymal ciliated cell types and CSF flow; tela choroidea/choroid plexus generic, no paraphysis/dorsal sac link.",,abstract
R577,2021,"Jiménez S, Moreno N",Analysis of the Expression Pattern of Cajal-Retzius Cell Markers in the Xenopus laevis Forebrain.,X,X,X,agreement,no_paraphysis_link,"Xenopus Cajal-Retzius/cortical hem markers; hem and septum domains, never relates to the paraphysis/midline roof.",,abstract
R578,2021,"Laitman JT, Miller SC","Blind snakes slink, wriggle, and bump through the pages of The Anatomical Record in a novel Special Issue",X,X,X,agreement,no_paraphysis_link,Journal editorial that only cites the title of Kunkel 1915 (paraphysis and pineal region of garter snakes); no data or account of the paraphysis itself.,,fulltext
R579,2021,"Lazcano I, Cisneros-Mejorado A, Concha L, Ortiz-Retana JJ, Garza-Villarreal EA, Orozco A",MRI- and histologically derived neuroanatomical atlas of the Ambystoma mexicanum (axolotl),X,X,X,agreement,no_paraphysis_link,Axolotl MRI/histology atlas; paraphysis not labelled or mentioned per full-text check.,,fulltext
R580,2021,"Moore SA, Iulianella A","Development of the mammalian cortical hem and its derivatives: the choroid plexus, Cajal-Retzius cells and hippocampus.",X,X,X,agreement,no_paraphysis_link,"Mammalian cortical hem/choroid plexus/CR cell review; generic hem patterning, no link to paraphysis territory.",,abstract
R581,2021,Prusik M,Developmental morphology of the turkey pineal gland in histological images and 3D models.,X,X,X,agreement,no_paraphysis_link,"Turkey pineal development; pineal evagination only, no paraphysis (absent in birds).",,abstract
R582,2021,Sarnat HB,Transitory and Vestigial Structures of the Developing Human Nervous System.,X,X,X,agreement,no_paraphysis_link,"Review of transitory/vestigial human brain structures; full abstract lists lamina terminalis remnants, suprapineal recess etc. but never names the paraphysis.",,abstract
R583,2022,"Altmann R, Scharnreitner I, Auer C, Hirtler L, Springer C, Falschlehner S, Arzt W","Visualization of the Third Ventricle, the Future Cavum Septi Pellucidi, and the Cavum Veli Interpositi at 11+3 to 13+6 Gestational Weeks on 3D Transvaginal Ultrasound Including Normative Data.",X,X,X,agreement,no_paraphysis_link,"First-trimester 3D ultrasound normative data on third ventricle, commissural plate and cavum veli interpositi; imaging, does not locate or analyse the paraphysis.",,abstract
R584,2022,"Giantini-Larsen AM, Garton ALA, Villamater FN, Kuzan-Fischer CM, Savage NJ, Cunniff CM, Ross ME, Christos PJ, Stieg PE, Souweidane MM",Familial colloid cysts: not a chance occurrence.,X,X,X,agreement,general_clinical,Familial colloid cyst registry/systematic review (genetic predisposition); no histogenesis or paraphyseal data.,pathology,abstract
R585,2022,"Glover JC, Fritzsch B",Molecular mechanisms governing development of the hindbrain choroid plexus and auditory projection: A validation of the seminal observations of Wilhelm His.,X,X,X,agreement,no_paraphysis_link,"Hindbrain roof plate/choroid plexus (Lmx1a) and His; hindbrain only, not telencephalic roof.",,abstract
R586,2022,"Henningsen MB, Gulisano HA, Bjarkam CR",Congenital hydrocephalus in a trisomy 9p gained child: a case report.,X,X,X,agreement,general_clinical,"Trisomy 9p hydrocephalus case with choroid plexus hyperplasia; colloid cyst incidental, no origin data.",,abstract
R587,2022,"Jiménez S, Moreno N",Development of subdomains in the medial pallium ofand: Insights into the anamniote-amniote transition.,X,X,X,agreement,no_paraphysis_link,"Medial pallium subdomains (dentate/CA homologues) in anuran and turtle; pallial, not midline roof.",,abstract
R588,2022,"Kier EL, Conlogue GJ, VanHouten JN","Cerebral arterial and ventricular morphology of the dogfish (Squalus acanthias), American bullfrog (Rana catesbeiana), and green iguana (Iguana iguana): Arterial high‐resolution micro‐CT, dissection, and radiography study",A,A,A,agreement,paraphysis_data,"Micro-CT/dissection/radiographic ventricular casts of dogfish, bullfrog and iguana with the paraphysis (pa), dorsal sac and velum transversum labelled in figures; paraphysis not sole focus but comparative gross-anatomy data (borderline A/B).",anatomy;phylogeny,fulltext
R589,2022,"Kompaníková P, Bryja V",Regulation of choroid plexus development and its functions.,X,X,X,agreement,no_paraphysis_link,"General review of choroid plexus specification and function; hindbrain and telencephalic, no paraphysis relation.",,abstract
R590,2022,Korzh V,Development of the brain ventricular system from a comparative perspective,U,U,X,adjudicated,no_paraphysis_link,"Comparative review of ventricular system development; the excerpt covers zebrafish circumventricular organs and choroid plexus and never names paraphysis, dorsal sac or velum transversum. Generic CVO/choroid plexus content that cannot be shown to bear on the paraphysis; full-text search for 'paraphysis' would be needed to reverse.",anatomy;phylogeny,fulltext
R592,2022,"Otamendi-Lopez A, Marenco-Hillembrand LC, De Biase G, Snyman C, Quiñones-Hinojosa A",Disease characteristics and patterns of familial colloid cyst of the third ventricle: An international survey of the Colloid Cyst Survivors Group.,X,X,X,agreement,general_clinical,Survey of familial colloid cysts (genetic inheritance); no histogenesis or paraphyseal origin data.,pathology,abstract
R594,2022,"Parichha A, Suresh V, Chatterjee M, Kshirsagar A, Ben-Reuven L, Olender T, Taketo MM, Radosevic V, Bobic-Rasonja M, Trnski S, Holtzman MJ, Jovanov-Milosevic N, Reiner O, Tole S",Constitutive activation of canonical Wnt signaling disrupts choroid plexus epithelial fate.,X,X,X,agreement,no_paraphysis_link,"Wnt/beta-catenin control of choroid plexus epithelial fate (hem-derived); generic ChP molecular study, no paraphysis link.",,abstract
R595,2022,"Paulla Galdino Chaves J, Henrique Dallo Gallo B, Louise Gonçalves Souza E Silva N, Luvison Gomes da Silva L, Alberto Mattozo C",Intracranial ependymal cyst - A modern systematic review with a pathway to diagnosis.,X,X,X,agreement,general_clinical,"Systematic review of intracranial ependymal cysts with GFAP classification; parenchymal ependymal cysts, no colloid-cyst or paraphyseal origin discussion in abstract.",,abstract
R596,2022,"Poyuran R, Kalaparti VSVG, Thomas B, Kesavapisharady K, Narasimhaiah D",Nonneoplastic and noninfective cysts of the central nervous system: A histopathological study.,X,X,X,agreement,general_clinical,"Histopathological series of 507 CNS epithelial cysts (colloid most frequent); diagnosis by location/lining, no histogenesis or paraphysis data in full abstract.",,abstract
R598,2022,"Örği E, Oğuz AR","Anatomical and histological investigation of the pineal gland in the lake van fish (Alburnus tarichi (Güldenstädt, 1814)).",X,X,X,agreement,no_paraphysis_link,Teleost pineal anatomy/histology; dorsal sac mentioned only as seat of pineal vesicle.,,abstract
R599,2022,"Rivas-Manzano P, Torres-Ramírez N, Parra-Gámez L, Ortiz-Hernández R",Histological reinterpretation of paraphysis cerebri in Ambystoma mexicanum.,A,A,A,agreement,paraphysis_principal,"Histological reinterpretation of the paraphysis cerebri in axolotl larvae: AEP and PEP evaginations proposed homologous to paraphysis and dorsal sac; principal paraphysis paper (terminology, ontogeny, location in diencephalic roof).",anatomy;histology;ontogeny;phylogeny;terminology_history,abstract
R600,2022,"Turner KJ, Hawkins TA, Henriques PM, Valdivia LE, Bianco IH, Wilson SW, Folgueira M",A Structural Atlas of the Developing Zebrafish Telencephalon Based on Spatially-Restricted Transgene Expression,X,X,X,agreement,no_paraphysis_link,"Zebrafish telencephalon transgene atlas; tela choroidea expansion mentioned but no paraphysis, dorsal sac or velum transversum (full-text checked by finder).",,fulltext
R601,2023,"Aldabek D, Deckert M, Mawrin C, Warnke JP",Colloid cyst with hyphal-like structures: A rarity that mimics actinomycosis of athe third ventricle.,X,X,X,agreement,general_clinical,"Colloid cyst case with hyphal-like structures; standard histology only, no paraphyseal origin discussion.",,abstract
R602,2023,"Colakoglu F, Selcuk ML",Embryonic development of the chick pineal gland throughout the incubation periods.,X,X,X,agreement,no_paraphysis_link,Chick pineal embryonic histomorphometry; no paraphysis.,,abstract
R603,2023,"Kunpalin Y, Sichitiu J, Krishan P, Blaser S, Shannon P, Van Mieghem T, Shinar S",Midline suprapineal pseudocyst in brain of fetuses with open spina bifida.,X,X,X,agreement,no_paraphysis_link,"Fetal suprapineal pseudocyst in spina bifida: redundant tela choroidea/arachnoid posterior to the paraphyseal territory, no paraphysis relation.",,abstract
R604,2023,"Mansour MA, Khalil DF, Hamdi A, Bayoumi M, El-Salamoni MA, Elsoulia A, Lasheen AA, Kamel AE, Nawara M, Ayad AA",Intraventricular sizeable colloid cyst with atypical radiological features: A case report and evidence-based review.,A,A,A,agreement,clinical_origin,Colloid cyst case plus review explicitly stating origin from neuroectodermal paraphysis cerebri and its challenge by immunohistochemistry favouring endodermal origin; brief but explicit evaluation of paraphyseal hypothesis.,pathology;histology;terminology_history,fulltext
R605,2023,"Melicher D, Gaál S, Berényi T, Fenyves BG, Novák PK, Tóth A, Szegedi L, Varga C",Acute hydrocephalus caused by a colloid cyst - a case report.,X,X,X,agreement,general_clinical,Colloid cyst hydrocephalus case asserting endodermal origin; no paraphysis or histogenesis data.,,abstract
R606,2023,"Nadeem A, Espinosa J, Lucerna A",Colloid Cyst Presenting With Severe Headache and Bilateral Leg Weakness: Case Report and Review.,X,X,X,agreement,general_clinical,"Cureus colloid cyst case; origin paragraph alludes to diencephalic-roof pouch and lower-vertebrate remnant but never names the paraphysis; second-hand, imprecise.",pathology,fulltext
R607,2023,"Stanishevskiy A, Gavrilov G, Svistov D, Cherebillo V, Kurnukhina M",Symptomatic intraventricular choroid plexus cysts. Illustrative case and systematic review.,X,X,X,agreement,general_clinical,Systematic review of symptomatic choroid plexus cysts; no paraphysis or colloid-cyst origin analysis.,,abstract
R608,2024,"Folgueira M, Clarke JDW",Telencephalic eversion in embryos and early larvae of four teleost species,X,X,X,agreement,no_paraphysis_link,Teleost telencephalic eversion with tela choroidea covering dorsal telencephalon; does not locate or compare the paraphysis.,,fulltext
R609,2024,"González M, Maurelia F, Aguayo J, Amigo R, Arrué R, Gutiérrez JL, Torrejón M, Farkas C, Caprile T",Uncovering the role of the subcommissural organ in early brain development through transcriptomic analysis.,X,X,X,agreement,no_paraphysis_link,Chick SCO transcriptome as embryonic CSF source; no comparison with paraphysis in abstract.,,abstract
R610,2024,"Gurses ME, Lu VM, Gecici NN, Shah KH, Gökalp E, Bashti M, Haider S, Komotar RJ",Utilizing tubular retractors in colloid cyst resection: A single surgeon experience.,X,X,X,agreement,general_clinical,"Tubular retractor surgical series; origin sentence generic (third-ventricle neuroepithelial folding), no paraphysis or histogenesis data.",,abstract
R611,2024,"Hegarty BE, Gruenhagen GW, Johnson ZV, Baker CM, Streelman JT",Spatially resolved cell atlas of the teleost telencephalon and deep homology of the vertebrate forebrain,X,X,X,agreement,no_paraphysis_link,Teleost telencephalon spatial/single-cell atlas; no paraphysis/dorsal sac/velum coverage (full text checked by finder).,,fulltext
R612,2024,"Jeong I, Andreassen SN, Hoang L, Poulain M, Seo Y, Park HC, Fürthauer M, MacAulay N, Jurisch-Yaksi N",The evolutionarily conserved choroid plexus contributes to the homeostasis of brain ventricles in zebrafish.,X,X,X,agreement,no_paraphysis_link,Zebrafish choroid plexus conservation and CSF homeostasis; generic ChP.,,abstract
R614,2024,"Lozano D, López JM, Chinarro A, Morona R, Moreno N",A detailed 3D MRI brain atlas of the African lungfish Protopterus annectens,X,X,X,agreement,no_paraphysis_link,3D MRI atlas of Protopterus; full text never mentions paraphysis or dorsal sac.,,fulltext
R616,2024,"Rifes P, Kajtez J, Christiansen JR, Schörling A, Rathore GS, Wolf DA, Heuer A, Kirkeby A",Forced LMX1A expression induces dorsal neural fates and disrupts patterning of human embryonic stem cells into ventral midbrain dopaminergic neurons.,X,X,X,agreement,no_paraphysis_link,"LMX1A in hESC ventral midbrain differentiation; roof-plate fates in vitro, no telencephalic roof/paraphysis.",,abstract
R617,2024,"Smith E, Pierre K, Acevedo A, Egerman R, Rajderkar D, Abu-Rustum RS",First-trimester cavum veli interpositi: prevalence and natural history.,X,X,X,agreement,no_paraphysis_link,"First-trimester sonographic cavum veli interpositi prevalence; imaging, does not bear on the paraphysis.",,abstract
R618,2025,"Bender T, Schickel E, Schielke C, Debus J, Grosshans DR, Durante M, Schroeder IS",Aberrant choroid plexus formation drives the development of treatment-related brain toxicity.,X,X,X,agreement,no_paraphysis_link,Radiation effects on organoid choroid plexus/hem markers; no paraphysis.,,abstract
R619,2025,"Cevik OM, Eksi MS, Guduk M, Usseli MI, Erşen-Danyeli A, Dincer A, Ozduman K, Pamir MN",Microsurgical Anterior Transcallosal Resection of Colloid Cysts of the Third Ventricle.,A,A,A,agreement,clinical_origin,Anterior transcallosal colloid cyst series with CK/S100/PAX7 immunohistochemistry; authors state PAX-7 staining points to a paraphysis remnant (argues for paraphyseal origin).,pathology;histology;molecular,abstract
R620,2025,"Das S, Kumar M, Sharma V, Roy D, Tandon SK",Sudden deaths linked to undiagnosed intracranial colloid cysts of third ventricle on autopsy: Series of five cases.,X,X,X,agreement,general_clinical,Autopsy series of sudden death from colloid cysts; no origin analysis beyond 'congenital neuroepithelial'.,,abstract
R621,2025,"De Melo Junior JO, Landeiro JA",Interhemispheric transcallosal approach for hemorrhagic colloid cyst.,X,X,X,agreement,general_clinical,"Operative case of hemorrhagic colloid cyst; repeats endodermal origin, no paraphysis or histogenesis data.",,abstract
R622,2025,"Faltings LJ, Lin F, Zahran M, Jalili H, Siluveru A, Chaudry M, Wachsmuth LM, Guru N, Schoof M, Cao P, Huang Y, Mian N, Moon S, Zahran A, Green K, Modi S, Umer M, Virga JQ, Zhao YT, Schüller U, Li Q, Zhao H",SOX2 commands LIM homeobox transcription factors in choroid plexus development and tumorigenesis.,X,X,X,agreement,no_paraphysis_link,SOX2/LMX1A in hindbrain choroid plexus tumours and rhombic lip; no paraphysis.,,abstract
R623,2025,"Isaacs A, Dahiya S, McEvoy SD, Rich KM, Limbrick D",Developmental Origins of the Cerebral Ventricular System and Colloid Cysts,A,A,A,agreement,clinical_origin,Neurosurgical monograph chapter on developmental origins of the ventricular system and colloid cysts; snippets state origin from diencephalic recesses or paraphysis cerebri remnants and reconcile with endodermal trapping (chapter text not read).,ontogeny;anatomy;pathology,web_snippet
R624,2025,"Li J, Gao Y, Xu Y, Dai W, Hu Y, Feng X, Wu D, Zhao L",Morphological changes of the choroid plexus in the lateral ventricle across the lifespan: 5551 subjects from fetus to elderly.,X,X,X,agreement,no_paraphysis_link,MRI lifespan charts of lateral-ventricle choroid plexus; no third-ventricle roof or paraphysis data.,,abstract
R625,2025,"Lozano D, Chinarro A, Yanguas L, Morona R, Moreno N, López JM",Pax6 and Pax7 in the Central Nervous System of Cladistian Fishes: A Comprehensive Expression Analysis,X,X,X,agreement,no_paraphysis_link,Pax6/Pax7 genoarchitecture in cladistian fishes; full abstract reports no Pax7 in telencephalon and never names paraphysis.,,abstract
R626,2025,"Manning E, Chinnaiya K, Furley C, Kim DW, Blackshaw S, Placzek M, Place E",Resolving forebrain developmental organisation by analysis of differential growth patterns.,X,X,X,agreement,no_paraphysis_link,"Chick forebrain fate-map/prosomere model; abstract never mentions the roof, dorsal midline or paraphysis; only generic boundary relevance.",ontogeny;molecular,abstract
R627,2025,"Moore S, Stanton-Turcotte D, Witt EA, Iulianella A",Altered epithelial development of the lateral ventricle choroid plexus in Mllt11 mutants.,X,X,X,agreement,no_paraphysis_link,Generic lateral-ventricle choroid plexus (cortical hem-derived) in Mllt11 mutant mouse; no link to the paraphysis region.,histology;molecular,abstract
R628,2025,"Soukup J, Traboulsi E, Lopatova S, Syrucek M, Koblizek M, Hendrych M, Svajdler M, Sichova K, May M, Netuka D","Colloid cysts of the third ventricle show consistent expression of PAX8 but lack other features of thyroid, müllerian or intestinal differentiation.",B,B,B,agreement,context_clinical_histogenesis,"Immunohistochemistry (PAX8+, no thyroid/mullerian/enteric differentiation) of 15 colloid cysts bears on histogenesis needed to weigh the paraphyseal hypothesis; paraphysis not tested.",pathology;histology;molecular,abstract
R629,2025,"Vingert DP, Gonobobleva EL",Paraphysis and epiphysis primordia of the gecko Correlophus ciliatus at different stages of embryonic development,A,A,A,agreement,paraphysis_principal,Gecko Correlophus ciliatus paraphysis and epiphysis primordia described as diencephalic roof evaginations (anterior border); contests classical telencephalic assignment (duplicate of R662).,ontogeny;anatomy;phylogeny;terminology_history,web_snippet
R631,2026,"Babateen EM, AlQassab H, Bahatheq A",Incidentally Detected Colloid Cyst in a Pediatric Patient With Facio-Audio-Symphalangism Syndrome: A Case Report.,X,X,X,agreement,general_clinical,Pediatric incidental colloid cyst case in a syndromic patient; no histogenesis or paraphyseal data.,pathology,abstract
R632,2026,"Heshami N, Romero RD, de Souza FSJ, Bertolesi GE, McFarlane S",Pinopsin Regulates Melatonin Production and Daily Locomotor Activity: Functional Insights From Gene-Edited Xenopus Tadpoles.,X,X,X,agreement,no_paraphysis_link,"Pinopsin knockout in Xenopus pineal physiology; pineal only, no paraphysis/parapineal-territory data.",physiology;molecular,abstract
R633,2026,"Jin K, Wang X, Su X, Jiang C, Song J, Lin Y",Rare ectopic colloid cyst of the pituitary stalk presenting with short stature and diabetes insipidus.,X,X,X,agreement,general_clinical,"Ectopic pituitary-stalk colloid cyst case report (endoderm-derived by assertion); clinical, no paraphyseal link.",pathology,abstract
R634,2026,"Jo H, Park KH, Shin D",Intracranial colloid cyst in the cerebellopontine angle of a dog: A novel case report and surgical outcome.,X,X,X,agreement,general_clinical,"Canine cerebellopontine-angle colloid cyst case; routine histopathology, no histogenesis analysis or paraphysis reference.",pathology;histology,abstract
R636,2026,"Lavalley A, Bartoli A",Spontaneous regression of a large lateral ventricle cyst: illustrative case.,X,X,X,agreement,general_clinical,Lateral-ventricle colloid cyst regression case; calls to reconsider embryological origin but PubMed abstract never mentions paraphysis or analyses histogenesis (full abstract checked).,pathology;ontogeny,abstract
R637,2026,"Nagar N, Singi Y, Kaur G, Dabhi D, M G A, Jain J",Fatal colloid cyst of the foramen of Monro: A forensic case report.,X,X,X,agreement,general_clinical,Forensic fatal colloid cyst case with standard histology; no paraphyseal or histogenesis discussion.,pathology;histology,abstract
R638,2026,"Parichha A, Azzam P, Causeret F, Pal S, Grove EA, Louvi A, Pierani A, Tole S",Cortical hem-like progenitors contribute pyramidal neurons to the neocortex and hippocampus.,X,X,X,agreement,no_paraphysis_link,"Cortical hem lineage tracing (Cajal-Retzius, hippocampal pyramidal neurons, ChP); generic hem paper never relating to the paraphysis region.",molecular;ontogeny,abstract
R639,2026,"Pattankar S, Hari S, Misra BK",Management of Anterior Third Ventricular Tumors: A Comprehensive Review and Clinical Experience.,X,X,X,agreement,general_clinical,"Neurosurgical management review of anterior third-ventricle tumours; clinical focus, no histogenesis/paraphysis content in abstract.",pathology,abstract
R640,2026,"Peng P, Zeng Y, Guo Z, Wang C",Case Report: Giant acute hemorrhagic colloid cyst in the septum pellucidum-foramen of Monro region with obstructive hydrocephalus in an 8-month-old infant.,X,X,X,agreement,general_clinical,Infant haemorrhagic colloid cyst case report; only labels cyst neuroepithelial in passing.,pathology,abstract
R641,2026,"Singh A, Parichha A, Datta D, Chatterjee M, Tole S",Cajal-Retzius fate specification is disrupted by constitutive activation of β-Catenin in hem progenitors.,X,X,X,agreement,no_paraphysis_link,Cortical hem beta-catenin / Cajal-Retzius specification in mouse; no paraphysis data or region link.,molecular;ontogeny,abstract
R642,2026,"Wen J, Griffith OW","Post-Oviposition Embryonic Staging Scheme for the Delicate Skink, Lampropholis delicata.",X,X,X,agreement,no_paraphysis_link,"Skink embryonic staging table; only notes pineal timing, no paraphysis data.",ontogeny,abstract
R644,0,,,A,A,A,agreement,paraphysis_principal,"Adult rainbow-trout (Salmo gairdneri) paraphysis cerebri: part of the pars impar telencephali; epithelium with zonulae occludentes, fenestrated sinusoids, CSF-regulation role proposed; bibliographic details missing.",anatomy;histology;phylogeny;physiology,web_snippet
R645,0,"坂田 一記, 山田 弘, 星野 睦夫, 今村 健, 松井 順吾, 高橋 親彦",第3脳室上衣嚢胞について—1手術例の報告と文献的検討,U,U,X,adjudicated,insufficient_info,"Japanese single operated case of third-ventricle ependymal cyst with literature review; metadata only, title does not name the paraphysis or paraphyseal cyst and no abstract seen. Treated as a clinical case series without verifiable histogenesis content (abstract/text would show whether paraphyseal origin is discussed).",clinical,metadata_only
R646,0,,Circumventricular Organs - Cerebrospinal Fluid Spaces,X,X,X,agreement,no_paraphysis_link,Secondary study-aid page of unknown provenance with a single passing remark that the paraphysis is transient in embryos; no substantive data.,anatomy;ontogeny,web_snippet
R647,0,,Ependymal and Paraphyseal Cysts,A,A,A,agreement,clinical_origin,"Title names paraphyseal cysts (Ependymal and Paraphyseal Cysts, Springer chapter); content unverified (metadata only).",pathology;terminology_history,metadata_only
R648,0,,Epiphyse und Paraphyse im Lebenscyclus der Anuren,A,A,A,agreement,paraphysis_data,Title names the paraphysis (Epiphyse und Paraphyse im Lebenscyclus der Anuren: anuran life-cycle study); content unverified (metadata only).,histology;ontogeny;physiology,metadata_only
R649,0,,"Non-neoplastic Cystic Lesions of the Central Nervous System, Part 1: Developmental Cysts",A,A,A,agreement,clinical_origin,"Radiology review explicitly states colloid cysts arise from abnormal folding of the neuroepithelial paraphysis; a stated paraphyseal-origin account, web snippet only.",pathology;ontogeny,web_snippet
R650,0,,Roof plate and IIIrd ventricle (diencephalon development module),B,B,B,agreement,context_embryology,"Human embryology module on roof plate/third ventricle: states paraphysis diverticulum arises sometimes above foramina of Monro in humans, constant in lower vertebrates; locates the paraphysis in human ontogeny.",anatomy;ontogeny;phylogeny,web_snippet
R651,0,,Telencephalon impar,X,B,B,adjudicated,context_embryology,"Lexicon definition of telencephalon impar: median, non-evaginated telencephalon around the interventricular foramen in the former roof and floor plate territory, i.e. the region that locates the paraphysis (ontogeny/anatomy/terminology). Paraphysis is not named and the source is tertiary (cites Sobotta), so a necessary-context definition only.",ontogeny;anatomy;terminology,web_snippet
R652,0,,Telencephalon (Lexikon der Neurowissenschaft),X,X,X,agreement,no_paraphysis_link,Lexicon entry on telencephalon impar/medial pallium; no mention of the paraphysis; tertiary source.,anatomy;terminology_history,web_snippet
R653,0,Cameron J,"On the origin of the pineal body as an amesial structure, deduced from the study of its development in Amphibia",X,X,X,agreement,no_paraphysis_link,"Cameron on pineal origin in Amphibia; title concerns the pineal only, metadata only, no evidence of paraphysis content.",ontogeny;terminology_history,metadata_only
R654,0,Francotte P,Récherches sur le dévéloppement de L'épiphyse,U,U,A,adjudicated,historical,"Classical (1888) development-of-the-epiphysis paper; Dexter 1902 credits Francotte with first identifying the paraphysis in a 12-week human embryo and with holding that it occurs in all vertebrate embryos, and the paper is listed in Warren's 1905 paraphysis/pineal-region bibliography. Included as historical record; content unverified (metadata only) and the exact carrying paper rests on Dexter's attribution.",ontogeny;phylogeny;terminology,metadata_only
R655,0,Gupta; Shrivastava,Studies on the Functional Morphology and Anatomy of the Central Nervous System of Xenentodon cancila (Ham.) including its Histology 1. The Brain,A,A,A,agreement,paraphysis_data,"Needlefish Xenentodon cancila brain: diencephalic roof shows some indication (trace) of a paraphysis, parapineal absent; minor but original presence/absence datum for teleost distribution.",anatomy;phylogeny,web_snippet
R656,0,Herring PT,THE PINEAL REGION OF THE MAMMALIAN BRAIN: ITS MORPHOLOGY AND HISTOLOGY IN RELATION TO FUNCTION,B,B,B,agreement,context_anatomy,"Herring (1927, year unconfirmed): describes dorsal sac and velum transversum giving rise to choroid plexuses and states paraphysis (glandular in lower vertebrates) is not represented in placental mammals; bears on anatomy/phylogeny of the paraphysis region.",anatomy;histology;phylogeny;terminology_history,abstract
R657,0,Kuhlenbeck H,"The Central Nervous System of Vertebrates, vol. 5, pt. 1: Derivatives of the prosencephalon: diencephalon and telencephalon",U,U,X,adjudicated,insufficient_info,"Metadata-only catalogue entry for a multi-volume comparative treatise (diencephalon and telencephalon derivatives); no evidence it treats the paraphysis, and no independent link to the paraphysis literature. Excluded rather than rewarding the treatise's stature (index/ToC check for paraphysis, dorsal sac, telencephalon impar would resolve).",anatomy;phylogeny,metadata_only
R658,0,Minot CS,"On the morphology of the pineal region, based upon its development in Acanthias",A,A,A,agreement,historical,"Minot's classic Acanthias pineal-region study, cited by Warren 1905 and Dexter 1902 for early paraphysis records; content secondhand, metadata only.",anatomy;ontogeny;phylogeny;terminology_history,metadata_only
R659,0,Roofe PG,The histology of the paraphysis of Amblystoma,A,A,A,agreement,paraphysis_principal,"Roofe, histology of the paraphysis of Amblystoma: ependymal paraphyseal tubules opening by common mouth into third ventricle, venous sinusoid rete, mitochondria; year unconfirmed.",anatomy;histology,abstract
R660,0,"Rouvière H, Delmas V","Anatomía humana: descriptiva, topográfica y funcional (Rouvière; Delmas)",X,X,X,agreement,no_paraphysis_link,"Spanish edition of Rouviere's anatomy textbook; catalogue record only, no paraphysis passage identified.",anatomy,metadata_only
R661,0,Studenicka FCh [as printed; = Studnicka],Beiträge zur Anatomie und Entwicklungsgeschichte des Vorderhirns der Cranioten,U,U,B,adjudicated,context_embryology,"Classical comparative anatomy and development of the craniate forebrain (Studnicka), cited in Warren's 1905 bibliography on paraphysis and pineal region development; needed for ontogeny/homology of the telencephalic roof and median telencephalon in which the paraphysis arises. Content unverified (metadata only), so B not A.",ontogeny;anatomy;phylogeny,metadata_only
R662,0,"Vingert DP, Gonobobleva EL",Paraphysis and epiphysis primordia of the gecko Correlophus ciliatus at different stages of embryonic development,A,A,A,agreement,paraphysis_principal,"Gecko paraphysis and epiphysis primordia as diencephalic roof evaginations (anterior and posterior borders); contrasts classical telencephalic placement (duplicate of R629, journal/year missing).",anatomy;ontogeny;phylogeny,web_snippet
R663,0,Wilder BG,"The dorsal sack, the aulix and the diencephalic flexure",B,B,B,agreement,context_anatomy,"Wilder: dorsal sack defined as a diatelar pouch between epiphysis and paraphysis (large in Ceratodus, Polyodon); terminology/homology of the dorsal sac locating the paraphysis; year unconfirmed.",anatomy;phylogeny;terminology_history,fulltext
